Kildeside (Fil),Ankertekst,Mål-URL
404.html,Læs resten af artiklerne,/blog/
_includes/calculator/calculate-bmi.html,beregner til BMI for børn,/bmi-beregner-boern-unge-teenagere/
_includes/calculator/calculate-bmi.html,beregner til BMI for voksne kvinder og mænd,/bmi/
_posts/2020-11-22-inol.md,one rep max,/rm-beregner/
_posts/2020-11-22-inol.md,RPE-tabel til styrketræning,/rpe/
_posts/2020-11-22-inol.md,Prilepins tabel,/prilepins-tabel/
_posts/2020-01-17-test-jump-sargent.md,Jump & Reach Test,/jump-reach/
_posts/2020-01-17-test-jump-sargent.md,CMJ & Squat Jump,/countermovement-jump-cmj-squat-jump-sj/
_posts/2020-01-17-test-jump-sargent.md,Oversigt over alle springtests,/springtests-hoppehoejde/
_posts/2020-01-17-test-jump-sargent.md,springtræning og eksplosivitet,/springtraening/
_posts/2020-01-17-test-jump-sargent.md,Jump & Reach-testen med en Vertec,/jump-reach/
_posts/2025-02-20-laboratorie-incremental-submax-ramp-maxtest-cykling.md,teori om iltoptagelsestests,/iltoptagelse-laboratorietest/
_posts/2025-02-20-laboratorie-incremental-submax-ramp-maxtest-cykling.md,Alle kritierer for en godkendt VO2max test,/kriterier-maksimal-iltoptagelsestest/
_posts/2025-02-20-iltoptagelsestest-loebebaand.md,fysiologiske teori bag en iltoptagelsestest,/iltoptagelse-laboratorietest/
_posts/2025-02-20-iltoptagelsestest-loebebaand.md,respiratoriske udvekslingskvotient (RER),/respiratoriske-metaboliske-udvekslingskvotient/
_posts/2025-02-20-iltoptagelsestest-loebebaand.md,respiratoriske udvekslingskvotient (RER),/respiratoriske-metaboliske-udvekslingskvotient/
_posts/2025-02-20-iltoptagelsestest-loebebaand.md,Se protokollen for laktat-trappetest og beregn din kurve her →,/laktattest/
_posts/2025-02-20-iltoptagelsestest-loebebaand.md,Laktatberegner til LT1 & LT2 →,/laktattest/#calculator
_posts/2025-02-20-iltoptagelsestest-loebebaand.md,Se alle 6 kriterier for en godkendt VO2max test →,/kriterier-maksimal-iltoptagelsestest/
_posts/2025-02-20-iltoptagelsestest-loebebaand.md,Gå i dybden med alle 6 kriterier for en godkendt VO2max-test →,/kriterier-maksimal-iltoptagelsestest/
_posts/2025-02-20-iltoptagelsestest-loebebaand.md,Direkte iltoptagelse i laboratorium,/iltoptagelse-laboratorietest/
_posts/2025-02-20-iltoptagelsestest-loebebaand.md,Laktattest & blodlaktat guide,/laktattest/
_posts/2025-02-20-iltoptagelsestest-loebebaand.md,Kriterier for VO2max test,/kriterier-maksimal-iltoptagelsestest/
_posts/2025-02-20-iltoptagelsestest-loebebaand.md,Indirekte konditionstests,/tests/loeb/
_posts/2022-07-21-discgolf-baner.md,spille discgolf,/discgolf/
_posts/2022-07-21-discgolf-baner.md,lokale regler for handicap på banen,/discgolf-handicap/
_posts/2022-07-21-discgolf-baner.md,hvordan du vælger en golfdisc til begyndere,/golfdisc-til-discgolf/
_posts/2022-07-21-discgolf-baner.md,teknik du skal kaste golfdiscen med,/discgolf-teknik/
_posts/2022-07-21-discgolf-baner.md,discgolf apps,/discgolf-apps/
_posts/2026-08-02-return-to-sport.md,Se guiden og beregn dit LSI med Hoptest-batteriet her,/hoptest-batteriet/
_posts/2026-08-02-return-to-sport.md,Lær at analysere din landingsteknik med LESS-testen,/less-test/
_posts/2026-08-02-return-to-sport.md,Y-Balance Test,/y-balance-test/
_posts/2026-08-02-return-to-sport.md,Enkeltbensstand & Stork Test,/enkeltbensstand-stork-test/
_posts/2026-08-02-return-to-sport.md,Se alle balancetests,/balance-tests/
_posts/2026-08-02-return-to-sport.md,Agility T-Test,/t-test-agility/
_posts/2026-08-02-return-to-sport.md,Pro Agility Test (5-10-5 Shuttle Run),/pro-agility-5-10-5-test/
_posts/2026-08-02-return-to-sport.md,Tjek alle retningsskiftstests,/retningsskift-test/
_posts/2026-08-02-return-to-sport.md,Yo-Yo Intermittent Recovery Test (YYIR1 / YYIR2),/yoyo-test/
_posts/2026-08-02-return-to-sport.md,Bip-test (20m Shuttle Run),/bip-test/
_posts/2026-08-02-return-to-sport.md,Hoptest-batteriet,/hoptest-batteriet/
_posts/2026-08-02-return-to-sport.md,LESS-testen,/less-test/
_posts/2026-08-02-return-to-sport.md,Y-Balance Test,/y-balance-test/
_posts/2026-08-02-return-to-sport.md,Enkeltbensstand & Stork Test,/enkeltbensstand-stork-test/
_posts/2026-08-02-return-to-sport.md,Springtests & Hoppehøjde,/springtests-hoppehoejde/
_posts/2026-08-02-return-to-sport.md,Smidighedstests,/smidighedstests/
_posts/2026-08-02-return-to-sport.md,Modified Sit & Reach,/smidighedstest/
_posts/2026-08-02-return-to-sport.md,Bip-test & Yo-Yo Test,/bip-test/
_posts/2026-08-02-return-to-sport.md,Hoptest-batteriet,/hoptest-batteriet/
_posts/2026-08-02-return-to-sport.md,LESS-testen,/less-test/
_posts/2026-08-02-return-to-sport.md,Y-Balance Test,/y-balance-test/
_posts/2019-10-31-bmi.md,BMI-beregner for børn og unge,/bmi-beregner-boern-unge-teenagere/
_posts/2019-10-31-bmi.md,idealvægt ud fra BMI,/idealvaegt/
_posts/2019-10-31-bmi.md,Gå til vores BMI-beregner for børn og unge,/bmi-beregner-boern-unge-teenagere/
_posts/2019-10-31-bmi.md,retfærdig vurdering af overvægtiges kondition,/kondital-index-23/
_posts/2019-10-31-bmi.md,gennemsnitshøjden for mænd,/hvad-er-gennemsnitshoejden-i-danmark/
_posts/2019-10-31-bmi.md,udregne din idealvægt,/idealvaegt/
_posts/2019-10-31-bmi.md,min beregner til at udregne fedtprocent ud fra højde og vægt,/artikel/udregning-af-fedtprocent/
_posts/2019-10-31-bmi.md,måle din fedtprocent,/maal-fedtprocent/
_posts/2019-10-31-bmi.md,forstå og måle kropskomposition,/kropskomposition/
_posts/2019-10-31-bmi.md,"BMI-beregner til børn, unge og teenagere",/bmi-beregner-boern-unge-teenagere/
_posts/2019-10-31-bmi.md,beregner til beregne fedtprocenten,/artikel/udregning-af-fedtprocent/
_posts/2019-10-31-bmi.md,taljemål og talje-hofte-ratio beregner,/taljemaal/
_posts/2019-10-31-bmi.md,tage på ved træning,/vaegt-stiger-traening/
_posts/2019-10-31-bmi.md,Ponderal Index,/ponderal-index/
_posts/2019-10-31-bmi.md,forskellige taljemål,/taljemaal/
_posts/2019-10-31-bmi.md,forskellige modeller for kropskomposition her,/kropskomposition/
_posts/2019-10-31-bmi.md,vores BMI beregner for mænd og kvinder,/bmi/
_posts/2019-10-31-bmi.md,Ponderal Index beregner,/ponderal-index/
_posts/2022-05-22-svinetraening.md,Naturstyrelsens Naturfitness og træning i naturen,/naturfitness/
_posts/2022-05-22-svinetraening.md,Outdoor Fitness og Dogmefitness og udendørs træning,/artikel/dogmefitness/
_posts/2022-05-22-svinetraening.md,Træning af balance,/balancetraening/
_posts/2022-05-22-svinetraening.md,balanceevne,/balance/
_posts/2022-05-22-svinetraening.md,Naturfitness og træning i naturen,/naturfitness/
_posts/2022-05-22-svinetraening.md,Outdoor Fitness og udendørs træning,/artikel/dogmefitness/
_posts/2022-05-22-svinetraening.md,naturfitness og naturtræning,/naturfitness/
_posts/2022-05-22-svinetraening.md,outdoor fitness og udendørs træning,/artikel/dogmefitness/
_posts/2025-04-11-deload-uge.md,pivot uge,/pivot-uge/
_posts/2022-01-21-powerprofile-cykling.md,6 sekunders sprinttest,/6sek/
_posts/2022-01-21-powerprofile-cykling.md,30 sekunders Wingate-test,/wingate/
_posts/2022-01-21-powerprofile-cykling.md,Watt-max-test,/kondital-wattmax/
_posts/2022-01-21-powerprofile-cykling.md,Trappetest,/trappetest-cykel/
_posts/2022-01-21-powerprofile-cykling.md,FTP-test,/ftp-test/
_posts/2022-01-21-powerprofile-cykling.md,functional threshold power (FTP),/ftp-cykling/
_posts/2021-08-24-loeberuter.md,optimale ud af din løbetur,/loebetur/
_posts/2021-08-24-loeberuter.md,forskellige ruteopmålere til løberuter,/ruteopmaaler-loebetur/
_posts/2021-08-24-loeberuter.md,udregne dit kondital ud fra din tid og distance,/kondital-loeb-distance-tid/
_posts/2021-08-24-loeberuter.md,løbe intervalløb,/intervallob-intervaltraening/
_posts/2021-08-24-loeberuter.md,løbeformer og hvordan du laver et løbeprogram,/guide-til-loebeprogram/
_posts/2020-10-24-hvor-meget-protein.md,træning og ernæring i 40'erne og 50'erne,/traening-40-plus/
_posts/2020-10-24-hvor-meget-protein.md,tabel med proteinindhold i almindelige fødevarer,/protein-i-madvarer/
_posts/2022-07-28-discgolf-handicap.md,"guide til at
    vælge disc",/golfdisc-til-discgolf/
_posts/2022-07-28-discgolf-handicap.md,discgolf,/discgolf/
_posts/2022-07-28-discgolf-handicap.md,mange discgolf baner,/discgolf-baner/
_posts/2022-07-28-discgolf-handicap.md,discgolf app,/discgolf-apps/
_posts/2022-07-28-discgolf-handicap.md,teknik til discgolf,/discgolf-teknik/
_posts/2026-08-20-traeningsbelastning.md,Læs vores dybdegående guide til TSS og prøv den interaktive Multi-Sport beregner her →,/tss-training-stress-score/
_posts/2026-08-20-traeningsbelastning.md,Brug vores dedikerede ACWR-beregner til at tjekke din personlige skadesrisiko her →,/acwr-beregner/
_posts/2021-03-18-starting-strength.md,helkropsprogram,/styrketraening/helkropsprogrammer/
_posts/2021-03-18-starting-strength.md,andre træningsprogrammer til styrketræning,/styrketraeningsprogrammer/
_posts/2021-03-18-starting-strength.md,Texas Method,/texas-method/
_posts/2021-03-18-starting-strength.md,teknik i styrketræning,/rigtig-teknik-styrketraening/
_posts/2021-03-18-starting-strength.md,chinups,/chinup-vs-pullup/
_posts/2021-03-18-starting-strength.md,restitution og restititionstid,/restitution/
_posts/2021-03-18-starting-strength.md,"hvor meget protein, du har brug for",/dagligt-protein-indtagelse/
_posts/2021-03-18-starting-strength.md,Texas Method,/texas-method/
_posts/2021-03-18-starting-strength.md,andre styrketræningsprogrammer,/styrketraeningsprogrammer/
_posts/2021-03-18-starting-strength.md,citater om styrketræning,/citater-traening-motivation/
_posts/2021-03-18-starting-strength.md,Ivysaurs 4-4-8,/styrketraening/ivysaur-4-4-8/
_posts/2021-03-18-starting-strength.md,styrketræningsprogrammer,/styrketraeningsprogrammer/
_posts/2021-03-18-starting-strength.md,Liftosaur-appen,/liftosaur/
_posts/2019-11-19-styrkeloft-squat.md,store squat guide,/squat/
_posts/2019-11-19-styrkeloft-squat.md,retningslinjer for styrkeløft,/powerlifting-rules/
_posts/2019-11-19-styrkeloft-squat.md,Alt om bælter til styrketræning,/baelte-styrketraening/
_posts/2019-11-19-styrkeloft-squat.md,Sådan vælger du dine forsøg til styrkeløft,/styrkeloeft-vaelg-forsoeg/
_posts/2019-11-19-styrkeloft-squat.md,forberede dig til et maxløft eller en 1RM-maxtest,/pap-post-activation-potentiation-1rm-maxtest/
_posts/2019-11-19-styrkeloft-squat.md,styrkeløft guide her,/styrkeloeft/
_posts/2019-11-19-styrkeloft-squat.md,store squat-guide,/squat/
_posts/2019-11-19-styrkeloft-squat.md,back squat,/oevelse/back-squat/
_posts/2024-08-12-temperaturregulering-menneskekroppen.md,dit hvilestofskifte,/bmr-beregner/
_posts/2024-08-12-temperaturregulering-menneskekroppen.md,varmeakklimatisering,/varmeakklimatisering-traening-i-varmen/
_posts/2025-04-14-tfw-upper-lower.md,styrketræningsprogrammer,/styrketraeningsprogrammer/
_posts/2025-04-14-tfw-upper-lower.md,Liftosaur-appen,/liftosaur/
_posts/2026-08-07-cardiovascular-drift.md,Zone 2-tempo,/zone-2-traening/
_posts/2026-08-07-cardiovascular-drift.md,muskelglykogen,/kulhydrater-opbygning/
_posts/2020-06-18-borg-skala.md,Borg 15 Cykelergometertest & Beregner,/kondital-borg15/
_posts/2020-06-18-borg-skala.md,komplette RPE-guide og RPE-beregner til styrketræning her →,/rpe/
_posts/2020-06-18-borg-skala.md,hvilepulsen,/hvilepuls/
_posts/2020-06-18-borg-skala.md,maxpulsen,/test-max-puls/
_posts/2020-06-18-borg-skala.md,teste din maksimale puls,/test-max-puls/
_posts/2020-06-18-borg-skala.md,Watt-max-test,/kondital-wattmax/
_posts/2020-06-18-borg-skala.md,rigtige pulszoner,/pulszoner-beregner/
_posts/2020-06-18-borg-skala.md,RPE-skalaen til styrketræning her,/rpe/
_posts/2020-06-18-borg-skala.md,<i class='fas fa-file-pdf'></i> Download vandret version,/assets/pdf/borg-skala-vandret.pdf
_posts/2020-06-18-borg-skala.md,RPE-skalaen til styrketræning her,/rpe/
_posts/2020-06-18-borg-skala.md,Borg 15 cykelergometertest,/kondital-borg15/
_posts/2021-11-19-vertical-jump-forces.md,Fysikkens love og det horisontale spring,/fysik-horisontalt-hop/
_posts/2021-11-19-vertical-jump-forces.md,artikler om biomekanik,/biomekanik/
_posts/2021-08-23-opvarmning.md,"Opvarmning til Styrketræning: valg af vægt, mobilitet og ramp-up",/opvarmning-styrketraening/
_posts/2021-08-23-opvarmning.md,"Opvarmning til Løb: Dynamiske øvelser, kadence og stigningsløb",/opvarmning-loeb/
_posts/2021-08-23-opvarmning.md,Opvarmning til Cykling: Fra landevej til intetanende Zwift-ræs,/opvarmning-cykling/
_posts/2021-08-23-opvarmning.md,Politiets opvarmning til den fysiske prøve,/politiets-fysiske-test/opvarmning/
_posts/2021-08-23-opvarmning.md,Opvarmning til Idræt: Lege og reaktive øvelser til undervisning,/opvarmning-idraet/
_posts/2021-08-23-opvarmning.md,FIFA 11+ Programmet,/fifa-11-plus/
_posts/2021-08-23-opvarmning.md,PEP Programmet,/pep-program/
_posts/2021-08-23-opvarmning.md,Opvarmning til 1RM-Maxtest & PAP,/pap-post-activation-potentiation-1rm-maxtest/
_posts/2021-08-23-opvarmning.md,RAMP-modellen,/ramp-opvarmning/
_posts/2021-11-12-abq.md,Test for Træningsafhængighed (EAI),/traeningsafhaengighed/
_posts/2021-11-12-abq.md,WHO-5 Trivselsindeks,/who5-trivselindekset/
_posts/2021-11-12-abq.md,Anerkendt Stresstest (PSS-10),/stress-test/
_posts/2019-11-18-6-sek-sprint.md,Wingate-test,/wingate/
_posts/2019-11-18-6-sek-sprint.md,Wingate 30 sekunders test,/wingate/
_posts/2022-09-07-hiit-aktiv-passiv-pause.md,Høj-intensiv interval træning (HIIT),/hiit/
_posts/2022-09-07-hiit-aktiv-passiv-pause.md,intervaltræning,/intervaltraening/
_posts/2022-09-07-hiit-aktiv-passiv-pause.md,HIIT-træning,/hiit/
_posts/2022-09-07-hiit-aktiv-passiv-pause.md,Hvad er HIIT-træningsprogrammer,/hvad-er-hiit-traeningsprogrammer/
_posts/2022-09-07-hiit-aktiv-passiv-pause.md,Alt om intervalløb,/intervallob-intervaltraening/
_posts/2010-12-26-ropro-traeningsprogrammer-til-ro-og-kajaksporten.md,Borg-skala / RPE-skalaen,/borg-skala/
_posts/2010-12-26-ropro-traeningsprogrammer-til-ro-og-kajaksporten.md,anaerob træning,/anaerob-traening/
_posts/2010-12-26-ropro-traeningsprogrammer-til-ro-og-kajaksporten.md,mælkesyre,/maelkesyre-traening/
_posts/2010-12-26-ropro-traeningsprogrammer-til-ro-og-kajaksporten.md,intervaller,/intervaltraening/
_posts/2010-12-26-ropro-traeningsprogrammer-til-ro-og-kajaksporten.md,kondital på romaskine,/kondital-roning/
_posts/2025-02-20-vo2max-test-kriterier.md,Læs alt om hvordan en direkte iltoptagelsestest afvikles i laboratoriet →,/iltoptagelse-laboratorietest/
_posts/2025-02-20-vo2max-test-kriterier.md,respiratoriske udvekslingskvotient,/respiratoriske-metaboliske-udvekslingskvotient/
_posts/2025-02-20-vo2max-test-kriterier.md,Her kan du beregne din maksimale puls.,/max-puls-beregner/
_posts/2021-01-25-hvor-mange-muskler.md,helt grundlæggende ikke forskel på selve opbygningen af mænds og kvinders muskler,/maend-kvinder-muskler/
_posts/2021-01-25-hvor-mange-muskler.md,kroppens største og mindste muskler →,/stoerste-og-mindste-muskel-i-kroppen/
_posts/2021-01-25-hvor-mange-muskler.md,hvordan muskler trækker sig sammen,/muskelsammentraekning/
_posts/2021-01-25-hvor-mange-muskler.md,muskeloversigt over kroppens vigtigste muskelgrupper,/muskler/
_posts/2021-01-25-hvor-mange-muskler.md,hvor mange knogler menneskekroppen har,/hvor-mange-knogler-har-mennesket/
_posts/2009-07-10-traener-du-grebsstyrke.md,Greb på vægtstang,/assets/images/bodylab.dk/starkere_greb_1-4230d433.jpg
_posts/2009-07-10-traener-du-grebsstyrke.md,Captain of crunch,/assets/images/bodylab.dk/starkere_greb_2-a4c3002d.jpg
_posts/2009-07-10-traener-du-grebsstyrke.md,De 5 vigtigste træningsprincipper,/traeningsprincipper/
_posts/2009-07-10-traener-du-grebsstyrke.md,Citat element,/assets/images/bodylab.dk/citat_element_blaa-c204632d.jpg
_posts/2009-07-10-traener-du-grebsstyrke.md,![,/assets/images/bodylab.dk/1080x429-efee3ed2.jpg
_posts/2026-08-05-sitko-test.md,20-minutters FTP-test,/ftp-test/
_posts/2026-08-05-sitko-test.md,Watt Max test (Ramp-test),/kondital-wattmax/
_posts/2022-08-08-roning-trappetest.md,kondital,/kondital/
_posts/2022-08-08-roning-trappetest.md,2000 meter testen til roning,/kondital-roning/
_posts/2022-08-08-roning-trappetest.md,intervaller til romaskinen,/artikel/traeningsprogrammer-intervaller-roning/
_posts/2022-08-08-roning-trappetest.md,Læs alt om 2000-meter testen og beregn kondital her,/kondital-roning/
_posts/2025-07-21-couzens-kcal.md,Energiforbrug ved træning – hvor mange kalorier bruger du?,/beregn-bevaegelsesokonomi-effektivitet/
_posts/2025-07-21-couzens-kcal.md,Træningsprincipper: 10 grundlæggende regler,/traeningsprincipper/
_posts/2021-11-10-who5-trivsel.md,PHQ-9 Depressionstest,/phq-9-depression-test/
_posts/2021-11-10-who5-trivsel.md,Anerkendte Stresstest (PSS-10),/stress-test/
_posts/2021-11-10-who5-trivsel.md,Test for Træningsafhængighed (EAI),/traeningsafhaengighed/
_posts/2019-12-05-hastighed-pace-tabeller.md,hastighedsberegner,/hastighed/
_posts/2019-12-05-hastighed-pace-tabeller.md,vores samlede guide om hastighed og tempo →,/hastighed/
_posts/2019-12-05-hastighed-pace-tabeller.md,Jack Daniels løbeberegner,/loebesiden-jack-daniels-loebeberegner/
_posts/2019-12-05-hastighed-pace-tabeller.md,"⚡ Gå til den samlede hastighedsberegner (km/t, pace, tid & distance) →",/hastighed/
_posts/2019-12-05-hastighed-pace-tabeller.md,⏱️ Beregn forventede konkurrencetider ud fra din løbe →,/loebesiden-jack-daniels-loebeberegner/
_posts/2019-12-05-hastighed-pace-tabeller.md,🚶‍♂️ Se hvor lang tid det tager at gå en bestemt distance →,/tid-at-gaa/
_posts/2025-04-14-sheiko.md,gennemarbejdede standardprogrammer til styrketræning,/styrketraeningsprogrammer/
_posts/2021-11-08-spiseforstyrrelse.md,Test for Træningsafhængighed (EAI),/traeningsafhaengighed/
_posts/2021-11-08-spiseforstyrrelse.md,WHO-5 test af trivsel,/who5-trivselindekset/
_posts/2025-04-14-bill-starr-5x5.md,Starting Strength,/starting-strength-styrketraeningsprogram/
_posts/2025-04-14-bill-starr-5x5.md,lange liste med styrketræningsprogrammer,/styrketraeningsprogrammer/
_posts/2025-04-14-bill-starr-5x5.md,Stronglifts 5x5,/stronglifts-5x5/
_posts/2025-04-14-bill-starr-5x5.md,Madcow 5x5,/madcow-5x5/
_posts/2025-04-14-bill-starr-5x5.md,Texas Method,/texas-method/
_posts/2025-04-14-bill-starr-5x5.md,Liftosaur-appen,/liftosaur/
_posts/2022-07-27-discgolf-teknik.md,"guide til at
    vælge disc",/golfdisc-til-discgolf/
_posts/2022-07-27-discgolf-teknik.md,danske discgolfbaner,/discgolf-baner/
_posts/2022-07-27-discgolf-teknik.md,forskellige golfdiscs til discgolf,/golfdisc-til-discgolf/
_posts/2022-07-27-discgolf-teknik.md,guide til discgolf,/discgolf/
_posts/2022-07-27-discgolf-teknik.md,skader i discgolf,/program/discgolf-skade-prehab/
_posts/2022-07-27-discgolf-teknik.md,stabiliteten indvirker på en golfdiscs svævebane,/golfdisc-til-discgolf/
_posts/2022-07-27-discgolf-teknik.md,discgolf-handicap,/discgolf-handicap/
_posts/2022-07-27-discgolf-teknik.md,valgt dine frisbees til discgolf,/golfdisc-til-discgolf/
_posts/2022-07-27-discgolf-teknik.md,apps til discgolf,/discgolf-apps/
_posts/2026-08-17-storrelsesguide-sportssko.md,bedste sko til Crossfit,/sko-crossfit/
_posts/2026-08-17-storrelsesguide-sportssko.md,styrketræningssko,/sko-styrketraening-fitness/
_posts/2022-10-24-udstyr-virtuel-cykling.md,Zwift,/komplet-begynderguide-zwift/
_posts/2022-10-24-udstyr-virtuel-cykling.md,MyWhoosh,/mywhoosh-cycling/
_posts/2022-10-24-udstyr-virtuel-cykling.md,BKOOL,/bkool-begynderguide/
_posts/2022-10-24-udstyr-virtuel-cykling.md,Rouvy,/rouvy/
_posts/2022-10-24-udstyr-virtuel-cykling.md,hometrainer-apps,/hometrainer-apps/
_posts/2022-10-24-udstyr-virtuel-cykling.md,MyWhoosh,/mywhoosh-cycling/
_posts/2022-10-24-udstyr-virtuel-cykling.md,træningszoner,/traeningszoner/
_posts/2022-10-24-udstyr-virtuel-cykling.md,Sammenligning: De 4 Bedste Hometrainer Apps,/hometrainer-apps/
_posts/2022-10-24-udstyr-virtuel-cykling.md,Komplet begynderguide til Zwift,/komplet-begynderguide-zwift/
_posts/2022-10-24-udstyr-virtuel-cykling.md,Guide til det gratis MyWhoosh Cycling,/mywhoosh-cycling/
_posts/2022-10-24-udstyr-virtuel-cykling.md,Kom godt i gang med BKOOL Cycling,/bkool-begynderguide/
_posts/2022-10-24-udstyr-virtuel-cykling.md,Komplet begynderguide til Rouvy,/rouvy/
_posts/2022-01-02-kipchoge-challenge.md,løbebånd,/guide-loebebaand/
_posts/2022-01-02-kipchoge-challenge.md,hastighed i vores paceberegner,/hastighed/
_posts/2022-01-02-kipchoge-challenge.md,din løbeteknik,/loebeteknik/
_posts/2022-01-02-kipchoge-challenge.md,intervalløb,/intervallob-intervaltraening/
_posts/2022-01-02-kipchoge-challenge.md,intervaltræning,/intervaltraening/
_posts/2021-04-24-programlaegning.md,forskellen på mænd og kvinders muskler,/maend-kvinder-muskler/
_posts/2021-04-24-programlaegning.md,en deload uge,/deload-uge/
_posts/2021-04-24-programlaegning.md,superkompensation,/superkompensation/
_posts/2021-04-24-programlaegning.md,Alt om progressionsmodeller,/progressionsmodeller-progressivt-overload/
_posts/2020-04-16-smr-lacrosse-bolde.md,Smidighedstræning – Den fysiologiske guide til bedre mobilitet,/smidighedstraening/
_posts/2020-04-16-smr-lacrosse-bolde.md,Virker foamrolling? Videnskaben om muskeltonus og myter,/virker-foamrolling/
_posts/2020-04-16-smr-lacrosse-bolde.md,Foamroller – Guide og 10+ øvelser med foam roller,/foamrolling/
_posts/2020-04-16-smr-lacrosse-bolde.md,Udstrækningsøvelser – 22+ stræk for hele kroppen,/udstraekning-udspaending/
_posts/2021-08-24-loebetur.md,guide til opvarmning til løb,/opvarmning-loeb/
_posts/2021-08-24-loebetur.md,hurtigere løbekadence,/gennemsnitlige-skridtlaengde-kadence-loeb/
_posts/2021-08-24-loebetur.md,løbeteknik og løbestil,/loebeteknik/
_posts/2021-08-24-loebetur.md,effektivt løbeprogram,/artikel/det-mest-effektive-loebeprogram-til-forbedre-din-praestation/
_posts/2021-08-24-loebetur.md,løbe intervaller,/intervallob-intervaltraening/
_posts/2021-08-24-loebetur.md,løbeformer og hvordan du laver et løbeprogram,/guide-til-loebeprogram/
_posts/2021-08-24-loebetur.md,ideelle løberute,/loeberuter/
_posts/2021-08-24-loebetur.md,effektive styrkeøvelser med kropsvægt til benene,/skadesforebyggelse-skadesforebyggende-traening/
_posts/2021-08-24-loebetur.md,undgår sidestik her,/undgaa-sidestik/
_posts/2021-08-24-loebetur.md,vælge musik til træning,/artikel/musik-til-traeningen/
_posts/2020-07-24-met.md,MET-beregner,/met-beregner/
_posts/2020-07-24-met.md,kalorie,/hvad-er-kalorier/
_posts/2020-07-24-met.md,hvor mange kalorier du forbrænder ved gang,/forbraending-ved-gaa-gang/
_posts/2020-07-24-met.md,udregne det daglige energibehov baseret på fysisk aktivitet,/ligevaegtsindtag-beregner/
_posts/2020-07-24-met.md,MET-beregner,/met-beregner/
_posts/2026-08-06-sit-to-stand-test.md,Bergs Balanceskala (BBS),/bergs-balanceskala/
_posts/2026-08-06-sit-to-stand-test.md,Timed Up and Go (TUG),/timed-up-and-go-test/
_posts/2026-08-06-sit-to-stand-test.md,6 Minutters Gå-test (6MWT),/gaatest-6min/
_posts/2022-05-23-gaatraening.md,10 fantastiske grunde til at gå en daglig tur,/gang-fordele-ved-at-gaa/
_posts/2020-08-17-politiets-fysiske-8-tal.md,fysiske tests til optagelsesprøven,/politiets-fysiske-tests-krav-optagelsesproeve/
_posts/2020-08-17-politiets-fysiske-8-tal.md,change of direction-test,/retningsskift-test/
_posts/2020-08-17-politiets-fysiske-8-tal.md,optagelsesprøven for politibetjente,/politiets-optagelsesproeve/
_posts/2020-08-17-politiets-fysiske-8-tal.md,træningstips til politiøvelserne,/politiets-fysiske-tests-krav-optagelsesproeve/
_posts/2021-03-30-hoftemuskler.md,Squats,/squat/
_posts/2021-03-30-hoftemuskler.md,lunges,/lunges/
_posts/2021-03-30-hoftemuskler.md,hip thrusts,/oevelse/hip-thrusters/
_posts/2021-03-30-hoftemuskler.md,gode øvelser til hoften,/hoftedominante-oevelser/
_posts/2021-03-30-hoftemuskler.md,forebygge skader,/skadesforebyggelse-skadesforebyggende-traening/
_posts/2021-03-30-hoftemuskler.md,Iliopsoas,/iliopsoas/
_posts/2021-03-30-hoftemuskler.md,Gluteus Maximus,/gluteus-maximus/
_posts/2021-03-30-hoftemuskler.md,Gluteus Medius,/gluteus-medius/
_posts/2021-03-30-hoftemuskler.md,Minimus,/gluteus-minimus/
_posts/2021-03-30-hoftemuskler.md,Adductor Magnus,/adductor-magnus/
_posts/2021-03-30-hoftemuskler.md,liste over alle muskler i kroppen her,/muskler/
_posts/2021-03-30-hoftemuskler.md,anatomien i kroppen,/anatomi/
_posts/2021-03-30-hoftemuskler.md,hoftetræning og øvelser til træning af hoften her,/hoftedominante-oevelser/
_posts/2019-11-19-styrkeloft-baenkpres.md,Bænkpres teknik,/assets/images/i.ytimg.com/maxresdefault-61842227.jpg
_posts/2019-11-19-styrkeloft-baenkpres.md,generelle guide til bænkpres med stang,/oevelse/baenkpres/
_posts/2019-11-19-styrkeloft-baenkpres.md,Sådan vælger du dine forsøg til styrkeløft,/styrkeloeft-vaelg-forsoeg/
_posts/2019-11-19-styrkeloft-baenkpres.md,reglerne til styrkeløft,/powerlifting-rules/
_posts/2019-11-19-styrkeloft-baenkpres.md,Alt om bælter til styrketræning,/baelte-styrketraening/
_posts/2019-11-19-styrkeloft-baenkpres.md,forberede dig til et maxløft eller en 1RM-maxtest,/pap-post-activation-potentiation-1rm-maxtest/
_posts/2019-11-19-styrkeloft-baenkpres.md,komplette guide til styrkeløft,/styrkeloeft/
_posts/2019-11-19-styrkeloft-baenkpres.md,guiden til bænkpres med stang,/oevelse/baenkpres/
_posts/2024-08-04-somatotype.md,Granito Diaz CC BY-SA 4.0 via Commons,/assets/images/commons.wikimedia.org/File_Bodytypes-c5fef80a.jpg
_posts/2024-08-04-somatotype.md,hvordan idræt påvirker kroppen,/sportsgrene-paavirker-kroppen/
_posts/2019-11-04-kondital-index-23.md,"kondition, kredsløb og konditionstræning",/kondition/
_posts/2019-11-04-kondital-index-23.md,oversigt over konditionstests,/kondition/tests/
_posts/2019-11-04-kondital-index-23.md,kondital,/kondital/
_posts/2019-11-04-kondital-index-23.md,beregnet BMI,/bmi/
_posts/2019-11-04-kondital-index-23.md,normalvægtig i forhold til BMI,/bmi/
_posts/2019-11-04-kondital-index-23.md,løbeøkonomi,/lobeokonomi/
_posts/2022-02-09-pulsure.md,løbemålinger og løbedynamik,/loebedynamik-loebemaalinger/
_posts/2022-02-09-pulsure.md,pulszoner,/pulszoner-beregner/
_posts/2022-02-09-pulsure.md,gratis løbe apps,/loebe-apps/
_posts/2022-02-09-pulsure.md,wattmåling i løb,/loeb-watt/
_posts/2022-02-09-pulsure.md,online løbebutikker,/loebebutikker-online/
_posts/2020-12-23-dvitamin.md,magnesium,/magnesium/
_posts/2020-12-23-dvitamin.md,købe kosttilskud på danske webshops,/koeb-kosttilskud-online/
_posts/2020-12-23-dvitamin.md,onlinebutikker til kosttilskud,/koeb-kosttilskud-online/
_posts/2026-08-05-bergs-balancetest.md,Timed Up and Go (TUG) Test,/timed-up-and-go-test/
_posts/2026-08-05-bergs-balancetest.md,6 Minutters Gå-test (6MWT),/gaatest-6min/
_posts/2026-08-05-bergs-balancetest.md,"Rockport 1,6 km Gangtest",/gaatest/
_posts/2022-08-14-varmeakklimatisering.md,hvor meget væske man skal drikke,/hvor-meget-vand-skal-man-drikke-om-dagen/
_posts/2022-08-14-varmeakklimatisering.md,Kroppen består af 50-60% vand,/vand-i-kroppen/
_posts/2022-08-14-varmeakklimatisering.md,gennemsnitsmanden er 181 cm høj,/hvad-er-gennemsnitshoejden-i-danmark/
_posts/2022-08-14-varmeakklimatisering.md,Varmetræning: Hvordan gør du i praksis?,/varmetraening/
_posts/2022-08-14-varmeakklimatisering.md,D-vitamin,/kosttilskud-d-vitamin/
_posts/2020-08-26-anaerobe-taerskel.md,konditionstræning,/konditionstraening/
_posts/2020-08-26-anaerobe-taerskel.md,Musklerne producerer mælkesyre,/maelkesyre-traening/
_posts/2020-08-26-anaerobe-taerskel.md,Alt om den aerobe tærskel,/aerobe-taerskel/
_posts/2020-08-26-anaerobe-taerskel.md,submaksimal test af iltoptagelsen,/iltoptagelse-laboratorietest/
_posts/2020-08-26-anaerobe-taerskel.md,FTPa: Threshold Pace til løb,/ftpa-loeb/
_posts/2020-08-26-anaerobe-taerskel.md,trappetest til cykling,/trappetest-cykel/
_posts/2020-08-26-anaerobe-taerskel.md,FTP og Functional Threshold Power til cykling,/ftp-cykling/
_posts/2020-08-26-anaerobe-taerskel.md,roprogram på en romaskine,/artikel/traeningsprogrammer-intervaller-roning/
_posts/2020-08-26-anaerobe-taerskel.md,Læs guiden til laktattest og prøv laktatberegneren →,/laktattest/
_posts/2020-08-26-anaerobe-taerskel.md,træningszoner,/traeningszoner/
_posts/2020-08-26-anaerobe-taerskel.md,pulszoner på forskellige måder,/pulszoner-beregner/
_posts/2020-08-26-anaerobe-taerskel.md,aerobe tærskel,/aerobe-taerskel/
_posts/2020-08-26-anaerobe-taerskel.md,mælkesyre,/maelkesyre-traening/
_posts/2010-07-26-det-mest-effektive-loebeprogram-til-forbedre-din-praestation.md,løbeøkonomi,/lobeokonomi/
_posts/2010-07-26-det-mest-effektive-loebeprogram-til-forbedre-din-praestation.md,intervaltræning til løb,/intervallob-intervaltraening/
_posts/2010-07-26-det-mest-effektive-loebeprogram-til-forbedre-din-praestation.md,dit kondital til at stige,/hvor-hurtigt-mister-form-kondition/
_posts/2010-07-26-det-mest-effektive-loebeprogram-til-forbedre-din-praestation.md,grundig opvarmning,/opvarmning/
_posts/2010-07-26-det-mest-effektive-loebeprogram-til-forbedre-din-praestation.md,specifikke løbeopvarmning,/opvarmning-loeb/
_posts/2010-07-26-det-mest-effektive-loebeprogram-til-forbedre-din-praestation.md,anaerobe tærskel,/anaerobe-taerskel/
_posts/2010-07-26-det-mest-effektive-loebeprogram-til-forbedre-din-praestation.md,maksimale iltoptagelse,/maksimale-iltoptagelse-vo2max/
_posts/2010-07-26-det-mest-effektive-loebeprogram-til-forbedre-din-praestation.md,konditallet,/kondital/
_posts/2010-07-26-det-mest-effektive-loebeprogram-til-forbedre-din-praestation.md,forbedre løbeøkonomien,/lobeokonomi/
_posts/2010-07-26-det-mest-effektive-loebeprogram-til-forbedre-din-praestation.md,Cooper-test,/cooper-test/
_posts/2010-07-26-det-mest-effektive-loebeprogram-til-forbedre-din-praestation.md,beregnere og tests til at finde dit kondital,/kondition/tests/
_posts/2010-07-26-det-mest-effektive-loebeprogram-til-forbedre-din-praestation.md,Intervalløb,/intervallob-intervaltraening/
_posts/2010-07-26-det-mest-effektive-loebeprogram-til-forbedre-din-praestation.md,Billat-intervaller vVO₂-max,/billat-vvovmax-tlimvo2max/
_posts/2010-07-26-det-mest-effektive-loebeprogram-til-forbedre-din-praestation.md,Jack Daniels løbeberegner,/loebesiden-jack-daniels-loebeberegner/
_posts/2010-07-26-det-mest-effektive-loebeprogram-til-forbedre-din-praestation.md,Vmax-træning,/vmax/
_posts/2010-07-26-det-mest-effektive-loebeprogram-til-forbedre-din-praestation.md,4 minutters hård intervaltræning var mere effektivt end en times kontinuerlig løb,/artikel/tabata-traening-intervaller/
_posts/2010-07-26-det-mest-effektive-loebeprogram-til-forbedre-din-praestation.md,Intensiteten har betydning for forbedring af VO₂max,/maksimale-iltoptagelse-vo2max/
_posts/2010-07-26-det-mest-effektive-loebeprogram-til-forbedre-din-praestation.md,træningsprogrammer til løb,/loebeprogrammer/
_posts/2010-07-26-det-mest-effektive-loebeprogram-til-forbedre-din-praestation.md,løbeprogram til 5 km,/loebeprogram-5km/
_posts/2019-10-30-kondital-jogging.md,kondital,/kondital/
_posts/2019-10-30-kondital-jogging.md,"Rockports 1,6 km gangtest",/gaatest/
_posts/2019-10-30-kondital-jogging.md,guide til puls,/puls/
_posts/2019-10-30-kondital-jogging.md,hvordan du kan bruge pulstræning,/pulstraening/
_posts/2019-10-30-kondital-jogging.md,Cooper-test (12 min. løbetest),/cooper-test/
_posts/2019-10-30-kondital-jogging.md,Bip-test (Multi-Stage Fitness Test),/bip-test/
_posts/2021-03-30-rotator-cuff.md,gode øvelser til skuldrene,/skulderoevelser/
_posts/2021-03-30-rotator-cuff.md,liste over alle muskler i kroppen her,/muskler/
_posts/2021-03-30-rotator-cuff.md,træning af skuldrene her,/skulderoevelser/
_posts/2021-03-30-rotator-cuff.md,liste over muskler her,/muskler/
_posts/2021-03-30-rotator-cuff.md,anatomi,/anatomi/
_posts/2021-03-30-rotator-cuff.md,Se vores søgbare tabel over muskler,/muskler/tabel/
_posts/2026-08-02-minimum-effective-volume-strength.md,Dr. Paks Minimal Effective Volume programmer,/styrketraening/dr-pak-minimal-effective-volume/
_posts/2026-08-02-minimum-effective-volume-strength.md,verdens mest effektive (og korteste) styrkeprogram,/artikel/verdens-korteste-styrkeprogram/
_posts/2019-11-18-wingate-test.md,anaerob træning,/anaerob-traening/
_posts/2019-11-18-wingate-test.md,anaerob træning,/wingate/
_posts/2019-11-18-wingate-test.md,intervaltræning,/intervaltraening/
_posts/2019-11-18-wingate-test.md,6 sekunders peak power test,/6sek/
_posts/2019-11-01-stofskifteberegner-formler.md,BMR-beregner,/bmr-beregner/
_posts/2019-11-01-stofskifteberegner-formler.md,kalorier (cal) og kilokalorier (kcal) er her,/hvad-er-kalorier/
_posts/2019-11-01-stofskifteberegner-formler.md,kalorier (cal) og kilokalorier (kcal) er her,/hvad-er-kalorier/
_posts/2019-11-01-stofskifteberegner-formler.md,udregning af BMI,/bmi/
_posts/2019-11-01-stofskifteberegner-formler.md,BMR-beregner,/bmr-beregner/
_posts/2019-11-01-stofskifteberegner-formler.md,Cunninghams formel til hvilestofskifte,/bmr-beregner-ffm/
_posts/2019-11-01-stofskifteberegner-formler.md,beregner dit daglige energibehov,/hvordan-beregne-dagligt-energibehov/
_posts/2011-08-24-hvordan-laerer-jeg-tage-en-armstraekning.md,armstrækninger,/oevelse/armstraekker/
_posts/2011-08-24-hvordan-laerer-jeg-tage-en-armstraekning.md,pullups,/oevelse/pullup/
_posts/2011-08-24-hvordan-laerer-jeg-tage-en-armstraekning.md,vandrette kropshævninger,/oevelse/vandret-kropshaevning/
_posts/2011-08-24-hvordan-laerer-jeg-tage-en-armstraekning.md,armbøjninger og armstrækninger er?,/armbojninger-eller-armstraekninger-pushups/
_posts/2011-08-24-hvordan-laerer-jeg-tage-en-armstraekning.md,teste din overkropsstyrke i vores armstrækningstest,/armstraekninger-test/
_posts/2022-07-28-discgolf-apps.md,"guide til at
    vælge disc",/golfdisc-til-discgolf/
_posts/2022-07-28-discgolf-apps.md,Discgolf eller frisbeegolf,/discgolf/
_posts/2022-07-28-discgolf-apps.md,10.000 discgolfbaner i appen med banekort,/discgolf-baner/
_posts/2022-07-28-discgolf-apps.md,handicap-system til discgolf,/discgolf-handicap/
_posts/2022-07-28-discgolf-apps.md,skader rimelig udbredte i discgolf sporten,/program/discgolf-skade-prehab/
_posts/2020-07-02-musik-yoga.md,Musik til træningen: Hvordan finder du de bedste sange?,/artikel/musik-til-traeningen/
_posts/2020-07-02-musik-yoga.md,yogaøvelser,/yogastillinger-yogaovelser/
_posts/2020-07-02-musik-yoga.md,vælge musik til din træning,/artikel/musik-til-traeningen/
_posts/2020-07-02-musik-yoga.md,"yogaøvelserne, De Fem Tibetanere",/artikel/de-fem-tibetanere/
_posts/2020-07-02-musik-yoga.md,Solhilsen,/artikel/solhilsen-a-b-surya-namaskar/
_posts/2020-07-02-musik-yoga.md,Mindful meditation,/mindfulness-meditation/
_posts/2020-07-02-musik-yoga.md,"yogaudstyr, så tjek min guide",/guide/yoga-udstyr/
_posts/2019-11-13-german-volume-training.md,George Turner 10x10,/george-turner-10x10/
_posts/2019-11-13-german-volume-training.md,oversigt over styrketræningsprogrammer,/styrketraeningsprogrammer/
_posts/2019-11-13-german-volume-training.md,restitution,/restitution/
_posts/2019-11-13-german-volume-training.md,1RM i vores beregner,/rm-beregner/
_posts/2022-09-07-hvad-skal-jeg-drikke.md,kroppen består af vand,/vand-i-kroppen/
_posts/2022-09-07-hvad-skal-jeg-drikke.md,akklimatisering til varmen,/varmeakklimatisering-traening-i-varmen/
_posts/2022-09-07-hvad-skal-jeg-drikke.md,varmetræning,/varmetraening/
_posts/2022-09-07-hvad-skal-jeg-drikke.md,drikke 30 ml væske pr. kg kropsvægt om dagen,/hvor-meget-vand-skal-man-drikke-om-dagen/
_posts/2022-09-07-hvad-skal-jeg-drikke.md,blande i din sportsdrik,/sportsdrik/
_posts/2022-09-07-hvad-skal-jeg-drikke.md,Hvordan laver jeg en hjemmelavet sportsdrik?,/sportsdrik/
_posts/2022-09-07-hvad-skal-jeg-drikke.md,magnesium som kosttilskud,/magnesium/
_posts/2025-04-17-jack-daniels-running-formula.md,Jack Daniels Løbeberegner her,/loebesiden-jack-daniels-loebeberegner/
_posts/2025-04-17-jack-daniels-running-formula.md,restitutionsfasen,/restitution/
_posts/2025-04-17-jack-daniels-running-formula.md,løbeøkonomi,/lobeokonomi/
_posts/2025-04-17-jack-daniels-running-formula.md,beregner,/loebesiden-jack-daniels-loebeberegner/
_posts/2025-04-17-jack-daniels-running-formula.md,Prøv vores online Jack Daniels Løbeberegner her,/loebesiden-jack-daniels-loebeberegner/
_posts/2019-11-01-stofskifteberegner-simpel-ffm.md,"standard BMR-beregner ud fra højde, vægt, alder og køn",/bmr-beregner/
_posts/2019-11-01-stofskifteberegner-simpel-ffm.md,hvordan du måler din fedtprocent,/maal-fedtprocent/
_posts/2019-11-01-stofskifteberegner-simpel-ffm.md,kropskomposition,/kropskomposition/
_posts/2019-11-01-stofskifteberegner-simpel-ffm.md,standard BMR-beregner baseret på højde og vægt,/bmr-beregner/
_posts/2019-11-01-stofskifteberegner-simpel-ffm.md,Ligevægtsindtag-beregner,/ligevaegtsindtag-beregner/
_posts/2026-08-05-vam-eval-test.md,Beep-test (20m Shuttle Run),/bip-test/
_posts/2026-08-05-vam-eval-test.md,30-15 Intermittent Fitness Test (30-15 IFT),/30-15-intermittent-fitness-test/
_posts/2026-08-05-vam-eval-test.md,Cooper-test (12 minutter),/cooper-test/
_posts/2026-08-06-hb-agility-test.md,Illinois Agility Test,/illinois-agility-test/
_posts/2026-08-06-hb-agility-test.md,10m & 30m Sprinttest,/tests/sprint/
_posts/2026-08-06-hb-agility-test.md,30-15 Intermittent Fitness Test,/30-15-intermittent-fitness-test/
_posts/2020-05-30-ideal-weight.md,ideelt BMI,/bmi/
_posts/2020-05-30-ideal-weight.md,Danske kvinder er i gennemsnit,/hvad-er-gennemsnitshoejden-i-danmark/
_posts/2020-05-30-ideal-weight.md,gennemsnitshøjden,/hvad-er-gennemsnitshoejden-i-danmark/
_posts/2020-05-30-ideal-weight.md,BMI,/bmi/
_posts/2020-05-30-ideal-weight.md,Body Mass Index (BMI),/bmi/
_posts/2020-05-30-ideal-weight.md,modeller til at beskrive kroppens sammensætning,/kropskomposition/
_posts/2020-05-30-ideal-weight.md,måle fedtprocent,/maal-fedtprocent/
_posts/2020-05-30-ideal-weight.md,Body Mass Index (BMI),/bmi/
_posts/2020-05-30-ideal-weight.md,Ponderal Index (Rohrer's Index),/ponderal-index/
_posts/2020-05-30-ideal-weight.md,BMI-beregner,/bmi/
_posts/2020-05-30-ideal-weight.md,lav fedtprocent,/fedtprocent-normer/
_posts/2020-05-30-ideal-weight.md,taljemål holdt op imod din højde,/taljemaal/
_posts/2022-10-09-styrkeloeft-rekorder.md,standardreglerne for styrkeløft,/powerlifting-rules/
_posts/2022-10-09-styrkeloeft-rekorder.md,sammenligne styrke,/sammenligning-styrke/
_posts/2022-10-09-styrkeloeft-rekorder.md,Alt om bælter til styrketræning,/baelte-styrketraening/
_posts/2022-10-09-styrkeloeft-rekorder.md,guide til at lave en maxtest i styrketræning,/rm-maxtest/
_posts/2022-10-09-styrkeloeft-rekorder.md,udregne din 1RM i vores beregner,/rm-beregner/
_posts/2021-01-02-runners-high.md,intervalløb,/intervallob-intervaltraening/
_posts/2021-01-02-runners-high.md,intervaltræning,/intervaltraening/
_posts/2025-04-11-pivot-week.md,deload uge,/deload-uge/
_posts/2025-04-11-pivot-week.md,styrkeløft,/styrkeloeft/
_posts/2025-04-11-pivot-week.md,bevægelsesplaner,/bevaegelsestyper-og-bevaegelsesplaner/
_posts/2025-04-11-pivot-week.md,balancetræning,/balancetraening/
_posts/2025-04-11-pivot-week.md,Liftosaur,/liftosaur/
_posts/2025-04-11-pivot-week.md,styrketræningsprogrammer,/styrketraeningsprogrammer/
_posts/2025-04-11-pivot-week.md,træningsprogrammer,/traeningsprogrammer/
_posts/2025-04-11-pivot-week.md,træning,/traening/
_posts/2019-12-05-hastighed-beregnere.md,intervaller og intervalløb,/intervallob-intervaltraening/
_posts/2019-12-05-hastighed-beregnere.md,hvor langt du skal løbe på et interval,/intervallob-intervaltraening/#calculator
_posts/2019-12-05-hastighed-beregnere.md,Gå til siden med detaljerede pace-tabeller,/hastighed/pace-tabeller/
_posts/2019-12-05-hastighed-beregnere.md,Jack Daniels løbeberegner,/loebesiden-jack-daniels-loebeberegner/
_posts/2019-12-05-hastighed-beregnere.md,Slå op i vore pacetabeller,/hastighed/pace-tabeller/
_posts/2019-12-05-hastighed-beregnere.md,Beregn dine konkurrencetider,/loebesiden-jack-daniels-loebeberegner/
_posts/2019-12-05-hastighed-beregnere.md,Gangtempo-beregner,/tid-at-gaa/
_posts/2020-06-15-intervallob.md,komplette guide til intervaltræning for alle idrætter,/intervaltraening/
_posts/2020-06-15-intervallob.md,maksimale iltoptagelse,/maksimale-iltoptagelse-vo2max/
_posts/2020-06-15-intervallob.md,kondital,/kondital/
_posts/2020-06-15-intervallob.md,løbeøkonomi,/lobeokonomi/
_posts/2020-06-15-intervallob.md,løbeprogram,/loebeprogrammer/
_posts/2020-06-15-intervallob.md,intensitetszone,/traeningszoner/
_posts/2020-06-15-intervallob.md,Jack Daniels Løbsberegner,/loebesiden-jack-daniels-loebeberegner/
_posts/2020-06-15-intervallob.md,omregne fra hastighed i min/km,/hastighed/
_posts/2020-06-15-intervallob.md,oversigt over alle løbeværktøjer,/loebesiden/#beregnere
_posts/2020-06-15-intervallob.md,paceberegner,/hastighed/
_posts/2020-06-15-intervallob.md,anaerob træning,/anaerob-traening/
_posts/2020-06-15-intervallob.md,Guide til bakkeintervaller,/bakkesprint-bakkeloeb/
_posts/2020-06-15-intervallob.md,guide til kroppens energisystemer,/energisystemer/
_posts/2020-06-15-intervallob.md,mælkesyreproduktionen,/maelkesyre-traening/
_posts/2020-06-15-intervallob.md,Tabata-intervaller,/artikel/tabata-traening-intervaller/
_posts/2020-06-15-intervallob.md,HIIT-intervaller,/hiit/
_posts/2020-06-15-intervallob.md,Billat-intervaller,/billat-vvovmax-tlimvo2max/
_posts/2020-06-15-intervallob.md,V<sub>max</sub>,/vmax-loeb/
_posts/2020-06-15-intervallob.md,Intensitetens betydning for VO₂max,/maksimale-iltoptagelse-vo2max/
_posts/2020-06-15-intervallob.md,maksimale iltoptagelse,/maksimale-iltoptagelse-vo2max/
_posts/2020-06-15-intervallob.md,anaerobe tærskel,/anaerobe-taerskel/
_posts/2020-06-15-intervallob.md,VO2max-studier,/maksimale-iltoptagelse-vo2max/
_posts/2020-06-15-intervallob.md,HIIT,/hiit/
_posts/2020-06-15-intervallob.md,10-20-30,/10-20-30-intervaltraening/
_posts/2020-06-15-intervallob.md,Tabata-intervaller,/artikel/tabata-traening-intervaller/
_posts/2020-06-15-intervallob.md,HIIT,/hiit/
_posts/2020-06-15-intervallob.md,Sprint 8,/artikel/sprint-8-intervaltraening-der-virker/
_posts/2020-06-15-intervallob.md,Billat-intervaller,/billat-vvovmax-tlimvo2max/
_posts/2020-06-15-intervallob.md,beregne pulszoner,/pulszoner-beregner/
_posts/2020-06-15-intervallob.md,pulstræning,/pulstraening/
_posts/2020-06-15-intervallob.md,pulsur med GPS,/pulsure/
_posts/2020-06-15-intervallob.md,Stryd,/loeb-watt/
_posts/2020-06-15-intervallob.md,Jack Daniels løbsberegner,/loebesiden-jack-daniels-loebeberegner/
_posts/2020-06-15-intervallob.md,Billat 6-minutters testen og beregneren,/billat-vvovmax-tlimvo2max/
_posts/2020-06-15-intervallob.md,Olhers submaksimale 6-minutters test,/submaximal-6min-vvo2max-test/
_posts/2020-06-15-intervallob.md,coopers 12 minutters løbetest,/cooper-test/
_posts/2020-06-15-intervallob.md,energimetoder,/energisystemer/
_posts/2020-06-15-intervallob.md,HIIT træning,/hiit/
_posts/2020-06-15-intervallob.md,intervaller til rotræning,/artikel/traeningsprogrammer-intervaller-roning/
_posts/2020-06-15-intervallob.md,løbeprogrammerne,/loebeprogrammer/
_posts/2022-02-08-fitness-butikker.md,Blazepods,/blazepod/
_posts/2022-02-08-fitness-butikker.md,forskellige sportsgrene,/sportsgrene-liste/
_posts/2022-02-08-fitness-butikker.md,kreatin,/kreatin/
_posts/2022-02-08-fitness-butikker.md,kreatin,/kreatin/
_posts/2022-02-08-fitness-butikker.md,købe kosttilskud online,/koeb-kosttilskud-online/
_posts/2025-03-03-step-test-chester.md,YMCA 3-minutters steptest,/ymca-3-minutters-steptest/
_posts/2025-03-03-step-test-chester.md,oversigt over steptests,/kondital-fra-steptest/
_posts/2020-12-12-styrk-dine-skuldre.md,pectoralis major,/pectoralis-major/
_posts/2020-12-12-styrk-dine-skuldre.md,deltoideus,/deltoideus/
_posts/2020-12-12-styrk-dine-skuldre.md,military press,/oevelse/military-press/
_posts/2020-12-12-styrk-dine-skuldre.md,bænkpres,/oevelse/baenkpres/
_posts/2020-12-12-styrk-dine-skuldre.md,floor press,/oevelse/floor-press/
_posts/2020-12-12-styrk-dine-skuldre.md,triceps,/triceps-brachii/
_posts/2020-12-12-styrk-dine-skuldre.md,skulderøvelser,/skulderoevelser/
_posts/2020-12-12-styrk-dine-skuldre.md,skulderleddet,/joints/skulderleddet/
_posts/2022-11-04-traening-sengetid.md,søvn og søvnkvalitet,/soevn/
_posts/2022-11-04-traening-sengetid.md,hvilepuls,/hvilepuls/
_posts/2022-11-04-traening-sengetid.md,Hvilepulsen,/hvilepuls/
_posts/2022-11-04-traening-sengetid.md,hård intervaltræning,/intervaltraening/
_posts/2022-11-04-traening-sengetid.md,hvilepulsen,/hvilepuls/
_posts/2022-11-04-traening-sengetid.md,dine muskler,/muskler/
_posts/2022-11-04-traening-sengetid.md,intervalpas,/intervallob-intervaltraening/
_posts/2022-11-04-traening-sengetid.md,1RM-maxforsøg,/rm-beregner/
_posts/2022-11-04-traening-sengetid.md,restitution,/restitution/
_posts/2020-08-17-politiets-fysiske-tests.md,interaktive opvarmnings-timer på mobilen,/politiets-fysiske-test/opvarmning/
_posts/2020-08-17-politiets-fysiske-tests.md,interaktive timer til 8-talstesten,/8-tal-hurtighedstest/
_posts/2020-08-17-politiets-fysiske-tests.md,Guide: Læs mere om træning til længdespringstesten,/broadjump/
_posts/2020-08-17-politiets-fysiske-tests.md,Guide: Lær at tage flere kropshævninger med vores træningsprogram,/laer-kropshaevning-chinup-pullup-program/
_posts/2020-08-17-politiets-fysiske-tests.md,2400-meter test beregner,/kondital-2400-meter/
_posts/2020-08-17-politiets-fysiske-tests.md,Forsvarets fysiske krav,/forsvarets-fysiske-test/
_posts/2015-04-06-foelg-tempoet-naar-du-loefter.md,forskellen på koncentrisk og excentrisk,/koncentrisk-excentrisk-isometrisk/
_posts/2019-10-21-cooper-mortality-index.md,normalt BMI,/bmi/
_posts/2019-10-21-cooper-mortality-index.md,kondital,/kondital/
_posts/2019-10-31-kondital-watt-max-test.md,konditionstests,/kondition/tests/
_posts/2019-10-31-kondital-watt-max-test.md,kondital,/kondital/
_posts/2019-10-31-kondital-watt-max-test.md,Wattmax-test for børn,/kondital-wattmax-boern/
_posts/2019-10-31-kondital-watt-max-test.md,Ramp-test / Trappetest,/trappetest-cykel/
_posts/2019-10-31-kondital-watt-max-test.md,klassisk FTP-test,/ftp-test/
_posts/2019-10-31-kondital-watt-max-test.md,kreatinfosfat (ATP-CP),/energisystemer/
_posts/2019-10-31-kondital-watt-max-test.md,tabeller over kondital for mænd og kvinder,/kondital/
_posts/2019-10-31-kondital-watt-max-test.md,$\text{V}_{\text{max}}$-træning og VO2-max intervaller på cyklen,/vmax-cykling/
_posts/2019-10-31-kondital-watt-max-test.md,konditionstests på cykel,/tests/cykling/
_posts/2019-10-31-kondital-watt-max-test.md,samlede katalog over konditests,/kondition/tests/
_posts/2020-07-07-mavefedt.md,taljemål,/taljemaal/
_posts/2020-07-07-mavefedt.md,taljemål,/taljemaal/
_posts/2020-07-07-mavefedt.md,kalorieunderskud,/vaegttab/
_posts/2020-07-07-mavefedt.md,hvorfor vægten stiger ved træning,/vaegt-stiger-traening/
_posts/2020-07-07-mavefedt.md,intervaltræning,/intervaltraening/
_posts/2020-07-07-mavefedt.md,slankekur der virker,/slankekur/
_posts/2020-07-07-mavefedt.md,Søvn,/soevn/
_posts/2020-07-07-mavefedt.md,hvorfor du ikke får en sixpack af maverulninger,/artikel/du-faar-ikke-sixpack-af-maverulninger/
_posts/2020-07-12-vbt-hastighedsprofil.md,grundlæggende guide om velocity based training,/vbt/
_posts/2020-07-12-vbt-hastighedsprofil.md,1RM ved VBT,/vbt-1rm/
_posts/2020-07-12-vbt-hastighedsprofil.md,VBT-udstyr,/vbt-udstyr/
_posts/2020-07-12-vbt-hastighedsprofil.md,RPE-skalaen,/rpe/
_posts/2020-07-12-vbt-hastighedsprofil.md,Borgskala,/borg-skala/
_posts/2020-07-12-vbt-hastighedsprofil.md,VBT-baserede træningsprogram,/vbt-traeningsprogram
_posts/2020-07-12-vbt-hastighedsprofil.md,VBT-programmet,/vbt-traeningsprogram/
_posts/2022-02-12-loebeudstyr.md,online løbeshops,/loebebutikker-online/
_posts/2022-02-12-loebeudstyr.md,løbeskader,/artikel/loebeskader-loebe-uden-skader/
_posts/2022-02-12-loebeudstyr.md,træningszoner,/traeningszoner/
_posts/2022-02-12-loebeudstyr.md,pulszoner,/pulszoner-beregner/
_posts/2022-02-12-loebeudstyr.md,pulstræning,/pulstraening/
_posts/2022-02-12-loebeudstyr.md,løbe intervalløb,/intervallob-intervaltraening/
_posts/2022-02-12-loebeudstyr.md,guide til pulsure,/pulsure/
_posts/2022-02-12-loebeudstyr.md,gode podcasts,/bedste-fitness-traening-podcasts/
_posts/2022-02-12-loebeudstyr.md,musik til træningen,/artikel/musik-til-traeningen/
_posts/2022-02-12-loebeudstyr.md,online løbebutikker,/loebebutikker-online/
_posts/2009-07-01-de-fem-tibetanere.md,Yoga Solhilsen på nogenlunde samme måde,/artikel/solhilsen-a-b-surya-namaskar/
_posts/2009-07-01-de-fem-tibetanere.md,vælge noget passende musik til yoga,/yoga-musik/
_posts/2009-07-01-de-fem-tibetanere.md,mindfulness meditation,/mindfulness-meditation/
_posts/2009-07-01-de-fem-tibetanere.md,Yoga Solhilsen (A & B): Trin-for-trin guide til Surya Namaskar,/artikel/solhilsen-a-b-surya-namaskar/
_posts/2009-07-01-de-fem-tibetanere.md,Find den bedste musik til yoga,/yoga-musik/
_posts/2009-07-01-de-fem-tibetanere.md,Kom i gang med mindfulness meditation,/mindfulness-meditation/
_posts/2020-01-16-sprinting.md,løbetræning,/loebesiden/
_posts/2020-01-16-sprinting.md,Rate of Force Development – RFD,/rate-of-force-development/
_posts/2020-01-16-sprinting.md,stretch-shortening cycle (SSC),/plyometrisk-traening/
_posts/2020-01-16-sprinting.md,anaerobe energisystem,/energisystemer/
_posts/2020-01-16-sprinting.md,30m Sprinttest med fotoceller,/sprinttest-med-sprintceller/
_posts/2020-01-16-sprinting.md,RAST-Test (Running-based Anaerobic Sprint Test),/rast-test/
_posts/2020-01-16-sprinting.md,Retningsskift & Agility-tests (COD),/retningsskift-test/
_posts/2020-01-16-sprinting.md,505 Agility Test,/505-agility-test/
_posts/2020-01-16-sprinting.md,Nordic Hamstrings,/nordic-hamstring-breakpoint/
_posts/2020-01-16-sprinting.md,hoftedominante øvelser,/hoftedominante-oevelser/
_posts/2020-01-16-sprinting.md,Sprinttræning for løbere,/loeb/sprinttraening/
_posts/2020-01-16-sprinting.md,Eksplosivitet & RFD,/eksplosivitet/
_posts/2020-01-16-sprinting.md,Sprinttests Oversigt,/tests/sprint/
_posts/2009-08-04-traening-med-kropsvaegt.md,Se alle øvelser i arkivet,/traeningsoevelser/
_posts/2009-08-04-traening-med-kropsvaegt.md,28-dages hjemmetræningsprogram,/hjemmetraening-traeningsprogram/
_posts/2009-08-04-traening-med-kropsvaegt.md,guide til cirkeltræning,/cirkeltraening/
_posts/2009-08-04-traening-med-kropsvaegt.md,begynderguide til Calisthenics,/calisthenics-begynderprogram-kropsvaegtstraening/
_posts/2022-04-28-flyer-handicap.md,Brug vores aldersgraduerede løbeberegner her →,/aldersgraduerede-tider/
_posts/2022-04-28-flyer-handicap.md,Læs også: Vægttab og løb – Beregn præcis hvor meget hurtigere du bliver pr. kilo →,/vaegttab-loebetid/
_posts/2022-04-28-flyer-handicap.md,Aldersgraduerede løbetider,/aldersgraduerede-tider/
_posts/2022-04-28-flyer-handicap.md,Vægttab og løbetid,/vaegttab-loebetid/
_posts/2022-04-28-flyer-handicap.md,Samlet oversigt over løbeværktøjer,/loebesiden/#beregnere
_posts/2021-11-12-sms-ii.md,ABQ Udbrændthedstest,/abq-udbraendthed-overtraening/
_posts/2021-11-12-sms-ii.md,Test for Træningsafhængighed (EAI),/traeningsafhaengighed/
_posts/2021-11-12-sms-ii.md,Athlete Burnout Questionnaire (ABQ),/abq-udbraendthed-overtraening/
_posts/2021-11-12-sms-ii.md,Trivselsindekset (WHO-5),/who5-trivselindekset/
_posts/2026-08-16-menstruation-traening.md,konditionstræning,/konditionstraening/
_posts/2026-08-16-menstruation-traening.md,1RM-beregner,/rm-beregner/
_posts/2026-08-16-menstruation-traening.md,HIIT-intervaller,/hiit/
_posts/2026-08-16-menstruation-traening.md,specifik opvarmning,/opvarmning-styrketraening/
_posts/2026-08-16-menstruation-traening.md,RPE-skalaen,/rpe/
_posts/2026-08-16-menstruation-traening.md,deload-uge,/restitution/
_posts/2026-08-16-menstruation-traening.md,1RM-beregner,/rm-beregner/
_posts/2026-08-16-menstruation-traening.md,RPE-styring,/rpe/
_posts/2026-08-16-menstruation-traening.md,deloaddag/uge,/restitution/
_posts/2026-08-16-menstruation-traening.md,Test dit energiniveau og beregn din energitilgængelighed i vores REM-S Beregner,/rem-s/
_posts/2026-08-16-menstruation-traening.md,hvilestofskifte (BMR),/hvilestofskiftet-formler/
_posts/2026-08-16-menstruation-traening.md,ligevægtsindtag-beregner,/ligevaegtsindtag-beregner/
_posts/2026-08-16-menstruation-traening.md,dagligt proteinbehov,/dagligt-protein-indtagelse
_posts/2026-08-16-menstruation-traening.md,1RM-løft,/rm-beregner/
_posts/2026-08-16-menstruation-traening.md,intervaller,/hiit/
_posts/2026-08-16-menstruation-traening.md,RPE og RIR-styring,/rpe/
_posts/2026-08-16-menstruation-traening.md,Test dit støttebehov i vores Sports-BH Beregner,/sports-bh-beregner/
_posts/2022-08-14-soevndagbog.md,restituere optimalt,/restitution/
_posts/2022-08-14-soevndagbog.md,optimere din søvn,/soevn-optimering/
_posts/2022-08-14-soevndagbog.md,aktivitetsure påstår at kunne tracke søvn,/soevn-tracking/
_posts/2009-04-22-kan-styrketraening-forebygge-skader.md,Se vores praktiske program med excentriske skadesforebyggende øvelser til benene her →,/skadesforebyggelse-skadesforebyggende-traening/
_posts/2009-04-22-kan-styrketraening-forebygge-skader.md,Plyometrisk træning,/plyometrisk-traening/
_posts/2009-04-22-kan-styrketraening-forebygge-skader.md,excentrisk domineret styrketræning,/excentrisk-traening/
_posts/2009-04-22-kan-styrketraening-forebygge-skader.md,øvelsen Nordic Hamstring,/oevelse/nordic-hamstring/
_posts/2009-04-22-kan-styrketraening-forebygge-skader.md,okklusionstræning er effektivt i forbindelse med skader,/introduktion-okklusionstraening/
_posts/2009-04-22-kan-styrketraening-forebygge-skader.md,vores indlæg om teknik,/rigtig-teknik-styrketraening/
_posts/2009-04-22-kan-styrketraening-forebygge-skader.md,Nordisk hamstring,/oevelse/nordic-hamstring/
_posts/2009-04-22-kan-styrketraening-forebygge-skader.md,hamstring curl på swiss bold,/oevelse/swiss-ball-curl/
_posts/2009-04-22-kan-styrketraening-forebygge-skader.md,restitution,/restitution/
_posts/2009-04-22-kan-styrketraening-forebygge-skader.md,forslag til forskellige øvelser til at forebygge skader,/skadesforebyggelse-skadesforebyggende-traening/
_posts/2020-06-02-max-hr-beregner.md,test af maxpuls,/test-max-puls/
_posts/2020-06-02-max-hr-beregner.md,maxpuls-formler,/max-puls-formler/
_posts/2020-06-02-max-hr-beregner.md,pulstræning og træningszoner,/pulstraening/
_posts/2020-06-02-max-hr-beregner.md,rigtig maxpuls-test,/test-max-puls/
_posts/2020-06-02-max-hr-beregner.md,pulstræning,/pulstraening/
_posts/2020-06-02-max-hr-beregner.md,fysisk maxpuls-test,/test-max-puls/
_posts/2020-06-02-max-hr-beregner.md,aldersrelatede maxpuls-formler,/max-puls-formler/
_posts/2020-06-02-max-hr-beregner.md,Læs vores guide til at teste din maxpuls selv,/test-max-puls/
_posts/2020-06-02-max-hr-beregner.md,Sammenlign alle maxpuls-formler her,/max-puls-formler/
_posts/2020-06-02-max-hr-beregner.md,Sammenligning af maxpuls-formlerne,/max-puls-formler/
_posts/2020-06-02-max-hr-beregner.md,test af maxpuls,/test-max-puls/
_posts/2020-06-02-max-hr-beregner.md,Test din maksimale puls,/test-max-puls/
_posts/2020-06-02-max-hr-beregner.md,Max-puls formler,/max-puls-formler/
_posts/2020-06-02-max-hr-beregner.md,Overblik over max-puls,/test-max-puls/
_posts/2020-06-02-max-hr-beregner.md,finde dine pulszoner ud fra maxpulsen,/pulszoner-beregner/
_posts/2020-06-02-max-hr-beregner.md,udregne kondital baseret på maxpuls,/kondital-fra-puls/
_posts/2019-10-31-kondital-laboratorietest.md,Øvelsesvejledning: Iltoptagelsestest på løbebånd →,/iltoptagelsestest-loebebaand/
_posts/2019-10-31-kondital-laboratorietest.md,Øvelsesvejledning: Iltoptagelsestest på cykel →,/iltoptagelsestest-cykel/
_posts/2019-10-31-kondital-laboratorietest.md,respiratoriske udvekslingskvotient,/respiratoriske-metaboliske-udvekslingskvotient/
_posts/2019-10-31-kondital-laboratorietest.md,løbeøkonomien ved forskellige hastigheder,/lobeokonomi/
_posts/2019-10-31-kondital-laboratorietest.md,Find dine træningszoner,/traeningszoner/
_posts/2019-10-31-kondital-laboratorietest.md,5 kriterier for en maksimal iltoptagelsestest,/kriterier-maksimal-iltoptagelsestest/
_posts/2019-10-31-kondital-laboratorietest.md,Se hvordan du laver en laktattest derhjemme eller i klubben →,/laktattest/
_posts/2019-10-31-kondital-laboratorietest.md,Iltoptagelsestest på løbebånd →,/iltoptagelsestest-loebebaand/
_posts/2019-10-31-kondital-laboratorietest.md,Iltoptagelsestest på cykel →,/iltoptagelsestest-cykel/
_posts/2019-10-31-kondital-laboratorietest.md,Se vores komplette guide til VO2max-gasanalyseudstyr →,/gasanalyse-udstyr-vo2max/
_posts/2026-08-06-wallsit-test.md,Armstrækningstest,/armstraekninger-test/
_posts/2026-08-06-wallsit-test.md,Sit-to-Stand test,/sit-to-stand-test/
_posts/2026-08-06-wallsit-test.md,squat,/squat/
_posts/2026-08-06-wallsit-test.md,Armstrækningstest (Push-ups),/armstraekninger-test/
_posts/2026-08-06-wallsit-test.md,Pull-up Test (Kropshævninger),/pullup-test/
_posts/2026-08-06-wallsit-test.md,Længdespring uden tilløb (Standing Broad Jump),/broadjump/
_posts/2020-06-19-hurtigt-vokser-muskler.md,1RM,/rm-beregner/
_posts/2020-06-19-hurtigt-vokser-muskler.md,Hvor hurtigt forsvinder muskler igen?,/atrofi-muskelmasse-muskelstyrke/
_posts/2020-06-19-hurtigt-vokser-muskler.md,dansk mand af gennemsnitlig højde,/hvad-er-gennemsnitshoejden-i-danmark/
_posts/2020-06-19-hurtigt-vokser-muskler.md,bioimpedans kropsmåling med InBody,/artikel/inbody-570-bioimpedans/
_posts/2020-06-19-hurtigt-vokser-muskler.md,hvor meget skelettet vejer,/hvad-vejer-skelettet/
_posts/2020-06-19-hurtigt-vokser-muskler.md,forskellige modeller for kropskomposition,/kropskomposition/
_posts/2020-06-19-hurtigt-vokser-muskler.md,hvor meget muskelmasse du har,/muskelmasse-beregner/
_posts/2020-06-19-hurtigt-vokser-muskler.md,hvordan muskler vokser?,/hvordan-vokser-muskler/
_posts/2020-06-19-hurtigt-vokser-muskler.md,"fysiologiske tilpasninger, der sker ved styrketræning",/fysiologiske-tilpasninger/
_posts/2021-10-18-screening.md,SMART-modellen,/smart/
_posts/2021-10-18-screening.md,træningsafhængighed,/traeningsafhaengighed/
_posts/2021-10-18-screening.md,spiseforstyrrelser,/spiseforstyrrelser/
_posts/2021-10-18-screening.md,Oplever du et højt stress i hverdagen?,/stress-test/
_posts/2021-10-18-screening.md,lave et løbeprogram,/guide-til-loebeprogram/
_posts/2021-10-18-screening.md,udforme et styrketræningsprogram,/traeningsprogram-programlaegning-styrketraening/
_posts/2025-04-14-arnolds-golden-six.md,fullbody-rutine,/styrketraening/helkropsprogrammer/
_posts/2025-04-14-arnolds-golden-six.md,styrketræningsprogrammer,/styrketraeningsprogrammer/
_posts/2025-04-14-arnolds-golden-six.md,Lyle McDonalds General Bulking Routine,/lyle-mcdonalds-general-bulking-routine/
_posts/2025-04-14-arnolds-golden-six.md,anbefalede styrketræningsprogrammer,/styrketraeningsprogrammer/
_posts/2025-04-14-arnolds-golden-six.md,Liftosaur-appen,/liftosaur/
_posts/2025-03-30-svedtest.md,kulhydratforbrug-beregner,/kulhydratforbrug/
_posts/2025-03-30-svedtest.md,Hvor meget vand skal du drikke om dagen?,/hvor-meget-vand-skal-man-drikke-om-dagen/
_posts/2025-03-30-svedtest.md,hvad du skal drikke ved træning og konkurrence,/hvad-skal-jeg-drikke/
_posts/2022-03-29-loebebaand-beregner.md,kalorieforbrug ved løb og gang,/loeb-mere-energi-gang/
_posts/2022-03-29-loebebaand-beregner.md,baldemuskler,/balleoevelser/
_posts/2022-03-29-loebebaand-beregner.md,baglår,/hoftedominante-oevelser/
_posts/2022-03-29-loebebaand-beregner.md,kondital,/kondital/
_posts/2022-03-29-loebebaand-beregner.md,Paceberegner & Hastighedsberegner,/hastighed/
_posts/2022-03-29-loebebaand-beregner.md,Løbebånd vs. Udendørs løb,/loebebaand-udendoers-loeb/
_posts/2022-03-29-loebebaand-beregner.md,10-20-30 Intervaltræning,/10-20-30-intervaltraening/
_posts/2022-03-29-loebebaand-beregner.md,VO2max & Maksimal iltoptagelse,/maksimale-iltoptagelse-vo2max/
_posts/2020-07-16-mslhst-balance-test.md,Y-Balance Test,/y-balance-test/
_posts/2020-07-16-mslhst-balance-test.md,enkeltbensstand,/balance-tests/
_posts/2020-07-16-mslhst-balance-test.md,Oversigt over balancetests,/balance-tests/
_posts/2020-07-16-mslhst-balance-test.md,Guide til effektiv balancetræning,/balancetraening/
_posts/2020-08-24-maelkesyre.md,anaerob energiomsætning,/energisystemer/
_posts/2020-08-24-maelkesyre.md,intervalløb,/intervallob-intervaltraening/
_posts/2020-08-24-maelkesyre.md,intervaltræning,/intervaltraening/
_posts/2020-08-24-maelkesyre.md,Borgskalaen til at vurdere intensiteten og anstrengelsen,/borg-skala/
_posts/2020-08-24-maelkesyre.md,kreatinfosfat,/kreatin/
_posts/2020-08-24-maelkesyre.md,anaerobe tærskel eller mælkesyretolerancetærsklen,/anaerobe-taerskel/
_posts/2020-08-24-maelkesyre.md,assault bike eller airbike,/airbike-assault-bike-workout-intervaller/
_posts/2020-08-24-maelkesyre.md,rointervaller,/artikel/traeningsprogrammer-intervaller-roning/
_posts/2020-08-24-maelkesyre.md,prowler,/prowler-traening-workout-intervaller/
_posts/2020-08-24-maelkesyre.md,intervalløb,/intervallob-intervaltraening/
_posts/2020-08-24-maelkesyre.md,anaerob træning,/anaerob-traening/
_posts/2020-08-24-maelkesyre.md,anaerobe test Wingate-testen,/wingate/
_posts/2020-08-24-maelkesyre.md,kroppens energisystemer og aerob og anaerob energiforsyning,/energisystemer/
_posts/2010-03-09-unilateral-traening.md,core og kropsstamme,/core/
_posts/2013-05-04-loeb-uden-skader.md,fornuftigt løbeprogram,/loebeprogrammer/
_posts/2013-05-04-loeb-uden-skader.md,Hvordan laver du et løbeprogram?,/guide-til-loebeprogram/
_posts/2013-05-04-loeb-uden-skader.md,konkluderet i sit speciale,/artikel/kan-styrketraening-forebygge-skader/
_posts/2013-05-04-loeb-uden-skader.md,Styrketræning til løb,/styrketraening-til-loeb/
_posts/2013-05-04-loeb-uden-skader.md,god effekt i forhold til skadesforebyggelse,/skadesforebyggelse-skadesforebyggende-traening/
_posts/2013-05-04-loeb-uden-skader.md,Skadesforebyggelse: Hvilke øvelser kan forebygge skader?,/skadesforebyggelse-skadesforebyggende-traening/
_posts/2013-05-04-loeb-uden-skader.md,restitution og restitutionstid,/restitution/
_posts/2025-04-07-kostregistrering.md,Se Kalorietæller apps,/kalorietaeller-apps/
_posts/2025-04-07-kostregistrering.md,ligevægtsberegneren,/ligevaegtsindtag-beregner/
_posts/2025-04-07-kostregistrering.md,apps til at tælle kalorier,/kalorietaeller-apps/
_posts/2025-04-07-kostregistrering.md,tracke kalorier,/kalorietaeller-apps/
_posts/2025-04-07-kostregistrering.md,Beregn dit ligevægtsindtag (energibehov),/ligevaegtsindtag-beregner/
_posts/2025-04-07-kostregistrering.md,Lær hvorfor en slankekur ikke er svaret,/slankekur/
_posts/2025-04-07-kostregistrering.md,Tjek forslag til kalorietæller apps,/kalorietaeller-apps/
_posts/2022-11-07-bliv-en-bedre-loeber.md,Alt om løbeøkonomi,/lobeokonomi/
_posts/2022-11-07-bliv-en-bedre-loeber.md,revolution i teknologien i sportsudstyr,/teknologi-sport/
_posts/2022-11-07-bliv-en-bedre-loeber.md,Kipchoge satte uofficiel verdensrekord,/kipchoge-challenge/
_posts/2022-11-07-bliv-en-bedre-loeber.md,Virker kompressionsstrømper til løb og cykling?,/kompressionsstroemper-restitution-praestation-bivirkninger/
_posts/2022-11-07-bliv-en-bedre-loeber.md,Lav dit eget løbeprogram (Guide),/guide-til-loebeprogram/
_posts/2022-11-07-bliv-en-bedre-loeber.md,gode råd mod løbeskader,/artikel/loebeskader-loebe-uden-skader/
_posts/2022-11-07-bliv-en-bedre-loeber.md,styrketræning og løb,/styrketraening-til-loeb/
_posts/2022-11-07-bliv-en-bedre-loeber.md,styrketræning,/styrketraening/
_posts/2022-11-07-bliv-en-bedre-loeber.md,styrketræning for løbere,/styrketraening-til-loeb/
_posts/2016-06-14-motion-online.md,RM-beregner til styrketræning,/rm-beregner/
_posts/2016-06-14-motion-online.md,Læs om kondital,/kondital/
_posts/2016-06-14-motion-online.md,Test dit kondital her,/kondition/tests/
_posts/2016-06-14-motion-online.md,"BMI-beregner for mænd, kvinder og børn",/bmi/
_posts/2016-06-14-motion-online.md,guide til Cooper-testen,/cooper-test/
_posts/2016-06-14-motion-online.md,6 minutters gangtest,/gaatest-6min/
_posts/2016-06-14-motion-online.md,"Rockports 1,6 km gåtest",/gaatest/
_posts/2016-06-14-motion-online.md,guide til cirkeltræning,/cirkeltraening/
_posts/2016-06-14-motion-online.md,Gå til alle Beregnere og Værktøjer →,/beregnere/
_posts/2016-06-14-motion-online.md,RM-beregner,/rm-beregner/
_posts/2016-06-14-motion-online.md,Ligevægtsberegner,/ligevaegtsindtag-beregner/
_posts/2016-06-14-motion-online.md,BMR,/bmr-beregner/
_posts/2016-06-14-motion-online.md,BMI-beregner,/bmi/
_posts/2016-06-14-motion-online.md,Gå til alle Konditionstests →,/tests/
_posts/2016-06-14-motion-online.md,Kondital & VO2-max,/kondital/
_posts/2016-06-14-motion-online.md,Cooper-test,/cooper-test/
_posts/2016-06-14-motion-online.md,Gangtest (6 min & Rockport),/gaatest-6min/
_posts/2016-06-14-motion-online.md,Gå til Træningsøvelser & Programmer →,/traening/
_posts/2016-06-14-motion-online.md,Cirkeltræning,/cirkeltraening/
_posts/2016-06-14-motion-online.md,Styrketræning for begyndere,/styrketraening/begyndere/
_posts/2016-06-14-motion-online.md,beregner-sektion,/beregnere/
_posts/2021-08-24-hvordan-loebeprogram-vo2max.md,guiden til at lave et løbeprogram,/guide-til-loebeprogram/
_posts/2021-08-24-hvordan-loebeprogram-vo2max.md,maksimale iltoptagelse,/maksimale-iltoptagelse-vo2max/
_posts/2021-08-24-hvordan-loebeprogram-vo2max.md,forbedre dit kondital,/hvor-hurtigt-mister-form-kondition/
_posts/2021-08-24-hvordan-loebeprogram-vo2max.md,heart rate reserve,/pulszoner-beregner/
_posts/2021-08-24-hvordan-loebeprogram-vo2max.md,intervalløb,/intervallob-intervaltraening/
_posts/2021-08-24-hvordan-loebeprogram-vo2max.md,intervaltræning,/intervaltraening/
_posts/2021-08-24-hvordan-loebeprogram-vo2max.md,intervalløb,/intervallob-intervaltraening/
_posts/2021-08-24-hvordan-loebeprogram-vo2max.md,Komplet guide til intervaltræning,/intervaltraening/
_posts/2021-08-24-hvordan-loebeprogram-vo2max.md,intensitetens betydning for forbedring af VO₂max,/maksimale-iltoptagelse-vo2max/
_posts/2021-08-24-hvordan-loebeprogram-vo2max.md,guiden til at lave et løbeprogram,/guide-til-loebeprogram/
_posts/2019-10-10-rts-app.md,store guide til de bedste træningsdagbog-apps her,/traeningsdagbog-app/
_posts/2019-10-10-rts-app.md,supersets,/guide-superset/
_posts/2022-08-18-puls.md,normal puls i hvile,/hvilepuls/
_posts/2022-08-18-puls.md,normal maxpuls,/test-max-puls/
_posts/2022-08-18-puls.md,Din hvilepuls,/hvilepuls/
_posts/2022-08-18-puls.md,teste din maxpuls,/test-max-puls/
_posts/2022-08-18-puls.md,beregne din pulsreserve,/pulszoner-beregner/
_posts/2022-08-18-puls.md,dit blodtryk,/blodtryk/
_posts/2022-08-18-puls.md,Alt om Heart Rate Variabilitet,/hrv/
_posts/2022-08-18-puls.md,Pulstræning,/pulstraening/
_posts/2022-08-18-puls.md,træning af kondition,/konditionstraening/
_posts/2022-08-18-puls.md,pulszoner og pulsreserve,/pulszoner-beregner/
_posts/2022-08-18-puls.md,Din restitutionspuls,/restitutionspuls/
_posts/2022-08-18-puls.md,konditionstests,/kondition/tests/
_posts/2022-08-18-puls.md,finde dit kondital,/kondital/
_posts/2022-08-18-puls.md,kondital fra din puls,/kondital-fra-puls/
_posts/2022-08-18-puls.md,guide til pulsure til begyndere,/pulsure/
_posts/2022-11-11-billigste-fitnesscenter.md,kettlebells,/artikel/hvordan-traener-man-med-kettlebells/
_posts/2022-11-11-billigste-fitnesscenter.md,Overblik over danske fitnessbutikker og online forhandlere,/fitnessbutikker/
_posts/2022-11-11-billigste-fitnesscenter.md,Guide til køb af det bedste træningsudstyr til hjemmet,/fitnessbutikker/
_posts/2022-11-11-billigste-fitnesscenter.md,Kom godt i gang med hjemmetræning uden udstyr,/hjemmetraening-traeningsprogram/
_posts/2019-10-20-1rm-beregner.md,1RM-test,/rm-maxtest/
_posts/2019-10-20-1rm-beregner.md,Lær hvordan du laver en fysisk maxtest,/rm-maxtest/
_posts/2019-10-20-1rm-beregner.md,1RM-formlerne,/1rm-formler/
_posts/2019-10-20-1rm-beregner.md,træningsbælte,/baelte-styrketraening/
_posts/2019-10-20-1rm-beregner.md,specifik opvarmning,/opvarmning-styrketraening/
_posts/2019-10-20-1rm-beregner.md,Type II-muskelfibre,/muskelfibertyper/
_posts/2019-10-20-1rm-beregner.md,Alle formler for 1RM (one rep max),/1rm-formler/
_posts/2019-10-20-1rm-beregner.md,RPE-tabeller baseret på Rate of Perceived Exertion,/rpe/
_posts/2019-10-20-1rm-beregner.md,Alle formler til 1RM-beregning,/1rm-formler/
_posts/2019-10-20-1rm-beregner.md,Guide til en fysisk 1RM-maxtest,/rm-maxtest/
_posts/2019-10-20-1rm-beregner.md,Styr dit program med RPE & RIR,/rpe/
_posts/2020-07-06-rows.md,bent over rows,/oevelse/bent-over-rows-bor/
_posts/2020-07-06-rows.md,chinups og pullps,/chinup-vs-pullup/
_posts/2026-08-18-intervaltimer.md,intervaltræningspas,/intervaltraening/
_posts/2026-08-18-intervaltimer.md,maksimale iltoptagelse (VO2max),/maksimale-iltoptagelse-vo2max/
_posts/2026-08-18-intervaltimer.md,anaerobe kapacitet,/anaerob-traening/
_posts/2026-08-18-intervaltimer.md,Tabata-træning,/artikel/tabata-traening-intervaller/
_posts/2026-08-18-intervaltimer.md,kondital,/kondital/
_posts/2026-08-18-intervaltimer.md,10-20-30 intervaltræning,/10-20-30-intervaltraening/
_posts/2026-08-18-intervaltimer.md,4x4 intervaltræning,/4x4-intervaltraening/
_posts/2026-08-18-intervaltimer.md,Sprint 8 træning,/artikel/sprint-8-intervaltraening-der-virker/
_posts/2026-08-18-intervaltimer.md,norske tærskelmodel,/norsk-taerskeltraening/
_posts/2019-10-31-andersen-test.md,konditionstest,/kondition/tests/
_posts/2019-10-31-andersen-test.md,Coopers 12 minutters løbetest,/cooper-test/
_posts/2019-10-31-andersen-test.md,tabellerne over normale kondital,/kondital/
_posts/2019-10-31-andersen-test.md,Bip-test (Shuttle Run Test),/bip-test/
_posts/2019-10-31-andersen-test.md,Wattmax-test for børn,/kondital-wattmax-boern/
_posts/2019-10-31-andersen-test.md,"Submaksimal 1,6 km jogging-test",/submaximal-jogging-test-vo2/
_posts/2021-10-18-traening-aeldre.md,styrketræning,/styrketraening/
_posts/2021-10-18-traening-aeldre.md,træning i voksenlivet,/traening-40-plus/
_posts/2021-10-18-traening-aeldre.md,eksplosivitet (RFD),/rate-of-force-development/
_posts/2021-10-18-traening-aeldre.md,rask gang,/gang/
_posts/2021-10-18-traening-aeldre.md,squat-variationer,/squat-dybt/
_posts/2021-10-18-traening-aeldre.md,dødløft,/doedloeft-biomekanik/
_posts/2021-10-18-traening-aeldre.md,RIR 1–3,/rpe/
_posts/2021-10-18-traening-aeldre.md,balance,/balance/
_posts/2021-10-18-traening-aeldre.md,balancetræning,/balancetraening/
_posts/2021-10-18-traening-aeldre.md,Restitutionstid og alder,/restitutionstid-og-alder/
_posts/2021-10-18-traening-aeldre.md,Træning efter 40 år,/traening-40-plus/
_posts/2021-10-18-traening-aeldre.md,6 minutters gangtest (6MWT),/gaatest-6min/
_posts/2021-10-18-traening-aeldre.md,Balancetests,/balance-tests/
_posts/2020-05-31-hvad-vejer-skelettet.md,led og forskellige ledtyper,/led/
_posts/2020-05-31-hvad-vejer-skelettet.md,knogletyper,/knogler/
_posts/2020-05-31-hvad-vejer-skelettet.md,Hvor mange knogler har mennesket?,/hvor-mange-knogler-har-mennesket/
_posts/2020-05-31-hvad-vejer-skelettet.md,om antallet af knogler i menneskekroppen her,/hvor-mange-knogler-har-mennesket/
_posts/2020-05-31-hvad-vejer-skelettet.md,muskelmasse beregner,/muskelmasse-beregner/
_posts/2020-05-31-hvad-vejer-skelettet.md,måling af fedtprocent,/maal-fedtprocent/
_posts/2020-05-31-hvad-vejer-skelettet.md,beregne din fedtprocent,/artikel/udregning-af-fedtprocent/
_posts/2020-05-31-hvad-vejer-skelettet.md,knoglerne og knogletyperne,/knogler/
_posts/2020-05-31-hvad-vejer-skelettet.md,anatomi,/anatomi/
_posts/2020-05-31-hvad-vejer-skelettet.md,**Se anbefalinger til anatomibøger og plakater her**,/traeningsboeger-boeger-om-traening/#anatomi-og-fysiologi
_posts/2020-06-30-pullup-chinup.md,calisthenics,/calisthenics-begynderprogram-kropsvaegtstraening/
_posts/2020-06-30-pullup-chinup.md,frontale bevægelsesplan,/led/
_posts/2020-06-30-pullup-chinup.md,sagitale bevægelsesplan,/led/
_posts/2019-10-31-kondital-gaa-test-1-6-km.md,hvor hurtigt man normalt går,/tid-at-gaa/
_posts/2019-10-31-kondital-gaa-test-1-6-km.md,kondital,/kondital/
_posts/2019-10-31-kondital-gaa-test-1-6-km.md,6 minutters gang-test (6MWT),/gaatest-6min/
_posts/2019-10-31-kondital-gaa-test-1-6-km.md,måle din puls,/puls/
_posts/2019-10-31-kondital-gaa-test-1-6-km.md,hvorfor mænd og kvinder måles forskelligt i konditionstests,/kondital-maend-kvinder-forskelle/
_posts/2019-10-31-kondital-gaa-test-1-6-km.md,Coopers 2400 meter test,/kondital-2400-meter/
_posts/2019-10-31-kondital-gaa-test-1-6-km.md,tabel over kondital for mænd og kvinder,/kondital/
_posts/2019-10-31-kondital-gaa-test-1-6-km.md,hvor hurtigt man normalt går,/tid-at-gaa/
_posts/2019-10-31-kondital-gaa-test-1-6-km.md,hvor mange kalorier du forbrænder ved gang,/forbraending-ved-gaa-gang/
_posts/2019-10-31-kondital-gaa-test-1-6-km.md,tælle deres daglige skridt,/artikel/tael-skridt/
_posts/2019-10-31-kondital-gaa-test-1-6-km.md,"hvor mange skridt, der går på en kilometer",/skridt-pr-km-10000/
_posts/2019-10-31-kondital-gaa-test-1-6-km.md,forskellige konditionstests,/kondition/tests/
_posts/2011-04-16-hvordan-traener-man-med-kettlebells.md,Kettlbell Swings,/oevelse/tohaandssving/
_posts/2011-04-16-hvordan-traener-man-med-kettlebells.md,Clean and press,/oevelse/one-arm-clean-and-jerk/
_posts/2011-04-16-hvordan-traener-man-med-kettlebells.md,Turkish getups,/oevelse/turkish-getup/
_posts/2011-04-16-hvordan-traener-man-med-kettlebells.md,sammensætte et træningsprogram til styrketræning,/traeningsprogram-programlaegning-styrketraening/
_posts/2019-10-19-taljemaal.md,BMI-beregninger,/bmi/
_posts/2019-10-19-taljemaal.md,Body Adiposity Index (BAI),/bai-body-adiposity-index/
_posts/2019-10-19-taljemaal.md,Hvad er kropskomposition?,/kropskomposition/
_posts/2019-10-19-taljemaal.md,Sådan måler du din fedtprocent,/artikel/udregning-af-fedtprocent/
_posts/2019-10-19-taljemaal.md,Normer for fedtprocent for mænd og kvinder,/fedtprocent-normer/
_posts/2019-10-19-taljemaal.md,Mål din fedtprocent med en fedttang (skinfold),/skinfold/
_posts/2020-08-29-kalorietabellen.md,Kalorietabel for Kød & Fjerkræ,/kalorietabel-koed/
_posts/2020-08-29-kalorietabellen.md,Kalorietabel for Brød,/kalorietabel-broed/
_posts/2020-08-29-kalorietabellen.md,Kalorietabel for Frugt & Bær,/kalorietabel-frugt/
_posts/2020-08-29-kalorietabellen.md,Kalorietabel for Grøntsager,/kalorietabel-groentsager/
_posts/2020-08-29-kalorietabellen.md,Kalorietabel for Alkohol,/kalorietabel-alkohol/
_posts/2020-08-29-kalorietabellen.md,Udregn dit BMR (Basalstofskifte),/bmr-beregner/
_posts/2020-08-29-kalorietabellen.md,Beregn dit ligevægtsindtag,/ligevaegtsindtag-beregner/
_posts/2020-08-29-kalorietabellen.md,dagligt proteinindtag,/dagligt-protein-indtagelse/
_posts/2025-04-14-madcow-5x5.md,klassisk styrketræningsprogram,/styrketraeningsprogrammer/
_posts/2025-04-14-madcow-5x5.md,Starting Strenght,/starting-strength-styrketraeningsprogram/
_posts/2025-04-14-madcow-5x5.md,StrongLifts 5×5,/stronglifts-5x5/
_posts/2025-04-14-madcow-5x5.md,Bill Starrs originale 5×5-program,/bill-starr-5x5/
_posts/2025-04-14-madcow-5x5.md,splitprogrammer,/styrketraening/split-programmer/
_posts/2025-04-14-madcow-5x5.md,Liftosaur,/liftosaur/
_posts/2025-04-14-madcow-5x5.md,daily undulating periodisering,/dup/
_posts/2025-04-14-madcow-5x5.md,teste din 1RM,/rm-maxtest/
_posts/2025-04-14-madcow-5x5.md,programmer til styrketræning,/styrketraeningsprogrammer/
_posts/2025-04-14-madcow-5x5.md,dit styrketræningsniveau,/styrketraening/periodisering/
_posts/2025-04-14-madcow-5x5.md,Liftosaur-appen,/liftosaur/
_posts/2026-08-05-30-15-ift-test.md,Yo-Yo IR1 / IR2,/yoyo-test/
_posts/2026-08-05-30-15-ift-test.md,Beep-test (Leger 20m),/bip-test/
_posts/2026-08-05-30-15-ift-test.md,Yo-Yo Intermittent Recovery testen,/yoyo-test/
_posts/2026-08-05-30-15-ift-test.md,Beep-testen (Multi-Stage Fitness Test),/bip-test/
_posts/2026-08-05-30-15-ift-test.md,Yo-Yo Intermittent Test (IR1 & IR2),/yoyo-test/
_posts/2026-08-05-30-15-ift-test.md,Beep-test / Pip-test (Leger 20m),/bip-test/
_posts/2026-08-05-30-15-ift-test.md,Coopers 12-minutters løbetest,/cooper-test/
_posts/2026-08-05-30-15-ift-test.md,Watt Max test (Ramp-test på cykel),/kondital-wattmax/
_posts/2022-02-09-running-dynamics.md,løbekadence og skridtlængde,/gennemsnitlige-skridtlaengde-kadence-loeb/
_posts/2022-02-09-running-dynamics.md,pulstræning,/pulstraening/
_posts/2022-02-09-running-dynamics.md,pulszoner,/pulszoner-beregner/
_posts/2022-02-09-running-dynamics.md,maxpulsen,/test-max-puls/
_posts/2022-02-09-running-dynamics.md,pulsreserven,/pulsreserve/
_posts/2022-02-09-running-dynamics.md,hvilepuls,/hvilepuls/
_posts/2022-02-09-running-dynamics.md,kondital,/kondital/
_posts/2022-02-09-running-dynamics.md,pulsmålinger,/kondital-fra-puls/
_posts/2022-02-09-running-dynamics.md,pulsur,/pulsure/
_posts/2022-02-09-running-dynamics.md,wattmåling og løb,/loeb-watt/
_posts/2022-02-09-running-dynamics.md,løbeøkonomi,/lobeokonomi/
_posts/2019-10-31-kondital-watt-max-children-test.md,Watt max-testen,/kondital-wattmax/
_posts/2019-10-31-kondital-watt-max-children-test.md,Watt-max-testen for voksne,/kondital-wattmax/
_posts/2019-10-31-kondital-watt-max-children-test.md,Watt-max-testen for voksne,/kondital-wattmax/
_posts/2019-10-31-kondital-watt-max-children-test.md,Andersen testen,/andersen-test/
_posts/2019-10-31-kondital-watt-max-children-test.md,Cooper-test til børn,/cooper-test/
_posts/2022-11-02-gameday-priming.md,god søvn,/soevn-optimering/
_posts/2022-11-02-gameday-priming.md,velocity based training,/vbt/
_posts/2021-08-24-hvordan-loebeprogram-udholdenhed.md,denne guide til at lave et løbeprogram,/guide-til-loebeprogram/
_posts/2021-08-24-hvordan-loebeprogram-udholdenhed.md,fysiologiske tilpasninger og adaptation er til udholdenhedstræning,/tilpasning-konditionstraening/
_posts/2021-08-24-hvordan-loebeprogram-udholdenhed.md,Borg-skalaen,/borg-skala/
_posts/2021-08-24-hvordan-loebeprogram-udholdenhed.md,guiden til at lave et løbeprogram,/guide-til-loebeprogram/
_posts/2021-08-23-opvarmning-loeb.md,dybdegående fagside om fysiologien bag opvarmning,/opvarmning/
_posts/2021-08-23-opvarmning-loeb.md,opvarmning til styrketræning,/opvarmning-styrketraening/
_posts/2021-08-23-opvarmning-loeb.md,balancetræning,/balancetraening/
_posts/2021-08-23-opvarmning-loeb.md,planken,/oevelse/planken/
_posts/2021-08-23-opvarmning-loeb.md,core-øvelser,/core/
_posts/2021-08-23-opvarmning-loeb.md,maveøvelser,/muskler/mave/
_posts/2021-08-23-opvarmning-loeb.md,squats,/squat/
_posts/2021-08-23-opvarmning-loeb.md,lunges,/lunges/
_posts/2021-08-23-opvarmning-loeb.md,armstrækninger,/armbojninger-eller-armstraekninger-pushups/
_posts/2021-08-23-opvarmning-loeb.md,plyometrisk træning,/plyometrisk-traening/
_posts/2026-08-16-sports-bh.md,Countermovement Jump,/countermovement-jump-cmj-squat-jump-sj/#cmj
_posts/2026-08-16-sports-bh.md,Træning & Menstruationscyklus,/menstruationscyklus-og-traening/
_posts/2026-08-16-sports-bh.md,Eksplosiv Styrke Dashboard,/eksplosivitet/
_posts/2026-08-16-sports-bh.md,Countermovement Jump (CMJ) Test,/countermovement-jump-cmj-squat-jump-sj/#cmj
_posts/2026-08-16-sports-bh.md,Pulszoner & Karvonen Formel,/pulszoner-beregner/
_posts/2026-08-07-ficks-ligning.md,maksimale iltoptagelse (VO₂max),/maksimale-iltoptagelse-vo2max/
_posts/2026-08-07-ficks-ligning.md,4x4 min,/4x4-intervaltraening/
_posts/2011-09-14-udnyt-det-aabne-vindue-og-restituer-hurtigere.md,flere strategier til restitution,/restitution/
_posts/2011-09-14-udnyt-det-aabne-vindue-og-restituer-hurtigere.md,"Hypertrofi, muskelvækst og de fysiologiske tilpasninger til træning",/fysiologiske-tilpasninger/
_posts/2011-09-14-udnyt-det-aabne-vindue-og-restituer-hurtigere.md,kropskomposition,/kropskomposition/
_posts/2011-09-14-udnyt-det-aabne-vindue-og-restituer-hurtigere.md,Hvor meget protein har du brug for om dagen?,/dagligt-protein-indtagelse/
_posts/2011-09-14-udnyt-det-aabne-vindue-og-restituer-hurtigere.md,"kosttilskud, hvor jeg også nævner protein",/kosttilskud/
_posts/2011-09-14-udnyt-det-aabne-vindue-og-restituer-hurtigere.md,glykæmiske index,/glykaemisk-indeks/
_posts/2011-09-14-udnyt-det-aabne-vindue-og-restituer-hurtigere.md,restitutionstiden,/restitution/
_posts/2022-01-21-trappetest-cykel.md,Functional Threshold Power (FTP),/ftp-cykling/
_posts/2022-01-21-trappetest-cykel.md,Watt-max test (Andersen-protokollen),/kondital-wattmax/
_posts/2022-01-21-trappetest-cykel.md,estimere din FTP til cykeltræning,/ftp-test/
_posts/2022-01-21-trappetest-cykel.md,træningszoner og intensitetszoner,/traeningszoner/
_posts/2022-01-21-trappetest-cykel.md,laktat og mælkesyre,/maelkesyre-traening/
_posts/2022-01-21-trappetest-cykel.md,maksimale iltoptagelse,/maksimale-iltoptagelse-vo2max/
_posts/2022-01-21-trappetest-cykel.md,Functional Threshold Power (FTP),/ftp-cykling/
_posts/2022-01-21-trappetest-cykel.md,konditionstests på cykel,/tests/cykling/
_posts/2020-07-16-etbenstest-storktest.md,Oversigt over balancetests på Motionsplan.dk,/balance-tests/
_posts/2020-07-16-etbenstest-storktest.md,Effektive balanceøvelser og progression,/balancetraening/
_posts/2021-10-17-watch-vo2-max.md,VO₂-max og maksimal iltoptagelse,/maksimale-iltoptagelse-vo2max/
_posts/2021-10-17-watch-vo2-max.md,kondital,/kondital/
_posts/2021-10-17-watch-vo2-max.md,12-minutters Cooper test,/cooper-test/
_posts/2021-10-17-watch-vo2-max.md,2400-meter løbetest,/kondital-2400-meter/
_posts/2021-10-17-watch-vo2-max.md,Bip-test,/bip-test/
_posts/2021-10-17-watch-vo2-max.md,hvilepuls,/hvilepuls/
_posts/2021-10-17-watch-vo2-max.md,Heart Rate Variability (HRV),/hrv/
_posts/2021-10-17-watch-vo2-max.md,Bruce løbetest,/bruce-test/
_posts/2021-10-17-watch-vo2-max.md,maxpuls,/test-max-puls/
_posts/2021-10-17-watch-vo2-max.md,Jack Daniels Løbeberegner,/loebesiden-jack-daniels-loebeberegner/
_posts/2021-08-24-loebeprogrammer-42k.md,et løbetræningsprogram,/loebeprogrammer/
_posts/2021-08-24-loebeprogrammer-42k.md,16-ugers begynderprogram fra 0 til 5 km,/loebeprogram-begyndere/
_posts/2021-08-24-loebeprogrammer-42k.md,12-ugers løbeprogram til halvmaraton (21 km),/loebeprogram-halvmaraton-21km/
_posts/2021-08-24-loebeprogrammer-42k.md,løbeøkonomi,/lobeokonomi/
_posts/2021-08-24-loebeprogrammer-42k.md,styrketræning for løbere,/styrketraening-til-loeb/
_posts/2022-02-12-styrketraeningsudstyr.md,Guide til at vælge sko til styrketræning,/sko-styrketraening-fitness/
_posts/2022-02-12-styrketraeningsudstyr.md,vælge et styrketræningsbælte,/baelte-styrketraening/
_posts/2022-02-12-styrketraeningsudstyr.md,Kreatin kan give en forøgelse af styrke og muskelmasse,/kreatin/
_posts/2022-02-12-styrketraeningsudstyr.md,"kosttilskud, der kan betale sig",/kosttilskud/
_posts/2022-02-12-styrketraeningsudstyr.md,kosttilskud i danske webshops,/koeb-kosttilskud-online/
_posts/2022-02-12-styrketraeningsudstyr.md,online fitnessshops,/fitnessbutikker/
_posts/2026-08-18-mcgill-big-3.md,muskelmasse og hypertrofi,/muskelmasse-beregner/
_posts/2020-08-01-bevaegelsesanalyse.md,underviser i træning,/fitnessinstruktoer/
_posts/2020-08-01-bevaegelsesanalyse.md,Bliv klogere på bevægelsesplaner og bevægelsestyper,/bevaegelsestyper-og-bevaegelsesplaner/
_posts/2020-08-01-bevaegelsesanalyse.md,"led, ledtyper og bevægelse",/led/
_posts/2020-08-01-bevaegelsesanalyse.md,"excentrisk, koncentrisk eller statisk",/koncentrisk-excentrisk-isometrisk/
_posts/2026-08-05-tug-test.md,6 Minutters Gå-test (6MWT),/gaatest-6min/
_posts/2026-08-05-tug-test.md,"Rockport 1,6 km Gangtest",/gaatest/
_posts/2026-08-05-tug-test.md,Bergs Balanceskala (BBS),/bergs-balanceskala/
_posts/2021-08-24-soevn.md,kroppens restitution,/restitution/
_posts/2021-08-24-soevn.md,hvor meget søvn du skal have,/hvor-meget-skal-man-sove/
_posts/2021-08-24-soevn.md,optimeret søvn skal foregå i cyklusser,/soevn-optimering/
_posts/2021-08-24-soevn.md,søvncyklus beregner,/hvornaar-gaa-i-seng/
_posts/2021-08-24-soevn.md,god søvnhygiejne,/soevn-optimering/
_posts/2020-06-23-atrofi-hvor-hurtigt.md,hvor hurtigt du kan bygge muskelmasse op,/hvor-hurtigt-vokser-muskler/
_posts/2020-06-23-atrofi-hvor-hurtigt.md,vækstfaktorerne,/hvordan-vokser-muskler/
_posts/2020-06-23-atrofi-hvor-hurtigt.md,hvor hurtigt musklerne kan vokse,/hvor-hurtigt-vokser-muskler/
_posts/2020-06-23-atrofi-hvor-hurtigt.md,dagligt proteinindtag,/dagligt-protein-indtagelse/
_posts/2020-06-23-atrofi-hvor-hurtigt.md,1RM,/rm-beregner/
_posts/2020-06-23-atrofi-hvor-hurtigt.md,hvad de fysiologiske tilpasninger er ved styrketræning,/fysiologiske-tilpasninger/
_posts/2020-06-23-atrofi-hvor-hurtigt.md,hvor hurtigt muskler vokser,/hvor-hurtigt-vokser-muskler/
_posts/2025-04-20-traeningsfilosofier-loeb.md,træningsprincipper til løb,/traeningsprincipper-loeb/
_posts/2025-04-20-traeningsfilosofier-loeb.md,grundlæggende træningsprincipper,/traeningsprincipper/
_posts/2019-10-24-texas-method.md,begynderprogrammet Starting Strength af Mark Rippetoe,/starting-strength-styrketraeningsprogram/
_posts/2019-10-24-texas-method.md,gratis klassiske styrkeprogrammer,/styrketraeningsprogrammer/
_posts/2019-10-24-texas-method.md,Liftosaur-appen,/liftosaur/
_posts/2010-10-07-traen-kort-og-eksplosivt-loeb-kortere-og-bliv-en-bedre-loeber.md,4 x 4 min løb,/4x4-intervaltraening/
_posts/2019-11-03-intensiteten-og-vo2max.md,4x4 minutter,/4x4-intervaltraening/
_posts/2019-11-03-intensiteten-og-vo2max.md,kondition,/kondition/
_posts/2019-11-03-intensiteten-og-vo2max.md,kondital,/kondital/
_posts/2019-11-03-intensiteten-og-vo2max.md,kondital,/kondital/
_posts/2019-11-03-intensiteten-og-vo2max.md,iltoptagelsestest med maske i laboratorium,/iltoptagelse-laboratorietest/
_posts/2019-11-03-intensiteten-og-vo2max.md,Cooper-testen,/cooper-test/
_posts/2019-11-03-intensiteten-og-vo2max.md,bip-testen,/bip-test/
_posts/2019-11-03-intensiteten-og-vo2max.md,konditionstests her,/kondition/tests/
_posts/2019-11-03-intensiteten-og-vo2max.md,vores kondital-tabeller her,/kondital/
_posts/2019-11-03-intensiteten-og-vo2max.md,Billat 6-minutters testen,/billat-vvovmax-tlimvo2max/
_posts/2019-11-03-intensiteten-og-vo2max.md,Olhers submaksimale 6-minutters test,/submaximal-6min-vvo2max-test/
_posts/2019-11-03-intensiteten-og-vo2max.md,konditionstræning,/konditionstraening/
_posts/2019-11-03-intensiteten-og-vo2max.md,intervaltræning,/intervaltraening/
_posts/2019-11-03-intensiteten-og-vo2max.md,maxpulsen (HR<sub>max</sub>),/test-max-puls/
_posts/2019-11-03-intensiteten-og-vo2max.md,maksimale puls,/test-max-puls/
_posts/2019-11-03-intensiteten-og-vo2max.md,HIIT-træning,/hiit/
_posts/2020-08-19-styrketraening-programlaegning.md,opvarmning til styrketræning her,/opvarmning-styrketraening/
_posts/2020-08-19-styrketraening-programlaegning.md,6 trin til at lave dit eget træningsprogram til styrketræning her,/programlaegning-styrketraening/
_posts/2020-08-19-styrketraening-programlaegning.md,anmeldelser af styrketræningsprogrammer,/styrketraeningsprogrammer/
_posts/2020-08-19-styrketraening-programlaegning.md,godt styrketræningsprogram,/styrketraeningsprogrammer/
_posts/2020-08-19-styrketraening-programlaegning.md,screening,/screening/
_posts/2020-08-19-styrketraening-programlaegning.md,træningslæren om styrketræning,/styrketraening/traeningslaere/
_posts/2020-08-19-styrketraening-programlaegning.md,restitution,/restitution/
_posts/2020-08-19-styrketraening-programlaegning.md,ordentlig søvn,/soevn/
_posts/2020-08-19-styrketraening-programlaegning.md,fysiologiske adaptationer og tilpasninger til styrketræning,/fysiologiske-tilpasninger/
_posts/2020-08-19-styrketraening-programlaegning.md,allervigtigeste træningsprincipper til styrketræning,/styrketraening/traeningslaere/
_posts/2020-08-19-styrketraening-programlaegning.md,Sådan laver du et fuldkropsprogram,/artikel/hvordan-opbygger-jeg-et-helkropsprogram/
_posts/2020-08-19-styrketraening-programlaegning.md,tips til din teknik i styrketræning,/rigtig-teknik-styrketraening/
_posts/2020-08-19-styrketraening-programlaegning.md,Træningspyramiden af Eric Helms,/traeningspyramiden-styrketraening/
_posts/2020-08-19-styrketraening-programlaegning.md,‘1 repetition maximum’ (1RM),/rm-maxtest/
_posts/2020-08-19-styrketraening-programlaegning.md,beregner til one rep max,/rm-beregner/
_posts/2020-08-19-styrketraening-programlaegning.md,Prilepin,/prilepins-tabel/
_posts/2020-08-19-styrketraening-programlaegning.md,1RM,/rm-beregner/
_posts/2020-08-19-styrketraening-programlaegning.md,gratis eksempler på fullbody-programmer,/styrketraening/helkropsprogrammer/
_posts/2020-08-19-styrketraening-programlaegning.md,lave dit eget helkropsprogram,/artikel/hvordan-opbygger-jeg-et-helkropsprogram/
_posts/2020-08-19-styrketraening-programlaegning.md,Lær mere om splitprogrammer,/styrketraening/split-programmer/
_posts/2020-08-19-styrketraening-programlaegning.md,Læs mere om Daily Undulating Periodization,/dup/
_posts/2020-08-19-styrketraening-programlaegning.md,progressionsmodeller i styrketræning,/progressionsmodeller-progressivt-overload/
_posts/2020-08-19-styrketraening-programlaegning.md,tænker ‘deload’ uger ind i dit program,/deload-uge/
_posts/2020-08-19-styrketraening-programlaegning.md,RPE i styrketræning her,/rpe/
_posts/2020-08-19-styrketraening-programlaegning.md,skabeloner til træningsprogrammer,/skabeloner/
_posts/2020-08-19-styrketraening-programlaegning.md,forslag til styrketræningsprogrammer,/styrketraeningsprogrammer/
_posts/2020-08-19-styrketraening-programlaegning.md,INOL er en formel til at udregne det samlede træningsstimuli,/inol/
_posts/2020-08-19-styrketraening-programlaegning.md,Prilepins tabel,/prilepins-tabel/
_posts/2025-02-20-laktatmaaler-test.md,trin-for-trin testprotokol for laktattests,/laktattest/
_posts/2025-02-20-laktatmaaler-test.md,interaktive laktatberegner,/laktattest/#calculator
_posts/2025-02-20-laktatmaaler-test.md,<i class='fas fa-arrow-right'></i> Gå til Testprotokol & Laktatberegner,/laktattest/
_posts/2020-07-12-vbt.md,Det bedste udstyr til VBT,/vbt-udstyr
_posts/2020-07-12-vbt.md,1RM-beregnere,/rm-beregner/
_posts/2020-07-12-vbt.md,"fibertyper, så har vi skrevet en gennemgang",/muskelfibertyper/
_posts/2020-07-12-vbt.md,andet indlæg om,/rpe/
_posts/2020-07-12-vbt.md,ømhed efter træning,/omme-muskler-efter-traening/
_posts/2020-07-12-vbt.md,Sådan laver du en 1RM test med VBT,/vbt-1rm/
_posts/2020-07-12-vbt.md,RPE-skalaen,/rpe/
_posts/2020-07-12-vbt.md,Borgskala,/borg-skala/
_posts/2020-07-12-vbt.md,guiden til at lave din egen hastighedsprofil med VBT,/vbt-hastighedsprofil/
_posts/2020-07-12-vbt.md,VBT-programmet,/vbt-traeningsprogram/
_posts/2019-10-10-traeningsdagbog-app.md,Læs vores dybdegående guide til Liftosaur her →,/liftosaur/
_posts/2019-10-10-traeningsdagbog-app.md,Læs vores komplette gennemgang af RTS-appen her →,/rts-app/
_posts/2019-10-10-traeningsdagbog-app.md,Læs vores begynderguide til Intervals.icu her →,/intervals-icu-begynderguide/
_posts/2019-10-10-traeningsdagbog-app.md,Hent vores gratis skabeloner til træningsprogrammer og logbøger i Google Sheets og Docs her →,/skabeloner/
_posts/2019-10-20-1rm-formler.md,1RM-beregner,/rm-beregner/
_posts/2019-10-20-1rm-formler.md,max-test af din 1RM,/rm-maxtest/
_posts/2019-10-20-1rm-formler.md,Prøv 1RM beregneren,/rm-beregner/
_posts/2019-10-20-1rm-formler.md,bruge et træningsbælte,/baelte-styrketraening/
_posts/2019-10-20-1rm-formler.md,specifik opvarmning til styrketræning,/opvarmning-styrketraening/
_posts/2019-10-20-1rm-formler.md,Alt om hurtige og langsomme muskelfibertyper,/muskelfibertyper/
_posts/2019-10-20-1rm-formler.md,Alt om progression i styrketræning,/progressionsmodeller-progressivt-overload/
_posts/2019-10-20-1rm-formler.md,1RM-beregner,/rm-beregner/
_posts/2019-10-20-1rm-formler.md,1RM-test,/rm-maxtest/
_posts/2019-10-20-1rm-formler.md,1RM & RPE,/rpe/
_posts/2019-10-20-1rm-formler.md,1RM & Velocity Based Training,/vbt/
_posts/2021-11-12-sport-mps-2.md,ATQ Automatiske Negative Tanker,/atq-automatiske-negative-tanker/
_posts/2021-11-12-sport-mps-2.md,SCAT Konkurrencenervøsitet,/scat-konkurrencenervoesitet/
_posts/2021-11-12-sport-mps-2.md,Athlete Burnout Questionnaire (ABQ),/abq-udbraendthed-overtraening/
_posts/2024-08-05-energiforbrug.md,ligevægtsberegner,/ligevaegtsindtag-beregner/
_posts/2024-08-05-energiforbrug.md,Varmehåndtering i cykling,/varme-management-cykling/
_posts/2024-08-05-energiforbrug.md,Beregn din løbeøkonomi,/lobeokonomi/
_posts/2025-04-14-ivysaur-4-4-8.md,Liftosaur-appen,/liftosaur/
_posts/2021-12-13-hamstring-strength.md,Nordic hamstring,/oevelse/nordic-hamstring/
_posts/2009-07-01-traen-med-en-makker.md,træning med kropsvægt,/artikel/traening-med-kropsvaegt/
_posts/2009-07-01-traen-med-en-makker.md,funktionel træning,/artikel/funktionel-styrketraening/
_posts/2009-07-01-traen-med-en-makker.md,Nordic Hamstring Curls,/nordic-hamstring-breakpoint/
_posts/2009-07-01-traen-med-en-makker.md,excentrisk med baglårene,/excentrisk-traening/
_posts/2009-07-01-traen-med-en-makker.md,HIIT og konditionstræning,/hiit/
_posts/2009-07-01-traen-med-en-makker.md,core-stabilitet,/core/
_posts/2009-07-01-traen-med-en-makker.md,Træning med kropsvægt,/artikel/traening-med-kropsvaegt/
_posts/2009-07-01-traen-med-en-makker.md,Hjemmetræning uden udstyr,/hjemmetraening-traeningsprogram/
_posts/2009-07-01-traen-med-en-makker.md,Nordic Hamstring Breakpoint Angle,/nordic-hamstring-breakpoint/
_posts/2009-07-01-traen-med-en-makker.md,HIIT og intervaltræning,/hiit/
_posts/2021-06-19-aerob-traening.md,konditionstræning,/konditionstraening/
_posts/2021-06-19-aerob-traening.md,det aerobe og anaerobe energisystem,/energisystemer/
_posts/2021-06-19-aerob-traening.md,anaerob træning,/anaerob-traening/
_posts/2021-06-19-aerob-traening.md,forskellen på aerob og anaerob træning,/forskel-aerob-anaerob-traening/
_posts/2021-06-19-aerob-traening.md,den respiratoriske (RER) og metaboliske (RQ) udvekslingskvotient,/respiratoriske-metaboliske-udvekslingskvotient/
_posts/2021-06-19-aerob-traening.md,konditionstræning,/konditionstraening/
_posts/2021-06-19-aerob-traening.md,konditionen,/kondition/
_posts/2021-06-19-aerob-traening.md,den maksimale iltoptagelse,/maksimale-iltoptagelse-vo2max/
_posts/2021-06-19-aerob-traening.md,anaerobe tærskel,/anaerobe-taerskel/
_posts/2021-06-19-aerob-traening.md,"fysiologiske tilpasninger, der sker ved konditionstræning",/tilpasning-konditionstraening/
_posts/2021-06-19-aerob-traening.md,Zone 2 træning og den aerobe tærskel,/zone-2-traening/
_posts/2021-06-19-aerob-traening.md,hvad FatMax er,/fatmax/
_posts/2021-06-19-aerob-traening.md,intervalløb,/intervallob-intervaltraening/
_posts/2021-06-19-aerob-traening.md,anaerobe tærskel,/anaerobe-taerskel/
_posts/2021-06-19-aerob-traening.md,hvilepuls,/hvilepuls/
_posts/2021-06-19-aerob-traening.md,Heart Rate Variability (HRV),/hrv/
_posts/2021-06-19-aerob-traening.md,2400 meter-test,/kondital-2400-meter/
_posts/2021-06-19-aerob-traening.md,Coopers 12-minutters test,/cooper-test/
_posts/2021-06-19-aerob-traening.md,Heart Rate Recovery (restitutionspulsen),/restitutionspuls/
_posts/2021-06-19-aerob-traening.md,intervaltræning,/intervaltraening/
_posts/2021-06-19-aerob-traening.md,HIIT,/hiit/
_posts/2021-06-19-aerob-traening.md,intervaltræning,/intervaltraening/
_posts/2021-06-19-aerob-traening.md,intervalløb,/intervallob-intervaltraening/
_posts/2021-06-19-aerob-traening.md,Tabata-intervaller,/artikel/tabata-traening-intervaller/
_posts/2021-06-19-aerob-traening.md,intensiteten betyder for din træning af den maksimale iltoptagelse,/maksimale-iltoptagelse-vo2max/
_posts/2021-06-19-aerob-traening.md,HIIT-træning og HIIT-intervaller egentlig er,/hiit/
_posts/2021-06-19-aerob-traening.md,anaerobe tærskel,/anaerobe-taerskel/
_posts/2021-06-19-aerob-traening.md,mælkesyren,/maelkesyre-traening/
_posts/2020-07-16-y-balance.md,balancetests,/balance-tests/
_posts/2020-07-16-y-balance.md,core-stabilitet,/core/
_posts/2020-07-16-y-balance.md,hoftens muskler,/muskler/hoften/
_posts/2020-07-16-y-balance.md,Balancetræning,/balancetraening/
_posts/2020-07-16-y-balance.md,Hvad er balanceevnen?,/balance/
_posts/2020-07-16-y-balance.md,Star Excursion Balance Test (SEBT),/balance-tests/
_posts/2020-07-16-y-balance.md,Skadesforebyggelse,/skadesforebyggelse-skadesforebyggende-traening/
_posts/2026-08-10-ortorexi-traeningsafhaengighed.md,Tag den fulde EAI-test for Træningsafhængighed her →,/traeningsafhaengighed/
_posts/2026-08-10-ortorexi-traeningsafhaengighed.md,Er du i tvivl om dit forhold til mad? Læs guiden og tag Ortoreksi-testen her →,/dos-ortoreksi/
_posts/2020-08-29-kalorietabel-broed.md,samlede kalorietabel over mad,/kalorietabellen/
_posts/2020-08-29-kalorietabel-broed.md,frugt og bær,/kalorietabel-frugt/
_posts/2020-08-29-kalorietabel-broed.md,grøntsager,/kalorietabel-groentsager/
_posts/2020-08-29-kalorietabel-broed.md,kød,/kalorietabel-koed/
_posts/2020-08-29-kalorietabel-broed.md,basalstofskifte (BMR),/bmr-beregner/
_posts/2020-08-29-kalorietabel-broed.md,ligevægtsindtag,/ligevaegtsindtag-beregner/
_posts/2021-11-09-traeningsafhaengighed.md,Screening for Spiseforstyrrelser,/spiseforstyrrelser/
_posts/2021-11-09-traeningsafhaengighed.md,ABQ Udbrændthed i Sport,/abq-udbraendthed-overtraening/
_posts/2021-11-09-traeningsafhaengighed.md,WHO-5 Trivselsindeks,/who5-trivselindekset/
_posts/2021-11-09-traeningsafhaengighed.md,Anerkendt Stresstest (PSS-10),/stress-test/
_posts/2021-11-09-traeningsafhaengighed.md,Automatiske negative tanker (ATQ),/atq-automatiske-negative-tanker/
_posts/2021-11-09-traeningsafhaengighed.md,Læs guiden om Træningsafhængighed & Ortoreksi og se Dashboardet →,/traeningsafhaengighed-ortoreksi/
_posts/2020-07-12-vbt 1rm.md,maxtest af din 1RM,/rm-maxtest/
_posts/2020-07-12-vbt 1rm.md,1RM beregner,/rm-beregner/
_posts/2020-07-12-vbt 1rm.md,1RM-beregnere,/rm-beregner/
_posts/2020-07-12-vbt 1rm.md,Velocity-Based Training (VBT),/vbt/
_posts/2020-07-12-vbt 1rm.md,udstyr til VBT,/vbt-udstyr/
_posts/2020-07-12-vbt 1rm.md,Guide til VBT-udstyr,/vbt-udstyr/
_posts/2022-03-02-squat-belt.md,squat,/squat/
_posts/2022-03-02-squat-belt.md,dødløft,/doedloeft/
_posts/2022-03-02-squat-belt.md,udvalgte fitnessshops,/fitnessbutikker/
_posts/2022-03-02-squat-belt.md,komme længere ned i squat,/squat-dybt/
_posts/2022-03-02-squat-belt.md,retningslinjerne fra styrkeløft,/powerlifting-rules/
_posts/2022-03-02-squat-belt.md,online fitnesssbutikker,/fitnessbutikker/
_posts/2014-04-14-træning-med-slynger-trx-powersling-suspension-training.md,hjemmetræning,/hjemmetraening-traeningsprogram/
_posts/2026-08-18-pep-opvarmning.md,faglige hovedartikel om opvarmning,/opvarmning/
_posts/2026-08-18-pep-opvarmning.md,FIFA 11+ program,/fifa-11-plus/
_posts/2016-01-02-cykel-intervaltraening.md,intervaltræning,/intervaltraening/
_posts/2016-01-02-cykel-intervaltraening.md,trappetest,/trappetest-cykel/
_posts/2016-01-02-cykel-intervaltraening.md,FTP: Functional Threshold Power til cykling,/ftp-cykling/
_posts/2016-01-02-cykel-intervaltraening.md,Wingate-test,/wingate/
_posts/2016-01-02-cykel-intervaltraening.md,maxpuls,/test-max-puls/
_posts/2016-01-02-cykel-intervaltraening.md,mælkesyre,/maelkesyre-traening/
_posts/2016-01-02-cykel-intervaltraening.md,høj intensitets intervaltræning (HIT),/hiit/
_posts/2016-01-02-cykel-intervaltraening.md,ruteplanlægger,/ruteopmaaler-loebetur/
_posts/2016-01-02-cykel-intervaltraening.md,mulighed for at restituere helt,/restitution/
_posts/2016-01-02-cykel-intervaltraening.md,find den rette cykeltræning,/cykling/
_posts/2019-10-31-kondital-fra-danske-steptest.md,steptests,/kondital-fra-steptest/
_posts/2019-10-31-kondital-fra-danske-steptest.md,MET-værdien,/met/
_posts/2019-10-31-kondital-fra-danske-steptest.md,den respiratoriske udvekslingskvotient,/respiratoriske-metaboliske-udvekslingskvotient/
_posts/2019-10-31-kondital-fra-danske-steptest.md,Watt-max test på cykel,/kondital-wattmax/
_posts/2019-10-31-kondital-fra-danske-steptest.md,maksimal iltoptagelse,/maksimale-iltoptagelse-vo2max/
_posts/2019-10-31-kondital-fra-danske-steptest.md,YMCA modificerede steptest,/ymca-modified-steptest/
_posts/2019-10-31-kondital-fra-danske-steptest.md,Metabolic Equivalent for Task (MET),/met/
_posts/2019-10-31-kondital-fra-danske-steptest.md,andre steptests,/kondital-fra-steptest/
_posts/2019-10-31-kondital-fra-danske-steptest.md,oversigt over andre tests af konditallet,/kondition/tests/
_posts/2019-10-31-kondital-fra-danske-steptest.md,kondital med en tabel for mænd og kvinder,/kondital/
_posts/2025-03-30-maethedsfaktorer.md,"gratis kalorietæller
    apps",/kalorietaeller-apps/
_posts/2025-03-30-maethedsfaktorer.md,kalorietabeller,/kalorietabellen/
_posts/2026-08-18-fifa-11-plus.md,dybdegående fagartikel om fysiologien bag opvarmning,/opvarmning/
_posts/2013-04-28-sprint-8-intervaltraening-der-virker.md,intervaltræning,/intervaltraening/
_posts/2013-04-28-sprint-8-intervaltraening-der-virker.md,anaerobe energisystem,/anaerob-traening/
_posts/2013-04-28-sprint-8-intervaltraening-der-virker.md,Sprint 8,"/assets/images/sprint-8-landing-infographic.jpg ""Sprint 8"""
_posts/2013-04-28-sprint-8-intervaltraening-der-virker.md,Tabata,/artikel/tabata-traening-intervaller/
_posts/2013-04-28-sprint-8-intervaltraening-der-virker.md,10-20-30,/10-20-30-intervaltraening/
_posts/2013-04-28-sprint-8-intervaltraening-der-virker.md,Klassisk HIIT,/hiit/
_posts/2025-04-14-mcdonald-general-bulking-routine.md,gennemarbejdede programmer til styrketræning,/styrketraeningsprogrammer/
_posts/2025-04-14-mcdonald-general-bulking-routine.md,eksempel på et splitprogram,/styrketraening/split-programmer/
_posts/2025-04-14-mcdonald-general-bulking-routine.md,to overkrops- og to underkropsdage,/2-split-upper-lower/
_posts/2025-04-14-mcdonald-general-bulking-routine.md,DoggCrapp,/doggcrapp/
_posts/2025-04-14-mcdonald-general-bulking-routine.md,HST,/hst-hypertrophy-specific-training/
_posts/2025-04-14-mcdonald-general-bulking-routine.md,Liftosaur-appen,/liftosaur/
_posts/2022-07-21-discgolf.md,skridt på kontoen,/skridt-pr-km-10000/
_posts/2022-07-21-discgolf.md,Handicap og rating i discgolf for begyndere,/discgolf-handicap/
_posts/2022-07-21-discgolf.md,rette golfdisc til discgolf,/golfdisc-til-discgolf/
_posts/2022-07-21-discgolf.md,dedikerede baner til discgolf,/discgolf-baner/
_posts/2022-07-21-discgolf.md,forhandlere af golfdiscs,/discgolf-butikker/
_posts/2022-07-21-discgolf.md,discgolfbane tæt på,/discgolf-baner/
_posts/2022-07-21-discgolf.md,hvordan du kaster en golfdisc,/discgolf-teknik/
_posts/2009-03-30-funktionel-styrketraening.md,forskellige bevægelsesplaner,/led/
_posts/2009-03-30-funktionel-styrketraening.md,træningsprincipper,/traeningsprincipper/
_posts/2009-03-30-funktionel-styrketraening.md,balanceevne med balancetræning,/balancetraening/
_posts/2009-03-30-funktionel-styrketraening.md,træning med kropsvægt,/artikel/traening-med-kropsvaegt/
_posts/2009-03-30-funktionel-styrketraening.md,core træning,/core/
_posts/2021-03-30-mavemuskler.md,gode øvelser til maven,/maveoevelser/
_posts/2021-03-30-mavemuskler.md,liste over alle muskler i kroppen her,/muskler/
_posts/2021-03-30-mavemuskler.md,anatomi,/anatomi/
_posts/2021-03-30-mavemuskler.md,mavetræning og specifikke øvelser her,/maveoevelser/
_posts/2021-03-30-mavemuskler.md,liste over muskler her,/muskler/
_posts/2021-03-30-mavemuskler.md,anatomi,/anatomi/
_posts/2021-03-30-mavemuskler.md,Se vores søgbare muskeltabel,/muskler/tabel/
_posts/2019-10-24-rts-training-intermediate.md,styrketræningsprogrammer til inspiration,/styrketraeningsprogrammer/
_posts/2019-10-24-rts-training-intermediate.md,søvn,/soevn/
_posts/2019-10-24-rts-training-intermediate.md,RPE i styrketræning,/rpe/
_posts/2019-10-24-rts-training-intermediate.md,Reactive Training Systems har udviklet en App,/rts-app/
_posts/2019-10-24-rts-training-intermediate.md,RTS App'en,/rts-app/
_posts/2019-10-24-rts-training-intermediate.md,online træningslog,/traeningsdagbog-app/
_posts/2021-03-30-skuldermuskler.md,deltoideus,/deltoideus/
_posts/2021-03-30-skuldermuskler.md,rotator cuffen,/rotator-cuff/
_posts/2021-03-30-skuldermuskler.md,gode øvelser til skuldrene,/skulderoevelser/
_posts/2021-03-30-skuldermuskler.md,forebygge skader,/skadesforebyggelse-skadesforebyggende-traening/
_posts/2021-03-30-skuldermuskler.md,Trapezius,/trapezius/
_posts/2021-03-30-skuldermuskler.md,Serratus Anterior,/serratus-anterior/
_posts/2021-03-30-skuldermuskler.md,liste over alle muskler i kroppen her,/muskler/
_posts/2021-03-30-skuldermuskler.md,anatomien,/anatomi/
_posts/2021-03-30-skuldermuskler.md,skuldertræning og specifikke øvelser her,/skulderoevelser/
_posts/2022-07-21-golfdiscs-til-discgolf.md,guide til discgolf,/discgolf/
_posts/2022-07-21-golfdiscs-til-discgolf.md,discgolfbaner,/discgolf-baner/
_posts/2022-07-21-golfdiscs-til-discgolf.md,hvordan du kaster en frisbee,/discgolf-teknik/
_posts/2021-08-29-ftp-pace.md,pulstræning,/pulstraening/
_posts/2021-08-29-ftp-pace.md,beregning af pulszoner,/pulszoner-beregner/
_posts/2021-08-29-ftp-pace.md,Borg-skalaen,/borg-skala/
_posts/2021-08-29-ftp-pace.md,Jack Daniels løbsberegner,/loebesiden-jack-daniels-loebeberegner/
_posts/2021-08-29-ftp-pace.md,mælkesyre,/maelkesyre-traening/
_posts/2021-08-29-ftp-pace.md,anaerobe tærskel,/anaerobe-taerskel/
_posts/2021-08-29-ftp-pace.md,træningszoner,/traeningszoner/
_posts/2021-08-29-ftp-pace.md,hvordan man laver et løbeprogram,/guide-til-loebeprogram/
_posts/2022-08-14-hoejdetraening.md,maksimale iltoptagelse,/maksimale-iltoptagelse-vo2max/
_posts/2022-08-14-hoejdetraening.md,træning i varme og varmeakklimatisering,/varmeakklimatisering-traening-i-varmen/
_posts/2019-10-13-fedtprocent-maaling.md,US Navy-beregneren eller McArdle & Katch-beregneren,/fedtprocent-navy/
_posts/2019-10-13-fedtprocent-maaling.md,simple fedtprocent-udregner,/artikel/udregning-af-fedtprocent/
_posts/2019-10-13-fedtprocent-maaling.md,guide til fedtprocent ud fra hudfoldsmålinger,/skinfold/
_posts/2019-10-13-fedtprocent-maaling.md,Fedtprocent skema & tabeller for kvinder og mænd,/fedtprocent-normer/
_posts/2019-10-13-fedtprocent-maaling.md,højt blodtryk,/blodtryk/
_posts/2019-10-13-fedtprocent-maaling.md,kropskomposition,/kropskomposition/
_posts/2019-10-13-fedtprocent-maaling.md,kropskomposition,/kropskomposition/
_posts/2019-10-13-fedtprocent-maaling.md,"beregner som kan udregne fedtprocenten på baggrund af højde, vægt, alder og køn",/artikel/udregning-af-fedtprocent/
_posts/2019-10-13-fedtprocent-maaling.md,Prøv vores gratis Navy-beregner med målebånd,/fedtprocent-navy/
_posts/2019-10-13-fedtprocent-maaling.md,Måling af fedtprocent med hudfoldsmålinger og fedttang,/skinfold/
_posts/2019-10-13-fedtprocent-maaling.md,bioimpedansmålinger her,/bioimpedans-maaling/
_posts/2019-10-13-fedtprocent-maaling.md,dit taljemål,/taljemaal/
_posts/2019-10-13-fedtprocent-maaling.md,📊 Se det komplette fedtprocent-skema for mænd og kvinder her,/fedtprocent-normer/
_posts/2019-10-13-fedtprocent-maaling.md,forskellige måder at anskue kropskomposition på,/kropskomposition/
_posts/2019-10-13-fedtprocent-maaling.md,slankekur,/slankekur/
_posts/2019-10-13-fedtprocent-maaling.md,idealvægt,/idealvaegt/
_posts/2019-10-13-fedtprocent-maaling.md,BMI for mænd og kvinder,/bmi/
_posts/2019-10-13-fedtprocent-maaling.md,målebånd,/fedtprocent-navy/
_posts/2019-10-13-fedtprocent-maaling.md,fedttang,/skinfold/
_posts/2021-06-26-mikrotraening.md,øvelserne fra De 5 Tibetanere,/artikel/de-fem-tibetanere/
_posts/2021-06-26-mikrotraening.md,Solhilsen A og B,/artikel/solhilsen-a-b-surya-namaskar/
_posts/2021-06-26-mikrotraening.md,intervalløb,/intervallob-intervaltraening/
_posts/2021-06-26-mikrotraening.md,intervaltræning,/intervaltraening/
_posts/2021-06-26-mikrotraening.md,Tabata-intervaller,/artikel/tabata-traening-intervaller/
_posts/2021-06-26-mikrotraening.md,forskellige typer for anaerob træning,/anaerob-traening/
_posts/2019-03-10-staerk-traeningsprogram.md,styrkeløft,/styrkeloeft/
_posts/2019-03-10-staerk-traeningsprogram.md,træningsprogram til styrkeløft,/styrketraeningsprogrammer/
_posts/2019-03-10-staerk-traeningsprogram.md,Søvn,/soevn/
_posts/2019-03-10-staerk-traeningsprogram.md,Stress,/stress-test/
_posts/2019-03-10-staerk-traeningsprogram.md,Reactive Training Systems,/rts-generalized-intermediate/
_posts/2019-03-10-staerk-traeningsprogram.md,Texas Method,/texas-method/
_posts/2019-03-10-staerk-traeningsprogram.md,finde din 1RM-max,/rm-maxtest/
_posts/2019-03-10-staerk-traeningsprogram.md,1RM-beregner,/rm-beregner/
_posts/2019-03-10-staerk-traeningsprogram.md,forskellige variationer af løftene,/variationer/
_posts/2019-03-10-staerk-traeningsprogram.md,excentriske og koncentriske,/koncentrisk-excentrisk-isometrisk/
_posts/2019-03-10-staerk-traeningsprogram.md,rows-varianter,/rows/
_posts/2019-03-10-staerk-traeningsprogram.md,unilaterale øvelser,/artikel/unilateral-traening/
_posts/2019-03-10-staerk-traeningsprogram.md,Pullups,/oevelse/pullup/
_posts/2019-03-10-staerk-traeningsprogram.md,rygøvelser,/rygoevelser/
_posts/2019-03-10-staerk-traeningsprogram.md,armøvelser til biceps,/arme-triceps-biceps/
_posts/2019-03-10-staerk-traeningsprogram.md,Armstrækninger,/armbojninger-eller-armstraekninger-pushups/
_posts/2019-03-10-staerk-traeningsprogram.md,Dips,/oevelse/dips/
_posts/2019-03-10-staerk-traeningsprogram.md,brystøvelser,/brystoevelser/
_posts/2019-03-10-staerk-traeningsprogram.md,skulderøvelser,/skulderoevelser/
_posts/2019-03-10-staerk-traeningsprogram.md,armøvelser til triceps,/arme-triceps-biceps/
_posts/2019-03-10-staerk-traeningsprogram.md,Bulgarian split squat,/oevelse/bulgarian-split-squat/
_posts/2019-03-10-staerk-traeningsprogram.md,Hanging leg raises,/maveoevelser/
_posts/2019-03-10-staerk-traeningsprogram.md,balleøvelser,/balleoevelser/
_posts/2019-03-10-staerk-traeningsprogram.md,benøvelser,/benoevelser/
_posts/2019-03-10-staerk-traeningsprogram.md,maveøvelser,/maveoevelser/
_posts/2019-03-10-staerk-traeningsprogram.md,bedste danske podcasts,/bedste-fitness-traening-podcasts/
_posts/2019-03-10-staerk-traeningsprogram.md,bedste danske Instagram-profiler,/bedste-fitness-instagram/
_posts/2021-10-30-fitness-apps.md,tests for spiseforstyrrelser,/spiseforstyrrelser/
_posts/2021-10-30-fitness-apps.md,træningsafhængighed,/traeningsafhaengighed/
_posts/2021-10-30-fitness-apps.md,hjemmetræningsprogram,/hjemmetraening-traeningsprogram/
_posts/2021-10-30-fitness-apps.md,skadesforebyggelse så kig her,/skadesforebyggelse-skadesforebyggende-traening/
_posts/2021-10-30-fitness-apps.md,træne til politiets optagelsesprøve,/politiets-fysiske-tests-krav-optagelsesproeve/
_posts/2021-10-30-fitness-apps.md,heart rate variability (HRV),/hrv/
_posts/2021-10-30-fitness-apps.md,din vejrtrækning og dit åndedræt,/aandedraetstraening-forbedrer-udholdenheden/
_posts/2020-06-02-max-hr-formulas.md,vores maxpuls-beregner,/max-puls-beregner/
_posts/2020-06-02-max-hr-formulas.md,interaktive beregner af maxpuls,/max-puls-beregner/
_posts/2020-06-02-max-hr-formulas.md,interaktive maxpuls-beregner,/max-puls-beregner/
_posts/2020-06-02-max-hr-formulas.md,guide til max-pulsen,/test-max-puls/
_posts/2020-06-02-max-hr-formulas.md,Prøv vores max-puls beregner,/test-max-puls/
_posts/2020-06-02-max-hr-formulas.md,pulstræning,/pulstraening/
_posts/2020-06-02-max-hr-formulas.md,fysisk maxpuls-test,/test-max-puls/
_posts/2020-06-02-max-hr-formulas.md,udregne dine intensitetszoner fra pulsen,/pulszoner-beregner/
_posts/2020-06-02-max-hr-formulas.md,hvilepuls,/hvilepuls/
_posts/2020-06-02-max-hr-formulas.md,estimere dit kondital ud fra puls,/kondital-fra-puls/
_posts/2020-06-02-max-hr-formulas.md,Normal puls - sådan virker hjertet,/puls/
_posts/2020-07-15-massage.md,restitutionstiden,/restitution/
_posts/2020-07-15-massage.md,restitutionen efter træning,/restitution/
_posts/2020-07-15-massage.md,udstrækning,/udstraekning-udspaending/
_posts/2020-07-15-massage.md,muskelømheden,/omme-muskler-efter-traening/
_posts/2010-11-06-verdens-korteste-styrkeprogram.md,Minimum Effective Volume (MEV) & MED,/minimum-effective-volume/
_posts/2010-11-06-verdens-korteste-styrkeprogram.md,Dr. Paks forskningsbaserede MED-styrkeprogrammer,/styrketraening/dr-pak-minimal-effective-volume/
_posts/2026-08-07-epoc.md,intervaltræning,/intervaltraening/
_posts/2020-08-29-kalorietabel-frugt.md,samlede kalorietabel over mad,/kalorietabellen/
_posts/2020-08-29-kalorietabel-frugt.md,grøntsager,/kalorietabel-groentsager/
_posts/2020-08-29-kalorietabel-frugt.md,brød,/kalorietabel-broed/
_posts/2020-08-29-kalorietabel-frugt.md,kød,/kalorietabel-koed/
_posts/2020-08-29-kalorietabel-frugt.md,basalstofskifte-beregner,/bmr-beregner/
_posts/2020-08-29-kalorietabel-frugt.md,ligevægtsberegner,/ligevaegtsindtag-beregner/
_posts/2026-08-06-bronco-test.md,VAM-eval Test,/vam-eval-test/
_posts/2026-08-06-bronco-test.md,Beep-test (20m Shuttle Run),/bip-test/
_posts/2026-08-06-bronco-test.md,30-15 Intermittent Fitness Test,/30-15-intermittent-fitness-test/
_posts/2025-04-14-stronglifts-5x5.md,simpelt og effektivt styrketræningsprogram,/styrketraeningsprogrammer/
_posts/2025-04-14-stronglifts-5x5.md,Madcow 5x5,/madcow-5x5/
_posts/2025-04-14-stronglifts-5x5.md,Ivysaurs 4-4-8,/styrketraening/ivysaur-4-4-8/
_posts/2025-04-14-stronglifts-5x5.md,Madcow 5x5,/madcow-5x5/
_posts/2025-04-14-stronglifts-5x5.md,Liftosaur-appen,/liftosaur/
_posts/2009-06-19-300-challenge.md,Crossfit og functional fitness,/crossfit-workouts/
_posts/2009-06-19-300-challenge.md,mælkesyre,/maelkesyre-traening/
_posts/2020-11-14-activity-to-steps.md,omregner fra skridt til km,/skridt-pr-km-10000/
_posts/2020-11-14-activity-to-steps.md,MET,/met/
_posts/2020-11-14-activity-to-steps.md,MET-værdien,/met/
_posts/2020-11-14-activity-to-steps.md,Hvor langt er 10.000 skridt og hvor mange skridt er en km?,/skridt-pr-km-10000/
_posts/2020-11-14-activity-to-steps.md,"hvor langt 10.000 skridt er, og hvor mange skridt der går på en kilometer",/skridt-pr-km-10000/
_posts/2020-11-14-activity-to-steps.md,tælle skridt,/artikel/tael-skridt/
_posts/2022-02-09-loebeapps.md,løbeprogram for begyndere,/loebeprogram-begyndere/
_posts/2022-02-09-loebeapps.md,løbetræning,/loebesiden/
_posts/2022-02-09-loebeapps.md,løbeture,/loebetur/
_posts/2022-02-09-loebeapps.md,tage tid på din løbetur og intervalløb,/tag-tid-paa-loebetraening/
_posts/2022-02-09-loebeapps.md,ruteopmåler til løberuter,/ruteopmaaler-loebetur/
_posts/2022-02-09-loebeapps.md,pulstræning,/pulstraening/
_posts/2022-02-09-loebeapps.md,skridtlængde og løbekadence,/gennemsnitlige-skridtlaengde-kadence-loeb/
_posts/2022-02-09-loebeapps.md,pulsur og løbeur,/pulsure/
_posts/2022-02-09-loebeapps.md,løbsberegner,/loebesiden-jack-daniels-loebeberegner/
_posts/2022-02-09-loebeapps.md,løbemålinger og informationer med løbedynamik,/loebedynamik-loebemaalinger/
_posts/2022-02-09-loebeapps.md,wattmåling i løbetræning,/loeb-watt/
_posts/2022-02-09-loebeapps.md,virtuelle Zwift-verden,/komplet-begynderguide-zwift/
_posts/2010-10-05-mindfullness-meditation.md,andet indlæg med fem tips til at vælge det rigtige musik,/yoga-musik/
_posts/2010-10-05-mindfullness-meditation.md,De Fem Tibetanere og se de fem øvelser,/artikel/de-fem-tibetanere/
_posts/2010-10-05-mindfullness-meditation.md,yogaøvelserne til Solhilsen,/artikel/solhilsen-a-b-surya-namaskar/
_posts/2019-10-15-fedtprocent-skinfold-ymca.md,normal fedtprocent i vores tabel,/fedtprocent-normer/
_posts/2025-03-18-coan-deadlift-program.md,oversigt med styrketræningsprogrammer,/styrketraeningsprogrammer/
_posts/2025-03-18-coan-deadlift-program.md,Liftosaur,/liftosaur/
_posts/2026-08-02-hop-test-batteriet.md,springtests (som fx CMJ),/springtests-hoppehoejde/
_posts/2026-08-02-hop-test-batteriet.md,Return to Sport,/return-to-sport-tests/
_posts/2026-08-02-hop-test-batteriet.md,LESS-testen (Landing Error Scoring System),/less-test/
_posts/2026-08-02-hop-test-batteriet.md,Vores side for måling af hoppehøjde og vertikal spændstighed,/springtests-hoppehoejde/
_posts/2026-08-02-hop-test-batteriet.md,Enkeltbensstand og Stork-test,/enkeltbensstand-stork-test/
_posts/2021-08-24-hvordan-loebeprogram-anaerob-taerskel.md,guiden til at lave et løbeprogram,/guide-til-loebeprogram/
_posts/2021-08-24-hvordan-loebeprogram-anaerob-taerskel.md,anaerobe tærskel,/anaerobe-taerskel/
_posts/2021-08-24-hvordan-loebeprogram-anaerob-taerskel.md,mælkesyre,/maelkesyre-traening/
_posts/2021-08-24-hvordan-loebeprogram-anaerob-taerskel.md,maxpuls,/test-max-puls/
_posts/2021-08-24-hvordan-loebeprogram-anaerob-taerskel.md,pulsreserven,/pulsreserve/
_posts/2021-08-24-hvordan-loebeprogram-anaerob-taerskel.md,guiden til at lave et løbeprogram,/guide-til-loebeprogram/
_posts/2026-08-23-tss-training-stress-score.md,Vil du finde din fysiologiske tærskelpuls? Brug vores interaktive pulszone-beregner her →,/pulszoner-beregner/
_posts/2026-08-23-tss-training-stress-score.md,"Læs vores store hovedguide til træningsbelastning, CTL, ATL og TSB her →",/traeningsbelastning/
_posts/2026-08-23-tss-training-stress-score.md,Tjek din aktuelle skadesrisiko med vores ACWR-beregner →,/acwr-beregner/
_posts/2020-07-01-smart-goals.md,Y-tallerkenmodellen,/tallerken-modeller/
_posts/2020-07-01-smart-goals.md,10.000 skridt om dagen,/skridt-pr-km-10000/
_posts/2020-07-01-smart-goals.md,slankekur,/slankekur/
_posts/2020-07-01-smart-goals.md,tage på når de starter med at træne,/vaegt-stiger-traening/
_posts/2021-08-24-hvordan-loebeprogram-sprint.md,guiden til at lave et løbeprogram,/guide-til-loebeprogram/
_posts/2021-08-24-hvordan-loebeprogram-sprint.md,løbeøkonomi,/lobeokonomi/
_posts/2021-08-24-hvordan-loebeprogram-sprint.md,bakkesprints,/bakkesprint-bakkeloeb/
_posts/2021-08-24-hvordan-loebeprogram-sprint.md,eksplosiv træning måske kan forbedre løbeøkonomien og præstationen,/lobeokonomi/
_posts/2021-08-24-hvordan-loebeprogram-sprint.md,guiden til at lave et løbeprogram,/guide-til-loebeprogram/
_posts/2025-07-17-rem-s.md,Test for Træningsafhængighed (EAI),/traeningsafhaengighed/
_posts/2025-07-17-rem-s.md,guide til træning og menstruationscyklus,/menstruationscyklus-og-traening/
_posts/2025-07-17-rem-s.md,Test for Træningsafhængighed (EAI),/traeningsafhaengighed/
_posts/2025-07-17-rem-s.md,Screening for Spiseforstyrrelser,/spiseforstyrrelser/
_posts/2025-07-17-rem-s.md,Athlete Burnout Questionnaire (ABQ),/abq-udbraendthed-overtraening/
_posts/2020-05-31-hvor-mange-knogler-har-mennesket.md,Se det præcise antal muskler i kroppen her →,/hvor-mange-muskler-i-kroppen/
_posts/2020-05-31-hvor-mange-knogler-har-mennesket.md,hvad knoglerne vejer,/hvad-vejer-skelettet/
_posts/2020-05-31-hvor-mange-knogler-har-mennesket.md,kroppens absolut mindste muskel,/stoerste-og-mindste-muskel-i-kroppen/
_posts/2020-05-31-hvor-mange-knogler-har-mennesket.md,kroppens led og ledtyper her →,/led/
_posts/2020-05-31-hvor-mange-knogler-har-mennesket.md,**Se anbefalinger til anatomibøger og plakater her**,/traeningsboeger-boeger-om-traening/#anatomi-og-fysiologi
_posts/2016-06-04-gennemsnitshojde-danmark.md,hvordan man bliver højere,/hvordan-bliver-jeg-hojere/
_posts/2016-06-04-gennemsnitshojde-danmark.md,får nok søvn,/soevn/
_posts/2016-06-04-gennemsnitshojde-danmark.md,hvad der har betydning for din højde,/hvordan-bliver-jeg-hojere/
_posts/2016-06-04-gennemsnitshojde-danmark.md,hvordan man bliver højere,/hvordan-bliver-jeg-hojere/
_posts/2016-06-04-gennemsnitshojde-danmark.md,din kropsholdning og rette ryggen,/ret-ryggen-kropsholdning/
_posts/2020-08-06-airbikes.md,Wingate-testen,/wingate/
_posts/2020-08-06-airbikes.md,anaerob træning,/anaerob-traening/
_posts/2020-08-06-airbikes.md,højintensiv intervaltræning,/intervaltraening/
_posts/2020-08-06-airbikes.md,træningsprincipperne,/traeningsprincipper/
_posts/2020-08-06-airbikes.md,energisystemerne,/energisystemer/
_posts/2020-08-06-airbikes.md,Tabata-intervaller,/artikel/tabata-traening-intervaller/
_posts/2020-08-06-airbikes.md,træningsprogrammer og roprogrammer på de indendørs romaskiner,/artikel/traeningsprogrammer-intervaller-roning/
_posts/2020-08-06-airbikes.md,forbrænde rigtig mange kalorier ved at arbejde med kontinuerlig træning og mindre intensitet,/artikel/er-kontinuerlig-traening-eller-intervaltraening-bedst-for-fedtforbraendningen/
_posts/2020-08-06-airbikes.md,regne kalorieforbrug ud fra MET-værdier,/met/
_posts/2020-08-06-airbikes.md,mælkesyre i musklerne,/maelkesyre-traening/
_posts/2020-08-06-airbikes.md,intervalløb,/intervallob-intervaltraening/
_posts/2021-07-23-ol-sange.md,vælge musik til træningen,/artikel/musik-til-traeningen/
_posts/2021-07-23-ol-sange.md,finde god musik til yoga og mindfulness,/yoga-musik/
_posts/2020-11-22-structural-balance.md,beregne din 1RM ud fra submaksimale løft,/rm-beregner/
_posts/2020-11-22-structural-balance.md,INOL-begrebet,/inol/
_posts/2020-11-22-structural-balance.md,tester sin _one repetition maximum_ med en 1RM-maxtest,/rm-maxtest/
_posts/2020-11-22-structural-balance.md,sammenligning af styrke på tværs af vægtklasser,/sammenligning-styrke/
_posts/2021-09-10-critical-power.md,Functional Threshold Power (FTP),/ftp-cykling/
_posts/2021-09-10-critical-power.md,træningszoner,/traeningszoner/
_posts/2021-09-10-critical-power.md,Jack Daniels løbeberegner,/loebesiden-jack-daniels-loebeberegner/
_posts/2020-07-09-kalorier.md,ligevægtsindtaget,/ligevaegtsindtag-beregner/
_posts/2020-07-09-kalorier.md,kalorieberegnere,/kalorieberegner/
_posts/2020-07-09-kalorier.md,beregner som kan omregne fra kJ til kcal og tilbage igen,/kj-kcal-omregner/
_posts/2020-07-09-kalorier.md,kalorietabellen med næringsindholdet i madvarer,/kalorietabellen/
_posts/2020-07-09-kalorier.md,"udregne dit daglige energiforbrug, hvilestofskiftet og basalstofskiftet",/bmr-beregner/
_posts/2020-07-09-kalorier.md,simple beregner af dit daglige energiforbrug,/bmr-beregner/
_posts/2020-07-09-kalorier.md,ligevægtsberegner til ligevægtsindtag,/ligevaegtsindtag-beregner/
_posts/2020-07-09-kalorier.md,kalorier i madvarer,/kalorietabellen/
_posts/2020-07-09-kalorier.md,kalorier i frugt,/kalorietabel-frugt/
_posts/2020-07-09-kalorier.md,kalorier i brød,/kalorietabel-broed/
_posts/2020-07-09-kalorier.md,kalorier i grøntsager,/kalorietabel-groentsager/
_posts/2020-07-09-kalorier.md,kalorier i kød,/kalorietabel-koed/
_posts/2020-07-09-kalorier.md,Udregn dit energiforbrug,/bmr-beregner/
_posts/2020-08-07-prowler.md,intervaltræning,/intervaltraening/
_posts/2020-08-07-prowler.md,Burpees,/oevelse/burpees/
_posts/2020-08-07-prowler.md,mælkesyre,/maelkesyre-traening/
_posts/2020-08-07-prowler.md,anaerob træning,/anaerob-traening/
_posts/2020-08-07-prowler.md,energisystemerne,/energisystemer/
_posts/2020-08-07-prowler.md,restitutionstræning,/restitutionstraening/
_posts/2020-08-07-prowler.md,træningsprogrammer og roprogrammer på de indendørs romaskiner,/artikel/traeningsprogrammer-intervaller-roning/
_posts/2020-08-07-prowler.md,air bike og assault bike,/airbike-assault-bike-workout-intervaller/
_posts/2020-08-07-prowler.md,forbrænde rigtig mange kalorier ved at arbejde med kontinuerlig træning og mindre intensitet,/artikel/er-kontinuerlig-traening-eller-intervaltraening-bedst-for-fedtforbraendningen/
_posts/2020-08-07-prowler.md,regne kalorieforbrug ud fra MET-værdier,/met/
_posts/2020-08-07-prowler.md,mælkesyre i musklerne,/maelkesyre-traening/
_posts/2020-08-07-prowler.md,intervalløb,/intervallob-intervaltraening/
_posts/2026-08-06-pullup-test.md,politiets fysiske krav,/politiets-fysiske-tests-krav-optagelsesproeve/
_posts/2026-08-06-pullup-test.md,Armstrækningstest (Push-up Test),/armstraekninger-test/
_posts/2026-08-06-pullup-test.md,Håndstyrketest (Grebsstyrke),/haandgrebsstyrke-test/
_posts/2022-02-19-mywhoosh-cycling.md,Zwift,/komplet-begynderguide-zwift/
_posts/2022-02-19-mywhoosh-cycling.md,Rouvy,/rouvy/
_posts/2022-02-19-mywhoosh-cycling.md,udstyrsguide til e-cykling,/udstyr-hometrainer-ecykling/
_posts/2022-02-19-mywhoosh-cycling.md,træningszoner,/traeningszoner/
_posts/2022-02-19-mywhoosh-cycling.md,Guide til det bedste hometrainer-udstyr og e-cykling,/udstyr-hometrainer-ecykling/
_posts/2022-02-19-mywhoosh-cycling.md,Zwift,/komplet-begynderguide-zwift/
_posts/2022-02-19-mywhoosh-cycling.md,Rouvy,/rouvy/
_posts/2022-02-19-mywhoosh-cycling.md,BKOOL,/bkool-begynderguide/
_posts/2022-02-19-mywhoosh-cycling.md,Oversigt over Hometrainer Apps,/hometrainer-apps/
_posts/2020-08-19-styrketraening-programlaegning-traeningslaere.md,vigtige træningsbegreber,/traeningsprincipper/
_posts/2020-08-19-styrketraening-programlaegning-traeningslaere.md,restitution,/restitution/
_posts/2020-08-19-styrketraening-programlaegning-traeningslaere.md,ordentlig søvn,/soevn/
_posts/2020-08-19-styrketraening-programlaegning-traeningslaere.md,fysiologiske tilpasninger til styrketræning,/fysiologiske-tilpasninger/
_posts/2020-08-19-styrketraening-programlaegning-traeningslaere.md,superkompensationsfasen,/superkompensation/
_posts/2020-08-19-styrketraening-programlaegning-traeningslaere.md,deload-uge,/deload-uge/
_posts/2020-08-19-styrketraening-programlaegning-traeningslaere.md,rette træningsprincipper,/traeningsprincipper/
_posts/2020-08-19-styrketraening-programlaegning-traeningslaere.md,hvordan du bygger et effektivt træningsprogram,/traeningsprogram-programlaegning-styrketraening/
_posts/2026-08-10-acwr-beregner.md,RPE-skalaen (1–10),/rpe/
_posts/2026-08-10-acwr-beregner.md,Se vores oversigt over de bedste gratis træningsdagbog-apps,/traeningsdagbog-app/
_posts/2026-08-10-acwr-beregner.md,Hent gratis træningsprogram- og logbog skabeloner til Google Sheets,/skabeloner/
_posts/2026-08-10-acwr-beregner.md,Lær at styre din intensitet med RPE & Borg-skalaen,/rpe/
_posts/2026-08-10-acwr-beregner.md,Monitorér dit autonome nervesystem med HRV (Heart Rate Variability),/hrv/
_posts/2019-10-22-hvordan-vokser-muskler.md,ikke så meget forskel på mænd og kvinders muskler og potentiale for at vokse,/maend-kvinder-muskler/
_posts/2019-10-22-hvordan-vokser-muskler.md,1RM-max,/rm-maxtest/
_posts/2019-10-22-hvordan-vokser-muskler.md,okklusionstræning så effektivt for muskelvækst,/introduktion-okklusionstraening/
_posts/2019-10-22-hvordan-vokser-muskler.md,strategisk placerede _deload_-perioder,/deload-uge/
_posts/2019-10-31-kondital-to-punkts-test-cykel.md,kondital,/kondital/
_posts/2019-10-31-kondital-to-punkts-test-cykel.md,Åstrands et-punktstest her,/etpunktstest/
_posts/2019-10-31-kondital-to-punkts-test-cykel.md,maxpulsen,/test-max-puls/
_posts/2019-10-31-kondital-to-punkts-test-cykel.md,den respiratoriske udvekslingskvotient,/respiratoriske-metaboliske-udvekslingskvotient/
_posts/2019-10-31-kondital-to-punkts-test-cykel.md,kondital i tabellen for kondital for mænd og kvinder,/kondital/
_posts/2019-10-31-kondital-to-punkts-test-cykel.md,Prøv den hurtige Åstrand 1-punktstest her,/etpunktstest/
_posts/2019-10-31-kondital-to-punkts-test-cykel.md,konditionstests på cykel,/tests/cykling/
_posts/2020-11-29-pap-prepare-to-maxtest.md,1RM (One Repetition Maximum),/rm-maxtest/
_posts/2020-11-29-pap-prepare-to-maxtest.md,styrkeløftstævne,/powerlifting-rules/
_posts/2020-11-29-pap-prepare-to-maxtest.md,opvarmning til styrketræning med RAMP-modellen,/opvarmning-styrketraening/
_posts/2020-11-29-pap-prepare-to-maxtest.md,fysiologiske fundament bag opvarmning,/opvarmning/
_posts/2020-11-29-pap-prepare-to-maxtest.md,RM-beregner,/rm-beregner/
_posts/2020-11-29-pap-prepare-to-maxtest.md,Rate of Perceived Exertion (RPE),/rpe/
_posts/2020-11-29-pap-prepare-to-maxtest.md,træningsdagbog eller trænings-app,/traeningsdagbog-app/
_posts/2020-11-29-pap-prepare-to-maxtest.md,styrkeløft og powerlifting,/styrkeloeft/
_posts/2021-01-19-forbraending-gang.md,Du forbrænder mere ved at løbe end ved at gå,/loeb-mere-energi-gang/
_posts/2021-01-19-forbraending-gang.md,kalorier,/hvad-er-kalorier/
_posts/2021-01-19-forbraending-gang.md,kalorieberegner,/kalorieberegner/
_posts/2021-01-19-forbraending-gang.md,MET-tabellen,/met/
_posts/2021-01-19-forbraending-gang.md,anaerobe energisystem,/energisystemer/
_posts/2021-01-19-forbraending-gang.md,fysiologiske forandringer i kroppen ved konditionstræning,/tilpasning-konditionstraening/
_posts/2021-01-19-forbraending-gang.md,beregneren for kalorieforbruget ved forskellige aktiviteter og oversigten over MET-værdier,/met/
_posts/2021-01-19-forbraending-gang.md,hvor mange km 10.000 skridt er,/skridt-pr-km-10000/
_posts/2021-01-19-forbraending-gang.md,kontinuerlig træning eller intervaltræning,/artikel/er-kontinuerlig-traening-eller-intervaltraening-bedst-for-fedtforbraendningen/
_posts/2021-01-19-forbraending-gang.md,intervaltræning,/intervaltraening/
_posts/2021-01-19-forbraending-gang.md,kalorierberegner med MET-værdier,/met-beregner/
_posts/2021-01-19-forbraending-gang.md,ligevægtsindtag,/ligevaegtsindtag-beregner/
_posts/2021-01-19-forbraending-gang.md,tælle dine daglige skridt,/artikel/tael-skridt/
_posts/2021-01-19-forbraending-gang.md,omregne sport og motion til skridt med vores beregner,/omregn-motion-aktivitet-sport-til-skridt/
_posts/2021-01-19-forbraending-gang.md,hvor langt 10.000 skridt er,/skridt-pr-km-10000/
_posts/2021-01-19-forbraending-gang.md,Hvor hurtigt går du,/tid-at-gaa/
_posts/2021-01-19-forbraending-gang.md,mindre stresset,/stress-test/
_posts/2020-11-08-kondital-roning.md,forskellige konditests,/kondition/tests/
_posts/2020-11-08-kondital-roning.md,Læs alt om Trappetesten i roning her,/roning-trappetest/
_posts/2020-11-08-kondital-roning.md,Trappetesten i roning,/roning-trappetest/
_posts/2020-06-16-cirkeltraening.md,øvelseskatalog,/traeningsoevelser/
_posts/2020-06-16-cirkeltraening.md,7 minute workout,/7-minute-workout/
_posts/2020-06-16-cirkeltraening.md,28 dages hjemmetræning uden udstyr,/hjemmetraening-traeningsprogram/
_posts/2020-06-16-cirkeltraening.md,crossfit WODs,/crossfit-workouts/
_posts/2020-06-16-cirkeltraening.md,Se alle printbare træningsøvelser,/traeningsoevelser/
_posts/2012-07-31-naturfitness.md,Svinetræning: Beskidt træning,/svinetraening/
_posts/2012-07-31-naturfitness.md,Outdoor Fitness og Dogmefitness og udendørs træning,/artikel/dogmefitness/
_posts/2012-07-31-naturfitness.md,Outdoor Fitness,/artikel/dogmefitness/
_posts/2026-08-10-readiness-hooper.md,RPE-skalaen,/rpe/
_posts/2026-08-10-readiness-hooper.md,ACWR Belastningsberegner,/acwr-beregner/
_posts/2026-08-10-readiness-hooper.md,træningsdagbog-apps,/traeningsdagbog-app/
_posts/2026-08-10-readiness-hooper.md,Google Sheets skabeloner,/skabeloner/
_posts/2026-08-10-readiness-hooper.md,ACWR Beregner – Styr din træningsbelastning,/acwr-beregner/
_posts/2026-08-10-readiness-hooper.md,Hvilepuls Guide – Hvad fortæller din hvilepuls om din form?,/hvilepuls/
_posts/2026-08-10-readiness-hooper.md,Heart Rate Variability (HRV) – Monitorér dit autonome nervesystem,/hrv/
_posts/2026-08-10-readiness-hooper.md,De bedste gratis træningsdagbog-apps til mobil,/traeningsdagbog-app/
_posts/2026-08-10-readiness-hooper.md,Gratis skabeloner til træningsprogrammer og logbøger,/skabeloner/
_posts/2020-06-15-intervaltraening.md,Intervalløb – programmer og forklaringer,/intervallob-intervaltraening/
_posts/2020-06-15-intervaltraening.md,Intervaltræning på cykel – fra begynder til øvet,/intervaltraening-cykling/
_posts/2020-06-15-intervaltraening.md,HIIT og Tabata – kort og intensiv styrketræning,/hvad-er-hiit-traeningsprogrammer/
_posts/2020-06-15-intervaltraening.md,kondital,/kondital/
_posts/2020-06-15-intervaltraening.md,anaerob træning,/anaerob-traening/
_posts/2020-06-15-intervaltraening.md,Run Walk Run,/galloway-metoden/
_posts/2020-06-15-intervaltraening.md,mælkesyre i musklerne,/maelkesyre-traening/
_posts/2020-06-15-intervaltraening.md,maksimale iltoptagelse,/maksimale-iltoptagelse-vo2max/
_posts/2020-06-15-intervaltraening.md,anaerobe tærskel,/anaerobe-taerskel/
_posts/2020-06-15-intervaltraening.md,vores guide til energisystemer,/energisystemer/
_posts/2020-06-15-intervaltraening.md,HIIT træning,/hiit/
_posts/2020-06-15-intervaltraening.md,anaerob træning,/anaerob-traening/
_posts/2020-06-15-intervaltraening.md,Aktiv eller passiv pause ved intervaltræning,/hiit-aktiv-eller-passiv-pause/
_posts/2020-06-15-intervaltraening.md,træningsprogram,/traeningsprogrammer/
_posts/2020-06-15-intervaltraening.md,intensitetszone,/traeningszoner/
_posts/2020-06-15-intervaltraening.md,træningszoner,/traeningszoner/
_posts/2020-06-15-intervaltraening.md,Intervalløb & Løbeprogrammer,/intervallob-intervaltraening/
_posts/2020-06-15-intervaltraening.md,Intervaltræning på Cykel,/intervaltraening-cykling/
_posts/2020-06-15-intervaltraening.md,HIIT & Tabata Træning,/hvad-er-hiit-traeningsprogrammer/
_posts/2020-06-15-intervaltraening.md,Intervaller til Romaskine,/artikel/traeningsprogrammer-intervaller-roning/
_posts/2020-06-15-intervaltraening.md,konditionstests,/kondition/tests/
_posts/2020-06-15-intervaltraening.md,Intervalløb – sådan bygger du et effektivt program,/intervallob-intervaltraening/
_posts/2020-06-15-intervaltraening.md,Cykelintervaller – programmer og forklaringer,/intervaltraening-cykling/
_posts/2020-06-15-intervaltraening.md,"HIIT og Tabata – korte, intensive træningsformer",/hvad-er-hiit-traeningsprogrammer/
_posts/2020-06-15-intervaltraening.md,hvordan kroppen reagerer på træning,/traeningslaere/
_posts/2020-06-15-intervaltraening.md,konditionstræning,/konditionstraening/
_posts/2011-08-18-tjek-teknikken-i-din-styrketraening.md,styrketræning forebygger skader i andre idrætsgrene,/artikel/kan-styrketraening-forebygge-skader/
_posts/2021-03-30-armmuskler.md,liste over muskler i kroppen her,/muskler/
_posts/2021-03-30-armmuskler.md,anatomien i kroppen,/anatomi/
_posts/2021-03-30-armmuskler.md,armtræning og øvelser til træning af armene,/arme-triceps-biceps/
_posts/2022-02-19-rouvy.md,virtuel cykelverden for e-cykling,/hometrainer-apps/
_posts/2022-02-19-rouvy.md,samlede udstyrsguide til indendørs cykling,/udstyr-hometrainer-ecykling/
_posts/2022-02-19-rouvy.md,Guide til det bedste hometrainer-udstyr og e-cykling,/udstyr-hometrainer-ecykling/
_posts/2022-02-19-rouvy.md,Zwift,/komplet-begynderguide-zwift/
_posts/2022-02-19-rouvy.md,MyWhoosh Cycling,/mywhoosh-cycling/
_posts/2022-02-19-rouvy.md,BKOOL,/bkool-begynderguide/
_posts/2022-10-10-hvorfor-gaa.md,motionsformer og træningsformer,/traeningsformer/
_posts/2022-10-10-hvorfor-gaa.md,forbrænder færre kalorier end ved løb,/loeb-mere-energi-gang/
_posts/2022-10-10-hvorfor-gaa.md,forbrænding ved gang,/forbraending-ved-gaa-gang/
_posts/2022-10-10-hvorfor-gaa.md,kondition,/kondition/
_posts/2022-10-10-hvorfor-gaa.md,Få inspiration til din gåtur,/inspiration-til-gaature/
_posts/2022-10-10-hvorfor-gaa.md,intervaltræning,/intervaltraening/
_posts/2022-10-10-hvorfor-gaa.md,restitution,/restitution/
_posts/2022-10-10-hvorfor-gaa.md,træningsformer,/traeningsformer/
_posts/2022-10-10-hvorfor-gaa.md,beregner til kalorieforbrænding ved gang,/forbraending-ved-gaa-gang/
_posts/2022-10-10-hvorfor-gaa.md,sportsgrene,/sportsgrene-liste/
_posts/2022-10-10-hvorfor-gaa.md,skridtomregner,/omregn-motion-aktivitet-sport-til-skridt/
_posts/2022-10-10-hvorfor-gaa.md,Firmaidrættens Tæl-Skridt-konkurrence,/artikel/tael-skridt/
_posts/2013-04-28-4x4-norwegian.md,maksimale iltoptagelse (VO2max),/maksimale-iltoptagelse-vo2max/
_posts/2013-04-28-4x4-norwegian.md,kondital,/kondital/
_posts/2013-04-28-4x4-norwegian.md,intervaltræning,/intervaltraening/
_posts/2013-04-28-4x4-norwegian.md,HIIT,/hiit/
_posts/2013-04-28-4x4-norwegian.md,norsk tærskeltræning,/norsk-taerskeltraening/
_posts/2020-07-08-udstraekning-dynamisk-statisk.md,smidighedstræning,/smidighedstraening/
_posts/2020-07-08-udstraekning-dynamisk-statisk.md,forskningsgennemgang om udstrækning,/virker-udstraekning/
_posts/2020-07-08-udstraekning-dynamisk-statisk.md,komplette øvelseskatalog,/udstraekning-udspaending/
_posts/2020-07-08-udstraekning-dynamisk-statisk.md,dybdegående guide til PNF-udstrækning,/pnf-udstraekning/
_posts/2020-07-08-udstraekning-dynamisk-statisk.md,Se vores visuelle øvelseskatalog med 22+ stræk her »,/udstraekning-udspaending/
_posts/2020-08-19-styrketraening-introduktion.md,Tjek guiden for begyndere i styrketræning,/styrketraening/begyndere/
_posts/2020-08-19-styrketraening-introduktion.md,Læs mere om RPE i styrketræning,/rpe/
_posts/2020-08-19-styrketraening-introduktion.md,Læs mere om Velocity Based Training,/vbt/
_posts/2020-08-19-styrketraening-introduktion.md,Læs vores guide til supersæt,/guide-superset/
_posts/2020-08-19-styrketraening-introduktion.md,Læs vores introduktion til okklusionstræning,/introduktion-okklusionstraening/
_posts/2020-08-19-styrketraening-introduktion.md,træningsmetoder til max-styrke,/maksimal-styrke/
_posts/2020-08-19-styrketraening-introduktion.md,udmattelsesmetoder til muskelvækst,/hypertrofi-metoder/
_posts/2020-08-19-styrketraening-introduktion.md,Flere progressionsmodeller til styrketræning,/progressionsmodeller-progressivt-overload/
_posts/2020-08-19-styrketraening-introduktion.md,konkrete styrketræningsprogrammer i vores oversigt,/styrketraeningsprogrammer/
_posts/2020-08-19-styrketraening-introduktion.md,lave dit eget styrketræningsprogram,/traeningsprogram-programlaegning-styrketraening/
_posts/2020-08-19-styrketraening-introduktion.md,Sådan vælger du et træningsprogram,/vaelg-traeningsprogram/
_posts/2020-08-19-styrketraening-introduktion.md,Guide: Alt om styrketræning,/styrketraening/
_posts/2020-08-19-styrketraening-introduktion.md,Begynder: Kom godt i gang med styrketræning,/styrketraening/begyndere/
_posts/2020-08-19-styrketraening-introduktion.md,Progressiv overbelastning,/progressionsmodeller-progressivt-overload/
_posts/2020-08-19-styrketraening-introduktion.md,Hypertrofi træning: Træn for muskelvækst,/hypertrofi-metoder/
_posts/2020-08-19-styrketraening-introduktion.md,Styrketræning for maxstyrke,/maksimal-styrke/
_posts/2020-08-19-styrketraening-introduktion.md,Træningspyramiden - 6 vigtige trin,/traeningspyramiden-styrketraening/
_posts/2020-08-19-styrketraening-introduktion.md,6 trin til at lave dit eget træningsprogram til styrketræning her,/programlaegning-styrketraening/
_posts/2020-08-19-styrketraening-introduktion.md,anmeldelser af styrketræningsprogrammer,/styrketraeningsprogrammer/
_posts/2020-08-19-styrketraening-introduktion.md,restitution,/restitution/
_posts/2020-08-19-styrketraening-introduktion.md,1RM,/rm-beregner/
_posts/2020-08-19-styrketraening-introduktion.md,ordentlig søvn,/soevn/
_posts/2020-08-19-styrketraening-introduktion.md,superkompensationsfasen,/superkompensation/
_posts/2020-08-19-styrketraening-introduktion.md,‘1 repetition maximum’ (1RM),/rm-maxtest/
_posts/2020-08-19-styrketraening-introduktion.md,beregner til one rep max,/rm-beregner/
_posts/2020-08-19-styrketraening-introduktion.md,fysiologiske adaptationer og tilpasninger til styrketræning,/fysiologiske-tilpasninger/
_posts/2020-08-19-styrketraening-introduktion.md,tage en deload-uge,/deload-uge/
_posts/2020-08-19-styrketraening-introduktion.md,tips til din teknik i styrketræning,/rigtig-teknik-styrketraening/
_posts/2020-08-19-styrketraening-introduktion.md,gratis eksempel på et helkropsprogram,/styrketraening/helkropsprogrammer/
_posts/2020-08-19-styrketraening-introduktion.md,opvarmning til styrketræning her,/opvarmning-styrketraening/
_posts/2020-08-19-styrketraening-introduktion.md,RPE i styrketræning her,/rpe/
_posts/2022-04-14-kalorietaeller-apps.md,lave kostregistrering,/kostregistrering/
_posts/2022-04-14-kalorietaeller-apps.md,kalorietabeller,/kalorietabellen/
_posts/2022-04-14-kalorietaeller-apps.md,kalorieberegnere,/kalorieberegner/
_posts/2022-04-14-kalorietaeller-apps.md,bygge muskelmasse,/hypertrofi-metoder/
_posts/2022-04-14-kalorietaeller-apps.md,protein på en dag,/dagligt-protein-indtagelse/
_posts/2022-04-14-kalorietaeller-apps.md,spise efter tallerkenmodellen,/tallerken-modeller/
_posts/2022-04-14-kalorietaeller-apps.md,ligevægtsindtag,/ligevaegtsindtag-beregner/
_posts/2022-04-14-kalorietaeller-apps.md,Sådan laver du kostregistrering - Trin for trin guide,/kostregistrering/
_posts/2022-04-14-kalorietaeller-apps.md,kalorier,/hvad-er-kalorier/
_posts/2022-04-14-kalorietaeller-apps.md,daglige energibehov,/ligevaegtsindtag-beregner/
_posts/2022-04-14-kalorietaeller-apps.md,fitness apps,/fitness-apps/
_posts/2022-04-14-kalorietaeller-apps.md,løbe apps,/loebe-apps/
_posts/2022-04-14-kalorietaeller-apps.md,slankekur,/slankekur/
_posts/2022-04-14-kalorietaeller-apps.md,daglige stofskifte og forbrænding,/ligevaegtsindtag-beregner/
_posts/2022-04-14-kalorietaeller-apps.md,Se vores guide til at beregne dit daglige kaloriebehov,/ligevaegtsindtag-beregner/
_posts/2022-04-14-kalorietaeller-apps.md,"Lær, hvordan du laver kostregistrering",/kostregistrering/
_posts/2022-04-14-kalorietaeller-apps.md,"Få styr på, hvad der egentlig ligger bag kalorieindholdet i maden",/kost-ernaering/
_posts/2021-08-24-loebeprogram-begyndere.md,løb for begyndere,/artikel/kom-i-gang-med-loebetraeningen/
_posts/2021-08-24-loebeprogram-begyndere.md,løbetræning her,/loebesiden/
_posts/2021-08-24-loebeprogram-begyndere.md,paceberegner,/hastighed/
_posts/2021-08-24-loebeprogram-begyndere.md,12-ugers løbeprogram til 10 km,/loebeprogram-10km/
_posts/2021-08-24-loebeprogram-begyndere.md,"løbeteknik, hvilket kan hjælpe på din løbeøkonomi",/lobeokonomi/
_posts/2021-08-24-loebeprogram-begyndere.md,"musik, der passer til kadencen og din løbetræning",/artikel/musik-til-traeningen/
_posts/2021-08-24-loebeprogram-begyndere.md,kompressionsstrømper,/kompressionsstroemper-restitution-praestation-bivirkninger/
_posts/2021-08-24-loebeprogram-begyndere.md,gerne vil i gang med løbetræningen,/artikel/kom-i-gang-med-loebetraeningen/
_posts/2021-08-24-loebeprogram-begyndere.md,alle vores løbeprogrammer,/loebeprogrammer/
_posts/2020-05-28-restitution.md,Superkompensationsteorien,/superkompensation/
_posts/2020-05-28-restitution.md,Ophobet mælkesyre,/maelkesyre-traening/
_posts/2020-05-28-restitution.md,konditallet,/kondital/
_posts/2020-05-28-restitution.md,muskelømhed (DOMS),/omme-muskler-efter-traening/
_posts/2020-05-28-restitution.md,hvilepuls,/hvilepuls/
_posts/2020-05-28-restitution.md,HRV,/hrv/
_posts/2020-05-28-restitution.md,7 trin til optimering af søvn,/soevn-optimering/
_posts/2020-05-28-restitution.md,åbne vindue,/artikel/aabne-vindue-og-anabolic-window/
_posts/2020-05-28-restitution.md,nedvarmning virker på restitutionstiden,/nedvarmning-som-restitutionsaktivitet/
_posts/2020-05-28-restitution.md,vejrtrækningsøvelser,/aandedraetstraening-forbedrer-udholdenheden/
_posts/2020-05-28-restitution.md,Restitutionstræning,/restitutionstraening/
_posts/2020-05-28-restitution.md,sportsmassage,/massage/
_posts/2020-05-28-restitution.md,kompressionsstrømper,/kompressionsstroemper-restitution-praestation-bivirkninger/
_posts/2020-05-28-restitution.md,isbad efter træning,/isbad-og-kryoterapi/
_posts/2020-05-28-restitution.md,"isbade, kryoterapi og kontrastbade",/isbad-og-kryoterapi/
_posts/2020-05-28-restitution.md,Recovery boots,/recovery-boots-restitution/
_posts/2020-05-28-restitution.md,Foam rolling,/foamrolling/
_posts/2020-05-28-restitution.md,restitutionstid og alder,/restitutionstid-og-alder/
_posts/2020-05-28-restitution.md,træning over 40 og 50 år,/traening-40-plus/
_posts/2020-07-16-balancetraening.md,grundlæggende guide til balance og postural kontrol,/balance/
_posts/2020-07-16-balancetraening.md,Stork-testen på tæer,/enkeltbensstand-stork-test/
_posts/2020-07-16-balancetraening.md,Stork-testen,/enkeltbensstand-stork-test/
_posts/2020-07-16-balancetraening.md,første rite fra De 5 Tibetanere,/artikel/de-fem-tibetanere/
_posts/2020-07-16-balancetraening.md,Samlet overblik over balancetests,/balance-tests/
_posts/2020-07-16-balancetraening.md,Enkeltbensstand & Stork Test,/enkeltbensstand-stork-test/
_posts/2020-07-16-balancetraening.md,Y-Balance Test,/y-balance-test/
_posts/2020-07-16-balancetraening.md,MSLHST,/mslhst-test/
_posts/2021-01-01-tael-skridt.md,omregner fra motion og sport til skridt,/omregn-motion-aktivitet-sport-til-skridt/
_posts/2021-01-01-tael-skridt.md,kalorieforbrænding ved gang,/forbraending-ved-gaa-gang/
_posts/2021-01-01-tael-skridt.md,søvnoptimering,/soevn-optimering/
_posts/2021-01-01-tael-skridt.md,hvor langt 10.000 skridt er i kilometer,/skridt-pr-km-10000/
_posts/2020-06-25-yoyo-test.md,Gå til standard bip-testen,/bip-test/
_posts/2020-06-25-yoyo-test.md,klassiske bip-test,/bip-test/
_posts/2020-06-25-yoyo-test.md,30-15 Intermittent Fitness Test,/30-15-intermittent-fitness-test/
_posts/2020-06-25-yoyo-test.md,30-15 IFT beregner,/30-15-intermittent-fitness-test/
_posts/2020-06-25-yoyo-test.md,klassiske bip-test,/bip-test/
_posts/2020-06-25-yoyo-test.md,anaerob træning,/anaerob-traening/
_posts/2020-06-25-yoyo-test.md,intervaltræning,/intervaltraening/
_posts/2020-06-25-yoyo-test.md,energisystemerne,/energisystemer/
_posts/2020-06-25-yoyo-test.md,heart rate recovery,/restitutionspuls/
_posts/2020-08-01-aldersgradueret-loeb.md,Beregn dit kondital ud fra en løbetur her →,/kondital-loeb-distance-tid/
_posts/2020-08-01-aldersgradueret-loeb.md,Flyer Handicap beregner for løbetider med alder og vægt,/flyer-handicap/
_posts/2020-08-01-aldersgradueret-loeb.md,vægttab gør direkte ved løbetiden,/vaegttab-loebetid/
_posts/2020-08-01-aldersgradueret-loeb.md,komplette oversigt over løbeværktøjer,/loebesiden/#beregnere
_posts/2020-12-07-progression-strength-training.md,Reactive Training systems app,/rts-app/
_posts/2020-12-07-progression-strength-training.md,1RM-beregner,/rm-beregner/
_posts/2020-07-04-hvordan-hojere.md,Gennemsnitshøjden blandt danskere,/hvad-er-gennemsnitshoejden-i-danmark/
_posts/2020-07-04-hvordan-hojere.md,gennemsnitshøjden i Danmark for mænd og kvinder,/hvad-er-gennemsnitshoejden-i-danmark/
_posts/2020-07-04-hvordan-hojere.md,højdeberegner,/hvor-hoej-bliver-jeg/
_posts/2020-07-04-hvordan-hojere.md,Søvnen,/soevn/
_posts/2020-07-04-hvordan-hojere.md,søvnhygiejne,/soevn-optimering/
_posts/2020-07-04-hvordan-hojere.md,bedre kropsholdning og rette ryggen,/ret-ryggen-kropsholdning/
_posts/2020-07-04-hvordan-hojere.md,træne pullups og chinups,/chinup-vs-pullup/
_posts/2020-07-04-hvordan-hojere.md,bedre kropsholdning og rette ryggen,/ret-ryggen-kropsholdning/
_posts/2020-09-11-smidighedstest-mod-sit-reach.md,"<i class=""fas fa-arrow-right""></i> Se vores samlede overblik over smidighedstests",/smidighedstests/
_posts/2020-09-11-smidighedstest-mod-sit-reach.md,udstrækning og udspænding – hvordan udstrækningsøvelser virker,/udstraekning-udspaending/
_posts/2020-09-11-smidighedstest-mod-sit-reach.md,Oversigt over smidighedstests på Motionsplan.dk,/smidighedstests/
_posts/2020-09-11-smidighedstest-mod-sit-reach.md,Oversigt over balancetests,/balance-tests/
_posts/2019-10-13-fedtprocent-bioimpedans.md,måle fedtprocent,/maal-fedtprocent/
_posts/2019-10-13-fedtprocent-bioimpedans.md,kropssammensætning,/kropskomposition/
_posts/2019-10-13-fedtprocent-bioimpedans.md,InBody 570,/artikel/inbody-570-bioimpedans/
_posts/2019-10-13-fedtprocent-bioimpedans.md,Alt om kropskomposition,/kropskomposition/
_posts/2019-10-13-fedtprocent-bioimpedans.md,Forskellige teknikker til måling af fedtprocent,/maal-fedtprocent/
_posts/2019-10-13-fedtprocent-bioimpedans.md,slankekur,/slankekur/
_posts/2019-10-13-fedtprocent-bioimpedans.md,idealvægt,/idealvaegt/
_posts/2021-08-23-holdtraening.md,progressiv overload,/styrketraening/
_posts/2021-08-23-holdtraening.md,CrossFit workout (WOD),/crossfit-workouts/
_posts/2021-08-23-holdtraening.md,squat,/squat/
_posts/2021-08-23-holdtraening.md,dødløft,/doedloeft/
_posts/2021-12-19-body-surface.md,BMI-beregner,/bmi/
_posts/2022-01-20-trailloeb.md,online ruteopmålere og ruteplanlæggere,/ruteopmaaler-loebetur/
_posts/2022-01-20-trailloeb.md,løbeprogrammer,/loebeprogrammer/
_posts/2020-04-30-forbedr-din-udholdenhed-aandedraet.md,afslapning og restitution,/restitution/
_posts/2020-04-30-forbedr-din-udholdenhed-aandedraet.md,blodtrykket,/blodtryk/
_posts/2020-04-30-forbedr-din-udholdenhed-aandedraet.md,heart rate variability,/hrv/
_posts/2020-04-30-forbedr-din-udholdenhed-aandedraet.md,mindfulness,/mindfulness-meditation/
_posts/2022-04-28-konditionstraening.md,cardio,/cardio-traening-workout/
_posts/2022-04-28-konditionstraening.md,konditionen,/kondition/
_posts/2022-04-28-konditionstraening.md,konditallet,/kondital/
_posts/2022-04-28-konditionstraening.md,maksimale iltoptagelse og VO₂max,/maksimale-iltoptagelse-vo2max/
_posts/2022-04-28-konditionstraening.md,din hvilepuls,/hvilepuls/
_posts/2022-04-28-konditionstraening.md,6 fysiologiske tilpasninger til konditionstræning,/tilpasning-konditionstraening/
_posts/2022-04-28-konditionstraening.md,Aerob træning,/aerob-traening/
_posts/2022-04-28-konditionstraening.md,Aerob træning: 5 forslag til at træne det aerobe system 💗,/aerob-traening/
_posts/2022-04-28-konditionstraening.md,Anaerob træning,/anaerob-traening/
_posts/2022-04-28-konditionstraening.md,mælkesyre,/maelkesyre-traening/
_posts/2022-04-28-konditionstraening.md,Anaerob træning: Øvelser og træningsprogram,/anaerob-traening/
_posts/2022-04-28-konditionstraening.md,HIIT,/hiit/
_posts/2022-04-28-konditionstraening.md,intervaltræning,/intervaltraening/
_posts/2022-04-28-konditionstraening.md,HIIT-træning: Øvelser og træningsprogrammer,/hiit/
_posts/2022-04-28-konditionstraening.md,"Tempotræning: Hvad er det, og hvordan man gør det",/loebesiden-jack-daniels-loebeberegner/
_posts/2022-04-28-konditionstraening.md,forbedrer restitutionen,/restitution/
_posts/2022-04-28-konditionstraening.md,Konditionstests og konditests,/kondition/tests/
_posts/2022-04-28-konditionstraening.md,SMART modellen,/smart/
_posts/2022-04-28-konditionstraening.md,kontinuerlig bip test,/bip-test/
_posts/2022-04-28-konditionstraening.md,Coopers løbetest,/cooper-test/
_posts/2022-04-28-konditionstraening.md,grundlæggende træningsprincipper,/traeningsprincipper/
_posts/2022-04-28-konditionstraening.md,maxpulsen,/test-max-puls/
_posts/2022-04-28-konditionstraening.md,Borg-skalaen,/borg-skala/
_posts/2022-04-28-konditionstraening.md,løbetræning,/loebesiden/
_posts/2022-04-28-konditionstraening.md,forskellige intervalløbtyper,/intervallob-intervaltraening/
_posts/2022-04-28-konditionstraening.md,forhøjet blodtryk,/blodtryk/
_posts/2022-01-02-hvornaar-i-seng.md,hvor meget man skal sove,/hvor-meget-skal-man-sove/
_posts/2022-01-02-hvornaar-i-seng.md,optimering af søvn i cyklusser,/soevn/
_posts/2022-01-02-hvornaar-i-seng.md,A- eller B-menneske,/a-eller-b-menneske/
_posts/2022-01-02-hvornaar-i-seng.md,søvndagbog til søvnregistrering,/soevndagbog/
_posts/2022-01-02-hvornaar-i-seng.md,søvn-tracking via ur,/soevn-tracking/
_posts/2010-08-29-vaer-god-ved-din-ryg.md,stress,/stress-test/
_posts/2010-08-29-vaer-god-ved-din-ryg.md,søvnkvalitet,/soevn/
_posts/2010-08-29-vaer-god-ved-din-ryg.md,Læs guiden til McGill Big 3 for en stabil ryg,/mcgill-big-3/
_posts/2010-08-29-vaer-god-ved-din-ryg.md,Se alle effektive rygøvelser til fitness & hjemmetræning,/rygoevelser/
_posts/2020-08-11-kosttilskud.md,udregne dit eget proteinbehov i vores beregner,/dagligt-protein-indtagelse/
_posts/2020-08-11-kosttilskud.md,fødevarer der har et højt proteinindhold,/protein-i-madvarer/
_posts/2020-08-11-kosttilskud.md,åbent vindue,/artikel/aabne-vindue-og-anabolic-window/
_posts/2020-08-11-kosttilskud.md,køber proteinpulver,/kosttilskud/proteinpulver/
_posts/2020-08-11-kosttilskud.md,Hvordan får du billigst opfyldt dit proteinbehov?,/billig-protein/
_posts/2020-08-11-kosttilskud.md,hypertrofi og hvor hutigt muskler vokser,/hvor-hurtigt-vokser-muskler/
_posts/2020-08-11-kosttilskud.md,Kreatin: Det bedste og billigste kosttilskud?,/kreatin/
_posts/2020-08-11-kosttilskud.md,Koffein og træning: Hvordan virker det og hvor meget?,/koffein/
_posts/2020-08-11-kosttilskud.md,D-vitamin,/kosttilskud-d-vitamin/
_posts/2020-08-11-kosttilskud.md,depression,/phq-9-depression-test/
_posts/2020-08-11-kosttilskud.md,magnesium som kosttilskud,/magnesium/
_posts/2020-08-11-kosttilskud.md,onlinebutikker her,/koeb-kosttilskud-online/
_posts/2020-08-11-excentrisk-koncentrisk.md,lave en bevægelsesanalyse,/bevaegelsesanalyse/
_posts/2020-08-11-excentrisk-koncentrisk.md,styre tempoet i dine løft,/artikel/foelg-tempoet-naar-du-loefter/
_posts/2020-08-11-excentrisk-koncentrisk.md,excentrisk træning,/excentrisk-traening/
_posts/2020-08-11-excentrisk-koncentrisk.md,skadesforebyggelse og nedsættelse af smerter omkring senerne,/skadesforebyggelse-skadesforebyggende-traening/
_posts/2020-08-11-excentrisk-koncentrisk.md,rate of force development (RFD),/rate-of-force-development/
_posts/2020-08-11-excentrisk-koncentrisk.md,træning af kropsvægt hjemme,/artikel/traening-med-kropsvaegt/
_posts/2021-01-24-hvor-hoej-bliver-du.md,Hvad er gennemsnitshøjden for mænd og kvinder i Danmark?,/hvad-er-gennemsnitshoejden-i-danmark/
_posts/2021-01-24-hvor-hoej-bliver-du.md,Forstå BMI for børn og unge (BMI-for-alder / iso-BMI),/bmi-beregner-boern-unge-teenagere/
_posts/2021-01-24-hvor-hoej-bliver-du.md,Komplet Fysiologisk Kropsanalyse Dashboard,/kropsanalyse/
_posts/2019-10-31-hrzones-pulszoner.md,Jack Daniels løbeberegner,/loebesiden-jack-daniels-loebeberegner/
_posts/2019-10-31-hrzones-pulszoner.md,den maksimale puls,/test-max-puls/
_posts/2019-10-31-hrzones-pulszoner.md,træningszoner,/traeningszoner/
_posts/2019-10-31-hrzones-pulszoner.md,pulstræning,/pulstraening/
_posts/2019-10-31-hrzones-pulszoner.md,Maxpuls,/test-max-puls/
_posts/2019-10-31-hrzones-pulszoner.md,Hvilepulsen,/hvilepuls/
_posts/2019-10-31-hrzones-pulszoner.md,måles ved en maxpulstest,/test-max-puls/
_posts/2019-10-31-hrzones-pulszoner.md,Lær mere om pulsreserven,/pulsreserve/
_posts/2019-10-31-hrzones-pulszoner.md,Læs mere om den aerobe tærskel,/aerobe-taerskel/
_posts/2019-10-31-hrzones-pulszoner.md,Læs mere om den anaerobe tærskel,/anaerobe-taerskel/
_posts/2019-10-31-hrzones-pulszoner.md,testet din maxpuls,/test-max-puls/
_posts/2019-10-31-hrzones-pulszoner.md,maxpuls-beregner,/max-puls-beregner/
_posts/2019-10-31-hrzones-pulszoner.md,Jack Daniels,/loebesiden-jack-daniels-loebeberegner/
_posts/2019-10-31-hrzones-pulszoner.md,hvilepuls,/hvilepuls/
_posts/2019-10-31-hrzones-pulszoner.md,pulsreserve,/pulsreserve/
_posts/2019-10-31-hrzones-pulszoner.md,iltoptagelsestests i laboratorium,/iltoptagelse-laboratorietest/
_posts/2019-10-31-hrzones-pulszoner.md,Dyk ned i teorien om den aerobe tærskel,/aerobe-taerskel/
_posts/2019-10-31-hrzones-pulszoner.md,Zone 2 træning,/zone-2-traening/
_posts/2019-10-31-hrzones-pulszoner.md,Brug laktattesten til at indstille dine personlige pulszoner →,/laktattest/
_posts/2019-10-31-hrzones-pulszoner.md,Komplet guide til pulstræning og kredsløbsfysiologi,/pulstraening/
_posts/2019-10-31-hrzones-pulszoner.md,SÅDAN tester du din maxpuls korrekt,/test-max-puls/
_posts/2019-10-31-hrzones-pulszoner.md,Hvad fortæller din hvilepuls om din sundhed og form?,/hvilepuls/
_posts/2019-10-31-hrzones-pulszoner.md,Lær mere om Heart Rate Reserve (Pulsreserven),/pulsreserve/
_posts/2022-08-17-soevn-optimering.md,hvor meget søvn man skal have,/hvor-meget-skal-man-sove/
_posts/2022-08-17-soevn-optimering.md,søvn,/soevn/
_posts/2022-08-17-soevn-optimering.md,biohacking kulturen,/hvad-er-biohacking/
_posts/2022-08-17-soevn-optimering.md,træning før sengetid,/traening-sengetid/
_posts/2022-08-17-soevn-optimering.md,restituere,/restitution/
_posts/2022-08-17-soevn-optimering.md,cortisol,/fysiologi/
_posts/2022-08-17-soevn-optimering.md,test af din kronotype,/a-eller-b-menneske/
_posts/2022-08-17-soevn-optimering.md,hvornår du skal i sove,/hvornaar-gaa-i-seng/
_posts/2022-08-17-soevn-optimering.md,brug af søvndagbog,/soevndagbog/
_posts/2022-08-17-soevn-optimering.md,registrere din søvn i en søvndagbog,/soevndagbog/
_posts/2022-08-17-soevn-optimering.md,aktivitetsur kan tracke din søvn,/soevn-tracking/
_posts/2025-07-16-carbo-loading.md,"Hvad er kulhydrater, og hvordan bruges de i kroppen?",/kulhydrater-opbygning/
_posts/2025-07-16-carbo-loading.md,Kulhydratforbrug under aktivitet →,/kulhydratforbrug/
_posts/2025-07-16-carbo-loading.md,sportsernæring,/kost-ernaering/
_posts/2025-07-16-carbo-loading.md,restitution,/restitution/
_posts/2020-08-03-citater-traening.md,"træningscitater om løb, styrketræning og motivation",/citater-traening-motivation/
_posts/2019-10-31-kondital-cooper.md,konditionstests til løb,/kondition/tests/
_posts/2019-10-31-kondital-cooper.md,tabel over kondital,/kondital/
_posts/2019-10-31-kondital-cooper.md,tabellen over kondital for mænd og kvinder,/kondital/
_posts/2019-10-31-kondital-cooper.md,løbeøkonomi,/lobeokonomi/
_posts/2019-10-31-kondital-cooper.md,bip-testen,/bip-test/
_posts/2019-10-31-kondital-cooper.md,2400-meter-testen,/kondital-2400-meter/
_posts/2019-10-31-kondital-cooper.md,en formel for hastighed og vores beregner for gennemsnitshastighed,/hastighed/
_posts/2019-10-31-kondital-cooper.md,tabellen over kondital,/kondital/
_posts/2019-10-31-kondital-cooper.md,tabellen over kondital,/kondital/
_posts/2019-10-31-kondital-cooper.md,løbeberegner til at udregne dit træningstempo,/loebesiden-jack-daniels-loebeberegner/
_posts/2019-10-31-kondital-cooper.md,anaerobe tærskel,/anaerobe-taerskel/
_posts/2019-10-31-kondital-cooper.md,beregne dine pulszoner,/pulszoner-beregner/
_posts/2019-10-31-kondital-cooper.md,maksimale iltoptagelse,/maksimale-iltoptagelse-vo2max/
_posts/2019-10-31-kondital-cooper.md,anaerob tærskel,/anaerobe-taerskel/
_posts/2019-10-31-kondital-cooper.md,løbeøkonomi,/lobeokonomi/
_posts/2019-10-31-kondital-cooper.md,højintensive intervalløb,/intervallob-intervaltraening/
_posts/2019-10-31-kondital-cooper.md,rigtig HIIT-træning,/hiit/
_posts/2019-10-31-kondital-cooper.md,løbetræning på løbesiden,/loebesiden/
_posts/2019-10-31-kondital-cooper.md,Konditionstræning og kredsløbstræning,/konditionstraening/
_posts/2019-10-31-kondital-cooper.md,bip-test (shuttle run),/bip-test/
_posts/2019-10-31-kondital-cooper.md,kategorierne for konditallet,/kondital/
_posts/2019-10-31-kondital-cooper.md,2400-meter-testen,/kondital-2400-meter/
_posts/2019-10-31-kondital-cooper.md,politiets fysiske optagelsesprøve,/politiets-fysiske-tests-krav-optagelsesproeve/
_posts/2019-10-13-fedtprocent-skinfold.md,Durnin & Womersley 4-punkts måling af fedtprocent,/skinfold-durnin-womersley/
_posts/2019-10-13-fedtprocent-skinfold.md,udregne din fedtprocent,/artikel/udregning-af-fedtprocent/
_posts/2019-10-13-fedtprocent-skinfold.md,normal fedtprocent tabel,/fedtprocent-normer/
_posts/2019-10-13-fedtprocent-skinfold.md,slankekur,/slankekur/
_posts/2019-10-13-fedtprocent-skinfold.md,idealvægt,/idealvaegt/
_posts/2022-07-28-discgolf-butikker.md,"guide til at
    vælge disc",/golfdisc-til-discgolf/
_posts/2022-07-28-discgolf-butikker.md,discgolf,/discgolf/
_posts/2022-07-28-discgolf-butikker.md,guide til at vælge disc til discgolf,/golfdisc-til-discgolf/
_posts/2022-08-18-koffein.md,kosttilskud,/kosttilskud/
_posts/2021-01-30-okklusion-vol1.md,præstationsoptimering,/traeningslaere/
_posts/2021-01-30-okklusion-vol1.md,hjemmetræning,/hjemmetraening-traeningsprogram/
_posts/2021-01-30-okklusion-vol1.md,muskelømhed,/omme-muskler-efter-traening/
_posts/2021-01-30-okklusion-vol1.md,forhøjet blodtryk,/blodtryk/
_posts/2021-01-30-okklusion-vol1.md,udstyr til okklusionstræning,/udstyr-okklusionstraening-okklusionsudstyr/
_posts/2022-09-06-varmetraening.md,varmeakklimatisere,/varmeakklimatisering-traening-i-varmen/
_posts/2020-09-04-pushup-test.md,kvinder og mænd har samme muskelfiber-sammensætning,/maend-kvinder-muskler/
_posts/2020-09-04-pushup-test.md,Armbøjninger eller armstrækninger?,/armbojninger-eller-armstraekninger-pushups/
_posts/2020-09-04-pushup-test.md,Hvordan lærer jeg at tage min første armstrækning?,/artikel/hvordan-laerer-jeg-tage-en-armstraekning/
_posts/2025-04-20-progression-loeb.md,tjek vores begynderguide,/intervals-icu-begynderguide/
_posts/2022-02-09-loeb-hurtigere.md,planlægge dit løbeprogram,/guide-til-loebeprogram/
_posts/2022-02-09-loeb-hurtigere.md,Intervaltræning,/intervaltraening/
_posts/2022-02-09-loeb-hurtigere.md,10-20-30 intervaltræning,/10-20-30-intervaltraening/
_posts/2022-02-09-loeb-hurtigere.md,intervaltræning til løb,/intervallob-intervaltraening/
_posts/2022-02-09-loeb-hurtigere.md,kondital,/kondital/
_posts/2022-02-09-loeb-hurtigere.md,vægtændrings estimerede påvirkening af din løbetid,/vaegttab-loebetid/
_posts/2022-02-09-loeb-hurtigere.md,teknologiske udvikling inden for sportsudstyr,/teknologi-sport/
_posts/2022-02-09-loeb-hurtigere.md,Ineos Challenge,/kipchoge-challenge/
_posts/2020-06-09-test-muskelfibertyper.md,hvilke muskelfibre og muskelfibertyper mennesker har,/muskelfibertyper/
_posts/2020-06-09-test-muskelfibertyper.md,_one-repetition maximum_ (1RM),/rm-maxtest/
_posts/2020-06-09-test-muskelfibertyper.md,1RM-beregner,/rm-beregner/
_posts/2020-06-09-test-muskelfibertyper.md,grundige overvejelser om muskelfibertyper,/muskelfibertyper/
_posts/2020-06-09-test-muskelfibertyper.md,"går i dybden med muskelfibertyper, og hvilken betydning det har",/muskelfibertyper/
_posts/2019-10-28-cns-fatigue.md,1RM,/rm-beregner/
_posts/2022-02-10-hvor-hurtigt-gaa-km.md,omregner skridt til km,/skridt-pr-km-10000/
_posts/2022-02-10-hvor-hurtigt-gaa-km.md,hvor langt et skridt er,/skridtlaengde-gang/
_posts/2022-02-10-hvor-hurtigt-gaa-km.md,hastighedsberegner,/hastighed/
_posts/2022-02-10-hvor-hurtigt-gaa-km.md,regne din gennemsnitsfart i vores fartberegner,/hastighed/
_posts/2022-02-10-hvor-hurtigt-gaa-km.md,skridt til km omregner her,/skridt-pr-km-10000/
_posts/2022-05-30-muskeltraening.md,træningsformer,/traeningsformer/
_posts/2022-05-30-muskeltraening.md,sportsgrene,/sportsgrene-liste/
_posts/2022-05-30-muskeltraening.md,styrkeløft,/styrkeloeft/
_posts/2022-05-30-muskeltraening.md,fysiske træning,/fysisk-traening/
_posts/2022-05-30-muskeltraening.md,træningsprogram,/traeningsprogrammer/
_posts/2022-05-30-muskeltraening.md,mavebøjninger,/oevelse/maveboejning/
_posts/2022-05-30-muskeltraening.md,planken,/oevelse/planken/
_posts/2022-05-30-muskeltraening.md,IMTP-testen,/imtp-test/
_posts/2022-05-30-muskeltraening.md,Alt om styrketræning,/styrketraening/
_posts/2022-05-30-muskeltraening.md,"Hvad er koncentrisk, excentrisk og isometrisk muskelarbejde?",/koncentrisk-excentrisk-isometrisk/
_posts/2022-05-30-muskeltraening.md,cirkeltræning,/cirkeltraening/
_posts/2022-05-30-muskeltraening.md,styrketræningsprogrammer,/styrketraeningsprogrammer/
_posts/2020-08-14-loebebaand.md,betydning løbesko har for risikoen for løbeskader,/artikel/loebeskader-loebe-uden-skader/
_posts/2020-08-14-loebebaand.md,løbeøkonomien,/lobeokonomi/
_posts/2020-08-14-loebebaand.md,restitutionen og restitutionstiden,/restitution/
_posts/2020-08-14-loebebaand.md,musik til min træning,/artikel/musik-til-traeningen/
_posts/2020-08-14-loebebaand.md,god podcast om træning,/bedste-fitness-traening-podcasts/
_posts/2020-08-14-loebebaand.md,intervalløb,/intervallob-intervaltraening/
_posts/2019-10-14-fedtprocent-skinfold-durnin-womersley.md,formler til bestemmelse af fedtprocent fra hudfoldsmåling,/skinfold/
_posts/2019-10-14-fedtprocent-skinfold-durnin-womersley.md,måle skinfolds med fedttang,/skinfold/
_posts/2019-10-14-fedtprocent-skinfold-durnin-womersley.md,normalværdier for fedtprocent,/fedtprocent-normer/
_posts/2019-10-14-fedtprocent-skinfold-durnin-womersley.md,slankekur,/slankekur/
_posts/2019-10-14-fedtprocent-skinfold-durnin-womersley.md,idealvægt,/idealvaegt/
_posts/2009-04-02-dogmefitness.md,Øvelser til træning i naturen og naturfitness,/naturfitness/
_posts/2009-04-02-dogmefitness.md,Svinetræning,/svinetraening/
_posts/2010-07-11-kompressionsstroemper-loeb.md,restitutionen,/restitution/
_posts/2010-07-11-kompressionsstroemper-loeb.md,muskelømhed (DOMS),/omme-muskler-efter-traening/
_posts/2010-07-11-kompressionsstroemper-loeb.md,mælkesyre,/maelkesyre-traening/
_posts/2019-10-31-kondital-fra-puls.md,puls,/puls/
_posts/2019-10-31-kondital-fra-puls.md,hvad hvilepulsen er og hvordan du måler den,/hvilepuls/
_posts/2019-10-31-kondital-fra-puls.md,"hvordan du kan måle, beregne og teste maxpulsen",/test-max-puls/
_posts/2019-10-31-kondital-fra-puls.md,tabellen for kondital for mænd og kvinder,/kondital/
_posts/2019-10-25-opvarmning-styrketraening.md,faglige hovedartikel om fysiologien bag opvarmning,/opvarmning/
_posts/2019-10-25-opvarmning-styrketraening.md,Bulletproof Athlete-program,/artikel/bulletproof-athlete/
_posts/2019-10-25-opvarmning-styrketraening.md,plyometrisk træning,/plyometrisk-traening/
_posts/2019-10-25-opvarmning-styrketraening.md,Lær hvordan du bruger McGill Big 3 som aktivering til din opvarmning her,/mcgill-big-3/
_posts/2025-04-14-greyskull-lp.md,Liftosaur-appen,/liftosaur/
_posts/2021-11-02-imtp.md,rate of force development (RFD),/rate-of-force-development/
_posts/2021-11-02-imtp.md,traditionel 1RM-test,/rm-maxtest/
_posts/2021-11-02-imtp.md,indstillingerne til Accupower,/accupower-setup/
_posts/2022-01-15-a-b-menneske.md,din søvn,/soevn/
_posts/2022-01-15-a-b-menneske.md,hvornår du skal gå i seng?,/hvornaar-gaa-i-seng/
_posts/2022-01-15-a-b-menneske.md,optimere din søvn,/soevn-optimering/
_posts/2022-01-15-a-b-menneske.md,kortlægge din søvn med søvndagbog,/soevndagbog/
_posts/2022-01-15-a-b-menneske.md,bruge dit ur til søvntracking,/soevn-tracking/
_posts/2025-04-14-pak-minimal-effective-volume.md,bænkpres,/oevelse/baenkpres/
_posts/2025-04-14-pak-minimal-effective-volume.md,styrkeløft,/styrkeloeft/
_posts/2025-04-14-pak-minimal-effective-volume.md,Liftosaur-appen,/liftosaur/
_posts/2022-01-30-smolov.md,One Rep Max beregner,/rm-beregner/
_posts/2022-01-30-smolov.md,RPE-skema for styrketræning,/rpe/
_posts/2020-08-29-kalorietabel-alkohol.md,samlede kalorietabel over fødevarer,/kalorietabellen/
_posts/2020-08-29-kalorietabel-alkohol.md,frugt,/kalorietabel-frugt/
_posts/2020-08-29-kalorietabel-alkohol.md,grøntsager,/kalorietabel-groentsager/
_posts/2020-08-29-kalorietabel-alkohol.md,brød,/kalorietabel-broed/
_posts/2020-08-29-kalorietabel-alkohol.md,ligevægtsindtag,/ligevaegtsindtag-beregner/
_posts/2020-08-29-kalorietabel-alkohol.md,basalstofskifte (BMR),/bmr-beregner/
_posts/2020-06-01-loeb-mere-energi-gang.md,"hvor meget du forbrænder
    ved at gå her",/forbraending-ved-gaa-gang/
_posts/2020-06-01-loeb-mere-energi-gang.md,mindst 20 fordele ved at gå,/gang-fordele-ved-at-gaa/
_posts/2020-06-01-loeb-mere-energi-gang.md,MET med en tabel over virkelig mange aktiviteter,/met/
_posts/2020-06-01-loeb-mere-energi-gang.md,kalorieforbrænding under gang og på dine gåture,/forbraending-ved-gaa-gang/
_posts/2020-06-01-loeb-mere-energi-gang.md,MET-værdier,/met/
_posts/2020-06-01-loeb-mere-energi-gang.md,hvor mange km 10.000 skridt er,/skridt-pr-km-10000/
_posts/2026-08-06-haandgrebsstyrke.md,Sit-to-Stand Test (30STS & 5xSTS),/sit-to-stand-test/
_posts/2026-08-06-haandgrebsstyrke.md,Timed Up and Go (TUG),/timed-up-and-go-test/
_posts/2026-08-06-haandgrebsstyrke.md,Bergs Balanceskala (BBS),/bergs-balanceskala/
_posts/2019-11-19-styrkeloeft-vaelg-forsoeg.md,Regler for løftene i styrkeløft,/powerlifting-rules/
_posts/2019-11-19-styrkeloeft-vaelg-forsoeg.md,1RM max,/rm-beregner/
_posts/2019-11-19-styrkeloeft-vaelg-forsoeg.md,strategi for dit 1RM-forsøg,/rm-maxtest/
_posts/2019-11-19-styrkeloeft-vaelg-forsoeg.md,hvor meget vægt der skal på stangen,/hvor-meget-vaegt-paa-stangen/
_posts/2019-11-19-styrkeloeft-vaelg-forsoeg.md,RM-beregner,/rm-beregner/
_posts/2019-11-19-styrkeloeft-vaelg-forsoeg.md,RPE-beregner til styrketræning,/rpe/
_posts/2019-11-19-styrkeloeft-vaelg-forsoeg.md,1RM ud fra VBT,/vbt-1rm/
_posts/2019-11-19-styrkeloeft-vaelg-forsoeg.md,hvordan du laver en maxtest,/rm-maxtest/
_posts/2026-08-06-5-10-5-agility-test.md,Illinois Agility Test,/illinois-agility-test/
_posts/2026-08-06-5-10-5-agility-test.md,Håndbold-agility-testen,/haandbold-agility-test/
_posts/2026-08-06-5-10-5-agility-test.md,10m & 30m Sprinttest,/tests/sprint/
_posts/2019-11-19-styrkeloft-deadlift.md,guide til dødløft,/doedloeft/
_posts/2019-11-19-styrkeloft-deadlift.md,konventionel dødløft,/oevelse/konventionel-doedloeft/
_posts/2019-11-19-styrkeloft-deadlift.md,sumodødløft,/oevelse/sumo-doedloeft/
_posts/2019-11-19-styrkeloft-deadlift.md,officielle regler til styrkeløft,/powerlifting-rules/
_posts/2019-11-19-styrkeloft-deadlift.md,Alt om bælter til styrketræning,/baelte-styrketraening/
_posts/2019-11-19-styrkeloft-deadlift.md,styrkeløft-konkurrence,/powerlifting-rules/
_posts/2019-11-19-styrkeloft-deadlift.md,Sådan vælger du dine forsøg til styrkeløft,/styrkeloeft-vaelg-forsoeg/
_posts/2019-11-19-styrkeloft-deadlift.md,forberede dig til et maxløft eller en 1RM-maxtest,/pap-post-activation-potentiation-1rm-maxtest/
_posts/2019-11-19-styrkeloft-deadlift.md,komplette guide til styrkeløft,/styrkeloeft/
_posts/2019-11-19-styrkeloft-deadlift.md,store dødløft-guide,/doedloeft/
_posts/2019-11-19-styrkeloft-deadlift.md,konventionel dødløft,/oevelse/konventionel-doedloeft/
_posts/2019-11-19-styrkeloft-deadlift.md,sumodødløft,/oevelse/sumo-doedloeft/
_posts/2020-07-08-udstraekning.md,Smidighedstræning – Den fysiologiske guide til bedre mobilitet,/smidighedstraening/
_posts/2020-07-08-udstraekning.md,"Virker udstrækning? Videnskabelig gennemgang af myter, DOMS og 1RM",/virker-udstraekning/
_posts/2020-07-08-udstraekning.md,Dynamisk vs. statisk udstrækning – Hvornår skal du bruge hvad?,/dynamisk-og-statisk-udstraekning/
_posts/2020-07-08-udstraekning.md,PNF-udstrækning – Guide til Hold-Relax og autogen hæmning,/pnf-udstraekning/
_posts/2020-07-08-udstraekning.md,PNF-udstrækning,/pnf-udstraekning/
_posts/2020-07-08-udstraekning.md,Læs vores komplette guide til dynamisk vs. statisk udstrækning »,/dynamisk-og-statisk-udstraekning/
_posts/2020-07-08-udstraekning.md,musklerne,/muskler/
_posts/2020-07-08-udstraekning.md,Solhilsen A og B,/artikel/solhilsen-a-b-surya-namaskar/
_posts/2020-07-08-udstraekning.md,De fem tibetanere,/artikel/de-fem-tibetanere/
_posts/2020-07-08-udstraekning.md,Smidighedstests,/smidighedstests/
_posts/2020-07-08-udstraekning.md,ømme muskler og DOMS,/omme-muskler-efter-traening/
_posts/2020-07-08-udstraekning.md,Rate of Force Development,/rate-of-force-development/
_posts/2020-07-08-udstraekning.md,Læs vores store forskningsgennemgang af udstrækning her »,/virker-udstraekning/
_posts/2025-03-26-varedeklaration.md,"gratis kalorietæller
    apps",/kalorietaeller-apps/
_posts/2025-03-26-varedeklaration.md,kalorietabeller,/kalorietabellen/
_posts/2025-03-26-varedeklaration.md,Forskellen på fedtprocent og fedtenergiprocent,/fedtenergiprocent/
_posts/2025-03-26-varedeklaration.md,Kulhydratforbrug under arbejde,/kulhydratforbrug/
_posts/2025-03-26-varedeklaration.md,Hvor meget protein har jeg brug for om dagen?,/dagligt-protein-indtagelse/
_posts/2022-03-01-styrketraening-sko.md,squat,/squat/
_posts/2022-03-01-styrketraening-sko.md,dødløft,/doedloeft/
_posts/2022-03-01-styrketraening-sko.md,squatte dybere,/squat-dybt/
_posts/2020-05-28-restitution-og-alder.md,guide til restitution og restitutionstid,/restitution/
_posts/2020-05-28-restitution-og-alder.md,restitutionsløb,/restitutionsloeb/
_posts/2020-05-28-restitution-og-alder.md,træning for 40+ og 50+ årlige,/traening-40-plus/
_posts/2020-05-28-restitution-og-alder.md,styrketræning for ældre,/traening-aeldre/
_posts/2022-02-12-apps-bevaegelse.md,Blazepods,/blazepod/
_posts/2021-07-31-vaegttab.md,kalorier,/hvad-er-kalorier/
_posts/2021-07-31-vaegttab.md,kalorier,/hvad-er-kalorier/
_posts/2021-07-31-vaegttab.md,ligevægtsindtag,/ligevaegtsindtag-beregner/
_posts/2021-07-31-vaegttab.md,hvilestofskifte (BMR),/bmr-beregner/
_posts/2021-07-31-vaegttab.md,om du forbrænder mest ved løb eller gang,/loeb-mere-energi-gang/
_posts/2021-07-31-vaegttab.md,intervaller giver større fedtforbrænding end kontinuerlig træning,/artikel/er-kontinuerlig-traening-eller-intervaltraening-bedst-for-fedtforbraendningen/
_posts/2021-07-31-vaegttab.md,træningsprogrammer,/traeningsprogrammer/
_posts/2021-07-31-vaegttab.md,forskellige træningsformer,/traeningsformer/
_posts/2021-07-31-vaegttab.md,regelmæssige gåture,/forbraending-ved-gaa-gang/
_posts/2021-07-31-vaegttab.md,slankekur,/slankekur/
_posts/2021-07-31-vaegttab.md,kalorieberegner og madberegner,/kalorieberegner/
_posts/2021-07-31-vaegttab.md,tabe lidt fedt på maven,/tab-fedt-paa-maven/
_posts/2021-07-31-vaegttab.md,BMI-beregner,/bmi/
_posts/2021-07-31-vaegttab.md,udregninger af idealvægt,/idealvaegt/
_posts/2020-06-23-kondital-hvor-hurtigt.md,kondition,/kondition/
_posts/2020-06-23-kondital-hvor-hurtigt.md,kondital for normalbefolkningen,/kondital/
_posts/2020-06-23-kondital-hvor-hurtigt.md,fysiologiske adaptationer til konditionstræning,/tilpasning-konditionstraening/
_posts/2020-06-23-kondital-hvor-hurtigt.md,vokse,/hvor-hurtigt-vokser-muskler/
_posts/2020-06-23-kondital-hvor-hurtigt.md,forsvinde,/atrofi-muskelmasse-muskelstyrke/
_posts/2020-06-23-kondital-hvor-hurtigt.md,fysiologiske tilpasninger til styrketræning,/fysiologiske-tilpasninger/
_posts/2022-08-17-hvor-laenge-sove.md,gode effekter af søvnen,/soevn/
_posts/2022-08-17-hvor-laenge-sove.md,lave søvnregistrering i en søvndagbog,/soevndagbog/
_posts/2022-08-17-hvor-laenge-sove.md,aktivitetsurs søvntracking,/soevn-tracking/
_posts/2022-08-17-hvor-laenge-sove.md,søvn og søvnstadier,/soevn/
_posts/2022-08-17-hvor-laenge-sove.md,kroppens genopbygning og restitution,/restitution/
_posts/2022-08-17-hvor-laenge-sove.md,optimeret søvn skal foregå i cyklusser,/soevn-optimering/
_posts/2022-08-17-hvor-laenge-sove.md,beregne din sengetid,/hvornaar-gaa-i-seng/
_posts/2022-08-17-hvor-laenge-sove.md,optimere din søvn,/soevn-optimering/
_posts/2021-08-24-loebeprogrammer-10k.md,et godt løbeprogram,/loebeprogrammer/
_posts/2021-08-24-loebeprogrammer-10k.md,16-ugers begynderprogram fra 0 til 5 km,/loebeprogram-begyndere/
_posts/2021-08-24-loebeprogrammer-10k.md,Jack Daniels VDOT-principper,/loebesiden-jack-daniels-loebeberegner/
_posts/2021-08-24-loebeprogrammer-10k.md,Jack Daniels VDOT-beregner,/loebesiden-jack-daniels-loebeberegner/
_posts/2021-08-24-loebeprogrammer-10k.md,styrketræning for løbere,/styrketraening-til-loeb/
_posts/2022-01-23-styrketraening-cykling.md,Burpees,/oevelse/burpees/
_posts/2025-05-04-muskelvaekst.md,Hvordan og hvorfor muskler vokser,/hvordan-vokser-muskler/
_posts/2025-05-04-muskelvaekst.md,Fysiologiske tilpasninger til styrketræning,/fysiologiske-tilpasninger/
_posts/2025-05-04-muskelvaekst.md,Træningsmetoder og programmer til hypertrofi,/hypertrofi-metoder/
_posts/2025-05-04-muskelvaekst.md,Hvor hurtigt du kan bygge muskelmasse,/hvor-hurtigt-vokser-muskler/
_posts/2025-05-04-muskelvaekst.md,Hvordan du undgår at miste muskelmasse,/atrofi-muskelmasse-muskelstyrke/
_posts/2025-05-04-muskelvaekst.md,denne artikel om fysiologiske tilpasninger,/fysiologiske-tilpasninger/
_posts/2025-05-04-muskelvaekst.md,Hvordan vokser muskler?,/hvordan-vokser-muskler/
_posts/2025-05-04-muskelvaekst.md,fysiologiske tilpasninger til styrketræning,/fysiologiske-tilpasninger/
_posts/2025-05-04-muskelvaekst.md,denne dybdegående artikel om hypertrofi-metoder,/hypertrofi-metoder/
_posts/2025-05-04-muskelvaekst.md,forskellige træningsniveauer,/styrketraening/periodisering/
_posts/2025-05-04-muskelvaekst.md,Hvor hurtigt vokser muskler?,/hvor-hurtigt-vokser-muskler/
_posts/2025-05-04-muskelvaekst.md,styrkeprogram baseret på den minimale effektive dosis,/styrketraening/dr-pak-minimal-effective-volume/
_posts/2025-05-04-muskelvaekst.md,"Atrofi: Hvad sker der med muskelmasse og styrke, når du holder pause?",/atrofi-muskelmasse-muskelstyrke/
_posts/2019-10-10-sundhedsprofil.md,Anslå kondital fra hvile- og maxpuls,/kondital-fra-puls/
_posts/2019-10-10-sundhedsprofil.md,Anslå kondital ud fra løbedistance,/kondital-loeb-distance-tid/
_posts/2019-10-10-sundhedsprofil.md,Beregner: Test dit BMI,/bmi/
_posts/2019-10-10-sundhedsprofil.md,Test dit taljemål og WHtR,/taljemaal/
_posts/2019-10-10-sundhedsprofil.md,Test din overkropsstyrke,/armstraekninger-test/
_posts/2019-10-10-sundhedsprofil.md,Test din smidighed,/smidighedstest/
_posts/2021-02-04-steps-kadence-running.md,løbeteknik og løbestil,/loebeteknik/
_posts/2021-02-04-steps-kadence-running.md,løbeøkonomi,/lobeokonomi/
_posts/2021-02-04-steps-kadence-running.md,musik du vælger til din løbetræning,/artikel/musik-til-traeningen/
_posts/2021-02-04-steps-kadence-running.md,1RM max,/rm-beregner/
_posts/2021-02-04-steps-kadence-running.md,plyometrisk træning,/plyometrisk-traening/
_posts/2021-02-04-steps-kadence-running.md,Styrketræning til løb: Øvelser og effekt,/styrketraening-til-loeb/
_posts/2021-02-04-steps-kadence-running.md,excentrisk arbejde,/koncentrisk-excentrisk-isometrisk/
_posts/2021-02-04-steps-kadence-running.md,excentriske træning,/excentrisk-traening/
_posts/2021-02-04-steps-kadence-running.md,Komplet guide til bakkeløb,/bakkesprint-bakkeloeb/
_posts/2021-02-04-steps-kadence-running.md,paceberegner fra km/t til min/km,/hastighed/
_posts/2019-10-31-bmi-beregner-boern.md,BMI-skalaen for voksne og ældre,/bmi/
_posts/2019-10-31-bmi-beregner-boern.md,BMI beregner for voksne,/bmi/
_posts/2019-10-31-bmi-beregner-boern.md,Ponderal Index,/ponderal-index/
_posts/2019-10-31-bmi-beregner-boern.md,WHO,/assets/pdf/who/cht_wfh_boys_z_2_5.pdf
_posts/2019-10-31-bmi-beregner-boern.md,WHO,/assets/pdf/who/cht_wfh_girls_z_2_5.pdf
_posts/2019-10-31-bmi-beregner-boern.md,WHO,/assets/pdf/who/bmi-fa_boys_z_5_19_labels.pdf
_posts/2019-10-31-bmi-beregner-boern.md,WHO,/assets/pdf/who/bmi-fa_girls_z_5_19_labels.pdf
_posts/2019-10-31-bmi-beregner-boern.md,Ponderal Index og TMI-beregner her,/ponderal-index/
_posts/2019-10-31-bmi-beregner-boern.md,forskellige taljemål,/taljemaal/
_posts/2019-10-31-bmi-beregner-boern.md,samlede kropskomposition,/kropskomposition/
_posts/2019-10-31-bmi-beregner-boern.md,måle fedtprocenten,/maal-fedtprocent/
_posts/2025-03-03-step-test-ymca-3-minutes.md,"Rockports 1,6 kilometer gangtest",/gaatest/
_posts/2025-03-03-step-test-ymca-3-minutes.md,modificeret udgave af YMCA-steptesten,/ymca-modified-steptest/
_posts/2025-03-03-step-test-ymca-3-minutes.md,andre variationer af steptests,/kondital-fra-steptest/
_posts/2025-03-03-step-test-ymca-3-minutes.md,Rockport Walking Test,/gaatest/
_posts/2025-03-03-step-test-ymca-3-minutes.md,Cooper-testen,/cooper-test/
_posts/2020-08-19-styrketraening-begyndere.md,grundige introduktion til styrketræning,/styrketraening/introduktion/
_posts/2020-08-19-styrketraening-begyndere.md,træningsprogram,/traeningsprogrammer/
_posts/2020-08-19-styrketraening-begyndere.md,indbygget progression,/progressionsmodeller-progressivt-overload/
_posts/2020-08-19-styrketraening-begyndere.md,effektive styrketræningsprogrammer,/styrketraeningsprogrammer/
_posts/2020-08-19-styrketraening-begyndere.md,one rep max,/rm-beregner/
_posts/2020-08-19-styrketraening-begyndere.md,ordentlig søvn,/soevn/
_posts/2020-08-19-styrketraening-begyndere.md,tips til din teknik i styrketræning,/rigtig-teknik-styrketraening/
_posts/2020-08-19-styrketraening-begyndere.md,træningspyramidens 6 trin ud,/traeningspyramiden-styrketraening/
_posts/2020-08-19-styrketraening-begyndere.md,introduktion til styrketræning,/styrketraening/introduktion/
_posts/2020-08-19-styrketraening-begyndere.md,Find et styrketræningsprogram,/styrketraeningsprogrammer/
_posts/2020-08-19-styrketraening-begyndere.md,progression og overload,/progressionsmodeller-progressivt-overload/
_posts/2020-08-19-styrketraening-begyndere.md,træningsteknik,/rigtig-teknik-styrketraening/
_posts/2020-08-19-styrketraening-begyndere.md,principper i træningsplanlægning,/styrketraening/traeningslaere/
_posts/2020-08-19-styrketraening-begyndere.md,restitution,/restitution/
_posts/2020-08-19-styrketraening-begyndere.md,1RM,/rm-beregner/
_posts/2020-08-19-styrketraening-begyndere.md,ordentlig søvn,/soevn/
_posts/2020-08-19-styrketraening-begyndere.md,superkompensationsfasen,/superkompensation/
_posts/2020-08-19-styrketraening-begyndere.md,‘1 repetition maximum’ (1RM),/rm-maxtest/
_posts/2020-08-19-styrketraening-begyndere.md,beregner til one rep max,/rm-beregner/
_posts/2020-08-19-styrketraening-begyndere.md,fysiologiske adaptationer og tilpasninger til styrketræning,/fysiologiske-tilpasninger/
_posts/2020-08-19-styrketraening-begyndere.md,jævnligt skal tage en deload-uge,/deload-uge/
_posts/2020-08-19-styrketraening-begyndere.md,tips til din teknik i styrketræning,/rigtig-teknik-styrketraening/
_posts/2020-08-19-styrketraening-begyndere.md,gratis eksempler på et helkropsprogrammer,/styrketraening/helkropsprogrammer/
_posts/2020-08-19-styrketraening-begyndere.md,Sådan kan du lave opvarmning til styrketræning,/opvarmning-styrketraening/
_posts/2020-08-19-styrketraening-begyndere.md,opvarmning til styrketræning her,/opvarmning-styrketraening/
_posts/2020-08-19-styrketraening-begyndere.md,RPE i styrketræning her,/rpe/
_posts/2022-01-25-test-sprint-speedlight.md,sprinttests og hurtighed,/tests/sprint/
_posts/2022-01-25-test-sprint-speedlight.md,generelle hastighedsberegner for løbere,/hastighed/
_posts/2022-01-25-test-sprint-speedlight.md,tests til retningsskift,/retningsskift-test/
_posts/2019-11-19-styrkeloft-regler.md,styrkeløft,/styrkeloeft/
_posts/2019-11-19-styrkeloft-regler.md,Guide til squat i styrkeløft,/styrkeloeft/squat/
_posts/2019-11-19-styrkeloft-regler.md,Guide til bænkpres i styrkeløft,/styrkeloeft/baenkpres/
_posts/2019-11-19-styrkeloft-regler.md,Guide til dødløft i styrkeløft,/styrkeloeft/doedloeft/
_posts/2019-11-19-styrkeloft-regler.md,sammenligne styrke på tværs af forskellig kropsvægt her,/sammenligning-styrke/
_posts/2019-11-19-styrkeloft-regler.md,Alt om bælter til styrketræning,/baelte-styrketraening/
_posts/2019-11-19-styrkeloft-regler.md,Sådan vælger du dine forsøg til styrkeløft,/styrkeloeft-vaelg-forsoeg/
_posts/2019-11-19-styrkeloft-regler.md,forberede dig til et maxløft eller en 1RM-maxtest,/pap-post-activation-potentiation-1rm-maxtest/
_posts/2019-11-19-styrkeloft-regler.md,styrkeløftrekorder,/styrkeloeft-rekorder/
_posts/2020-07-16-coretraening.md,fænomenet sixpack her,/artikel/du-faar-ikke-sixpack-af-maverulninger/
_posts/2020-07-16-coretraening.md,planken,/oevelse/planken/
_posts/2020-07-16-coretraening.md,armstrækninger,/armbojninger-eller-armstraekninger-pushups/
_posts/2020-07-16-coretraening.md,kropshævninger,/chinup-vs-pullup/
_posts/2020-07-16-coretraening.md,unilaterale øvelser her,/artikel/unilateral-traening/
_posts/2020-07-16-coretraening.md,Udstrækning,/udstraekning-udspaending/
_posts/2020-07-16-coretraening.md,planken,/oevelse/planken/
_posts/2020-07-16-coretraening.md,ab wheel rollouts,/oevelse/maveoevelse-hjul-rollout/
_posts/2020-07-16-coretraening.md,unilateral træning,/artikel/unilateral-traening/
_posts/2025-07-08-carbohydrate-ratio.md,lave din egen sportsdrik,/sportsdrik/
_posts/2025-07-08-carbohydrate-ratio.md,bikarbonat som kosttilskud,/bikarbonat/
_posts/2025-07-08-carbohydrate-ratio.md,strategier til præstationsoptimering,/traeningslaere/
_posts/2019-10-14-fedtprocent-skinfold-jackson-pollock.md,finde fedtprocenten med en fedttang,/skinfold/
_posts/2019-10-14-fedtprocent-skinfold-jackson-pollock.md,måle skinfolds med fedttang,/skinfold/
_posts/2019-10-14-fedtprocent-skinfold-jackson-pollock.md,normal fedtprocent er for mænd og kvinder,/fedtprocent-normer/
_posts/2019-10-14-fedtprocent-skinfold-jackson-pollock.md,slankekur,/slankekur/
_posts/2019-10-14-fedtprocent-skinfold-jackson-pollock.md,idealvægt,/idealvaegt/
_posts/2019-10-31-udregning-af-ponderal-index.md,Body Mass Index (BMI),/bmi/
_posts/2019-10-31-udregning-af-ponderal-index.md,BMI med vores BMI-beregner,/bmi/#calculator
_posts/2019-10-31-udregning-af-ponderal-index.md,Danske mænds gennemsnitshøjde,/hvad-er-gennemsnitshoejden-i-danmark/
_posts/2019-10-31-udregning-af-ponderal-index.md,BMI-formlen,/bmi/
_posts/2019-10-31-udregning-af-ponderal-index.md,Beregn dit BMI her,/bmi/#calculator
_posts/2024-08-05-heat-management-running.md,varmehåndtering i cykling,/varme-management-cykling/
_posts/2024-08-05-heat-management-running.md,højere kondital,/kondital/
_posts/2024-08-05-heat-management-running.md,Løbeøkonomien,/lobeokonomi/
_posts/2024-08-05-heat-management-running.md,temperaturregulere,/fysiologi-temperaturregulering/
_posts/2021-02-17-books-training.md,Læs mere om intervalløb og løbeprogrammer,/intervaltraening/
_posts/2021-02-17-books-training.md,Find gratis træningsprogrammer på site-oversigten,/styrketraeningsprogrammer/
_posts/2025-03-03-step-test-harvard.md,YMCA 3-minutters steptest,/ymca-3-minutters-steptest/
_posts/2025-03-03-step-test-harvard.md,oversigt over steptests,/kondital-fra-steptest/
_posts/2025-03-03-step-test-harvard.md,YMCA Modified steptest,/ymca-modified-steptest/
_posts/2025-03-03-step-test-queens-college.md,YMCA steptest,/ymca-3-minutters-steptest/
_posts/2025-03-03-step-test-queens-college.md,modificerede YMCA-steptest,/ymca-modified-steptest/
_posts/2025-03-03-step-test-queens-college.md,oversigt over steptests,/kondital-fra-steptest/
_posts/2021-08-16-styrke-2-split-upper-lower.md,3-split,/3-split-push-pull/
_posts/2021-08-16-styrke-2-split-upper-lower.md,andre træningsprogrammer til styrke,/styrketraeningsprogrammer/
_posts/2021-08-16-styrke-2-split-upper-lower.md,hvordan du vælger et træningsprogram,/vaelg-traeningsprogram/
_posts/2021-08-16-styrke-2-split-upper-lower.md,fullbody program,/artikel/hvordan-opbygger-jeg-et-helkropsprogram/
_posts/2021-08-16-styrke-2-split-upper-lower.md,Jim Wendlers 5/3/1,/wendler-531-styrketraeningsprogram/
_posts/2020-07-04-recovery-boots.md,fremmer restitutionsprocessen og tiden,/restitution/
_posts/2020-07-04-recovery-boots.md,søvn,/soevn/
_posts/2020-07-04-recovery-boots.md,kompressionsstrømper som tilsyneladende har vist en bedre effekt på restitution,/kompressionsstroemper-restitution-praestation-bivirkninger/
_posts/2020-07-04-recovery-boots.md,"hvad restitutionstiden er, og hvordan du hurtigst restituerer fra træning",/restitution/
_posts/2025-03-20-forsvarets-fysiske-test.md,12 minutters løb (Cooper-test),/cooper-test/
_posts/2025-03-20-forsvarets-fysiske-test.md,Bip-test,/bip-test/
_posts/2025-03-20-forsvarets-fysiske-test.md,Politiets fysiske krav og 2400-meter testen,/politiets-fysiske-tests-krav-optagelsesproeve/
_posts/2025-03-20-forsvarets-fysiske-test.md,Cooper-test,/cooper-test/
_posts/2025-03-20-forsvarets-fysiske-test.md,Cooper-test,/cooper-test/
_posts/2025-03-20-forsvarets-fysiske-test.md,Bip-test,/bip-test/
_posts/2025-03-20-forsvarets-fysiske-test.md,Cooper-test,/cooper-test/
_posts/2025-03-20-forsvarets-fysiske-test.md,Cooper-test,/cooper-test/
_posts/2025-03-20-forsvarets-fysiske-test.md,Bip-test,/bip-test/
_posts/2025-03-20-forsvarets-fysiske-test.md,Fitness apps,/fitness-apps/
_posts/2010-07-22-er-kontinuerlig-traening-eller-intervaltraening-bedst-for-fedtforbraendningen.md,Intervaltræning,/intervaltraening/
_posts/2010-07-22-er-kontinuerlig-traening-eller-intervaltraening-bedst-for-fedtforbraendningen.md,glemme fedtforbrændingszonen,/fedtforbraendingszonen/
_posts/2010-07-22-er-kontinuerlig-traening-eller-intervaltraening-bedst-for-fedtforbraendningen.md,intervaltræning giver en bedre træningseffekt end kontinuerlig træning,/artikel/tabata-traening-intervaller/
_posts/2010-07-22-er-kontinuerlig-traening-eller-intervaltraening-bedst-for-fedtforbraendningen.md,store træningsmæssige forbedringer ved intervaltræning,/artikel/tabata-traening-intervaller/
_posts/2022-05-17-gaa-apps.md,regne skridt på din gåtur,/skridt-pr-km-10000/
_posts/2022-05-17-gaa-apps.md,ruteplanlægningsværktøj,/ruteopmaaler-loebetur/
_posts/2021-01-25-forskel-anaerob-aerob.md,Zone 2-base,/zone-2-traening/
_posts/2021-01-25-forskel-anaerob-aerob.md,FatMax-effekt,/fatmax/
_posts/2021-01-25-forskel-anaerob-aerob.md,aerob træning,/aerob-traening/
_posts/2021-01-25-forskel-anaerob-aerob.md,Zone 2 træning,/zone-2-traening/
_posts/2021-01-25-forskel-anaerob-aerob.md,kreatin som kosttilskud,/kreatin/
_posts/2021-01-25-forskel-anaerob-aerob.md,mælkesyre,/maelkesyre-traening/
_posts/2021-01-25-forskel-anaerob-aerob.md,løbeøkonomi,/lobeokonomi/
_posts/2021-01-25-forskel-anaerob-aerob.md,anaerob træning,/anaerob-traening/
_posts/2021-01-25-forskel-anaerob-aerob.md,Sprint 8 intervaltræning,/artikel/sprint-8-intervaltraening-der-virker/
_posts/2025-04-14-korte-3x3.md,gratis Sheiko-programmer,/sheiko/
_posts/2009-03-27-4-minutters-haard-intervaltraening-bedre-end-en-times-moderat-loeb.md,kondital,/kondital/
_posts/2009-03-27-4-minutters-haard-intervaltraening-bedre-end-en-times-moderat-loeb.md,anaerob kapacitet,/anaerob-traening/
_posts/2009-03-27-4-minutters-haard-intervaltraening-bedre-end-en-times-moderat-loeb.md,VO₂max,/maksimale-iltoptagelse-vo2max/
_posts/2009-03-27-4-minutters-haard-intervaltraening-bedre-end-en-times-moderat-loeb.md,kondital,/kondital/
_posts/2009-03-27-4-minutters-haard-intervaltraening-bedre-end-en-times-moderat-loeb.md,intervaltræning,/intervaltraening/
_posts/2009-03-27-4-minutters-haard-intervaltraening-bedre-end-en-times-moderat-loeb.md,VO₂max-fremgang,/maksimale-iltoptagelse-vo2max/
_posts/2020-08-07-superkompensation.md,Borg CR10,/borg-skala/
_posts/2020-08-07-superkompensation.md,deload,/deload-uge/
_posts/2020-08-07-superkompensation.md,intervaltræning,/intervaltraening/
_posts/2020-08-07-superkompensation.md,styrketræningspas,/styrketraening/
_posts/2020-08-07-superkompensation.md,Styrketræning,/styrketraening/
_posts/2020-08-07-superkompensation.md,restitutionstid,/restitution/
_posts/2020-06-11-hvad-er-biohacking.md,"heart rate variability, hvis du er interesseret",/hrv/
_posts/2020-06-11-hvad-er-biohacking.md,heart rate variability,/hrv/
_posts/2025-04-20-traeningsprincipper-loeb.md,løbeprogram,/loebeprogrammer/
_posts/2025-04-20-traeningsprincipper-loeb.md,vigtigste træningsprincipper,/traeningsprincipper/
_posts/2025-04-20-traeningsprincipper-loeb.md,forskellige tilgange til løbetræningen,/traeningsfilosofier-loeb/
_posts/2025-04-20-traeningsprincipper-loeb.md,løbetræning,/loebesiden/
_posts/2025-04-20-traeningsprincipper-loeb.md,progression i din løbetræning,/progression-loeb/
_posts/2025-04-20-traeningsprincipper-loeb.md,kroppens tilpasningsmekanismer ved konditionstræning,/tilpasning-konditionstraening/
_posts/2025-04-20-traeningsprincipper-loeb.md,træningsfilosofi,/traeningsfilosofier-loeb/
_posts/2019-11-01-stofskifte.md,Beregn BMR her,/bmr-beregner/
_posts/2019-11-01-stofskifte.md,Beregn Ligevægtsindtag,/ligevaegtsindtag-beregner/
_posts/2019-11-01-stofskifte.md,Se MET-tabel her,/met/
_posts/2019-11-01-stofskifte.md,Se PAL-beregner,/beregner/pal/
_posts/2019-11-01-stofskifte.md,fedtprocent,/maal-fedtprocent/
_posts/2019-11-01-stofskifte.md,kropskomposition,/kropskomposition/
_posts/2019-11-01-stofskifte.md,Tjek vores BMR-beregner med fedtfri masse,/bmr-beregner-ffm/
_posts/2019-11-01-stofskifte.md,HIIT,/hiit/
_posts/2019-11-01-stofskifte.md,BMR-beregner,/bmr-beregner/
_posts/2019-11-01-stofskifte.md,Ligevægtsindtag-beregner,/ligevaegtsindtag-beregner/
_posts/2021-08-16-styrke-3-split.md,Valget af træningsprogram,/vaelg-traeningsprogram/
_posts/2021-08-16-styrke-3-split.md,forskellige gratis styrketræningsprogrammer,/styrketraeningsprogrammer/
_posts/2021-08-16-styrke-3-split.md,vælger et træningsprogram,/vaelg-traeningsprogram/
_posts/2021-08-16-styrke-3-split.md,helkropsprogram et godt valg,/styrketraening/helkropsprogrammer/
_posts/2021-08-16-styrke-3-split.md,2-split træningsprogram,/2-split-push-pull/
_posts/2020-07-05-pushups.md,online armstrækningstest med beregner og normtabeller her,/armstraekninger-test/
_posts/2020-07-05-pushups.md,Hvordan lærer du at tage en armstrækning?,/artikel/hvordan-laerer-jeg-tage-en-armstraekning/
_posts/2020-07-05-pushups.md,Hvordan lærer du at tage mange armstrækninger?,/artikel/hvordan-laerer-jeg-tage-en-armstraekning/
_posts/2020-07-05-pushups.md,Hvor mange armstrækninger bør du kunne tage?,/armstraekninger-test/
_posts/2020-07-05-pushups.md,"koncentriske fase, og ikke den excentriske",/koncentrisk-excentrisk-isometrisk/
_posts/2020-07-05-pushups.md,triceps brachii,/triceps-brachii/
_posts/2020-07-05-pushups.md,pectoralis major,/pectoralis-major/
_posts/2020-07-05-pushups.md,forreste hoved af deltoideus,/deltoideus/
_posts/2020-07-05-pushups.md,serratus anterior,/serratus-anterior/
_posts/2020-07-05-pushups.md,armstrækningstesten her,/armstraekninger-test/
_posts/2020-07-05-pushups.md,trin-for-trin guide til at lære at lave armstrækninger,/artikel/hvordan-laerer-jeg-tage-en-armstraekning/
_posts/2025-02-20-lactate-test.md,direkte iltoptagelsestest i laboratoriet,/iltoptagelse-laboratorietest/
_posts/2025-02-20-lactate-test.md,Læs vores store test af laktatmålere her →,/laktatmaaler-test/
_posts/2025-02-20-lactate-test.md,Alt om den aerobe tærskel (AeT / LT1),/aerobe-taerskel/
_posts/2025-02-20-lactate-test.md,Guide til den anaerobe tærskel (AnT / LT2),/anaerobe-taerskel/
_posts/2025-02-20-lactate-test.md,submaksimal progressiv løbetest,/iltoptagelsestest-loebebaand/
_posts/2025-02-20-lactate-test.md,oversigt over iltoptagelsestests,/iltoptagelse-laboratorietest/
_posts/2019-11-15-daily-undulating.md,Brug vores 1RM-beregner →,/rm-beregner/
_posts/2019-11-15-daily-undulating.md,deload-uge,/deload-uge/
_posts/2019-11-15-daily-undulating.md,Liftosaur,/liftosaur/
_posts/2019-11-15-daily-undulating.md,deload uge,/deload-uge/
_posts/2019-11-15-daily-undulating.md,Smolov Jr.-programmet,/smolov-jr-beregner/
_posts/2020-08-26-aerobe-taerskel.md,anaerobe tærskel (LT2 / FTP),/anaerobe-taerskel/
_posts/2020-08-26-aerobe-taerskel.md,Zone 2-træning,/zone-2-traening/
_posts/2020-08-26-aerobe-taerskel.md,FatMax,/fatmax/
_posts/2020-08-26-aerobe-taerskel.md,Zone 2,/zone-2-traening/
_posts/2020-08-26-aerobe-taerskel.md,anaerobe tærskel (LT2),/anaerobe-taerskel/
_posts/2020-08-26-aerobe-taerskel.md,Zone 2,/zone-2-traening/
_posts/2020-08-26-aerobe-taerskel.md,interaktive laktatberegner til at finde LT1 og LT2,/laktattest/#calculator
_posts/2020-08-26-aerobe-taerskel.md,pulsreserven,/pulsreserve/
_posts/2020-08-26-aerobe-taerskel.md,Maffetone-beregner,/maffetone-metoden/
_posts/2020-12-13-hjemmetraening-med-klude.md,træningsprogram til hjemmetræning,/hjemmetraening-traeningsprogram/
_posts/2022-02-20-absi.md,BMI-målinger,/bmi/
_posts/2022-02-20-absi.md,taljemålet,/taljemaal/
_posts/2022-02-20-absi.md,beregning af din fedtprocent,/artikel/udregning-af-fedtprocent/
_posts/2022-02-20-absi.md,talje-hofte-ratio beregner,/taljemaal/
_posts/2022-08-08-roning-ugetest.md,2 kilometer rotest,/kondital-roning/
_posts/2022-08-08-roning-ugetest.md,test-protokol til roning,/kondital-roning/
_posts/2022-08-08-roning-ugetest.md,bedre kondition,/kondition/
_posts/2022-08-08-roning-ugetest.md,rointervaller til romaskine,/artikel/traeningsprogrammer-intervaller-roning/
_posts/2025-03-16-montreal-track-test.md,Bip Test,/bip-test/
_posts/2025-03-16-montreal-track-test.md,VAM-eval testen,/vam-eval-test/
_posts/2025-03-16-montreal-track-test.md,Biptesten,/bip-test/
_posts/2025-03-16-montreal-track-test.md,Bip Testen,/bip-test/
_posts/2026-08-02-less-hop-test.md,Hoptest-batteriet,/hoptest-batteriet/
_posts/2026-08-02-less-hop-test.md,LSI på $\ge 90\%$,/hoptest-batteriet/
_posts/2026-08-02-less-hop-test.md,Hoptest-batteri (LSI),/hoptest-batteriet/
_posts/2026-08-02-less-hop-test.md,Guide til springtests og hoppehøjde,/springtests-hoppehoejde/
_posts/2026-08-02-less-hop-test.md,Enkeltbensstand og Stork-test,/enkeltbensstand-stork-test/
_posts/2020-09-04-slankekur.md,BMI-beregner og skema,/bmi/
_posts/2020-09-04-slankekur.md,vægttab,/vaegttab/
_posts/2020-09-04-slankekur.md,ligevægtsindtag,/ligevaegtsindtag-beregner/
_posts/2020-09-04-slankekur.md,kalorier,/hvad-er-kalorier/
_posts/2020-09-04-slankekur.md,daglige energiforbrug i vores stofskifteberegner,/ligevaegtsindtag-beregner/
_posts/2020-09-04-slankekur.md,tabe fedt på maven,/tab-fedt-paa-maven/
_posts/2020-09-04-slankekur.md,ligevægtsindtag,/ligevaegtsindtag-beregner/
_posts/2020-09-04-slankekur.md,Forbrænding ved gå-gang: Se hvor meget det reelt giver,/forbraending-ved-gaa-gang/
_posts/2020-09-04-slankekur.md,Omregn dine daglige skridt til kalorier,/forbraending-ved-gaa-gang/
_posts/2020-09-04-slankekur.md,ligevægtsindtag,/ligevaegtsindtag-beregner/
_posts/2020-09-04-slankekur.md,BMR (basalforbrænding),/bmr-beregner/
_posts/2020-09-04-slankekur.md,forbrænder en del kalorier bare ved at gå,/forbraending-ved-gaa-gang/
_posts/2020-09-04-slankekur.md,BMI-beregner og skema,/bmi/
_posts/2020-09-04-slankekur.md,idealvægt ud fra sundhed og dødelighed,/idealvaegt/
_posts/2025-04-14-gzclp-strength.md,vores RM-beregner,/rm-beregner/
_posts/2025-04-14-gzclp-strength.md,Squat,/squat/
_posts/2025-04-14-gzclp-strength.md,Dødløft,/oevelse/konventionel-doedloeft/
_posts/2025-04-14-gzclp-strength.md,Bænkpres,/oevelse/baenkpres/
_posts/2025-04-14-gzclp-strength.md,Military Press,/oevelse/military-press/
_posts/2025-04-14-gzclp-strength.md,styrketræningsprogram du vælger,/vaelg-traeningsprogram/
_posts/2025-04-14-gzclp-strength.md,Liftosaur-appen,/liftosaur/
_posts/2020-04-16-smr-foamrolling.md,Smidighedstræning – Den fysiologiske guide til bedre mobilitet,/smidighedstraening/
_posts/2020-04-16-smr-foamrolling.md,Virker foamrolling? Videnskaben om muskeltonus og myter,/virker-foamrolling/
_posts/2020-04-16-smr-foamrolling.md,Dynamisk vs. statisk udstrækning – Hvornår skal du bruge hvad?,/dynamisk-og-statisk-udstraekning/
_posts/2020-04-16-smr-foamrolling.md,Lacrosse bold og massagebold – Dybdegående triggerpunktsbehandling,/lacrosse-bold-massagebold/
_posts/2020-04-16-smr-foamrolling.md,Udstrækningsøvelser – 22+ stræk for hele kroppen,/udstraekning-udspaending/
_posts/2020-04-16-smr-foamrolling.md,Se vores guide og øvelser med lacrosse bolde og massagebolde her »,/lacrosse-bold-massagebold/
_posts/2020-06-29-superset-guide.md,pull up eller chinup,/chinup-vs-pullup/
_posts/2020-06-29-superset-guide.md,armstrækning eller armbøjning,/armbojninger-eller-armstraekninger-pushups/
_posts/2020-06-29-superset-guide.md,triset,/styrketraening/triset/
_posts/2020-06-29-superset-guide.md,giant set,/styrketraening/giantset/
_posts/2020-06-29-superset-guide.md,udstrækningsøvelser,/udstraekning-udspaending/
_posts/2020-06-29-superset-guide.md,coretræning,/core/
_posts/2025-03-03-steptests.md,Den Danske Steptest,/den-danske-steptest/
_posts/2025-03-03-steptests.md,YMCA 3-minutters Steptest,/ymca-3-minutters-steptest/
_posts/2025-03-03-steptests.md,Modificeret YMCA Steptest,/ymca-modified-steptest/
_posts/2025-03-03-steptests.md,Queens College Steptest,/queens-college-step-test/
_posts/2025-03-03-steptests.md,Åstrand-Ryhming Step Test,/astrand-ryhming-step-test/
_posts/2025-03-03-steptests.md,Chester Step Test,/chester-step-test/
_posts/2025-03-03-steptests.md,Harvard Step Test,/harvard-step-test/
_posts/2025-03-03-steptests.md,modificerede YMCA steptest,/ymca-modified-steptest/
_posts/2025-03-03-steptests.md,YMCA 3-minutters steptest,/ymca-3-minutters-steptest/
_posts/2025-03-03-steptests.md,Den Danske Steptest,/den-danske-steptest/
_posts/2025-03-03-steptests.md,Åstrand-Ryhming Step Test,/astrand-ryhming-step-test/
_posts/2025-03-03-steptests.md,Chester Step Test,/chester-step-test/
_posts/2025-03-03-steptests.md,Queens College Steptest,/queens-college-step-test/
_posts/2025-03-03-steptests.md,Harvard Step Test,/harvard-step-test/
_posts/2025-03-03-steptests.md,oversigt med tests af konditallet,/kondition/tests/
_posts/2025-03-03-steptests.md,alderstabeller for kondital for mænd og kvinder,/kondital/
_posts/2020-08-08-billat.md,maksimale iltoptagelse,/maksimale-iltoptagelse-vo2max/
_posts/2020-08-08-billat.md,Jack Daniels løbsberegner,/loebesiden-jack-daniels-loebeberegner/
_posts/2020-08-08-billat.md,submaksimal 6-minutters løbetest (Olher et al.),/submaximal-6min-vvo2max-test/
_posts/2020-08-08-billat.md,intervaltræningen,/intervaltraening/
_posts/2020-08-08-billat.md,løbeøkonomien og løbeteknikken,/lobeokonomi/
_posts/2020-08-08-billat.md,anaerobe tærskel,/anaerobe-taerskel/
_posts/2020-08-08-billat.md,tilpasninger ved konditionstræning,/tilpasning-konditionstraening/
_posts/2020-08-08-billat.md,Cooper-test,/cooper-test/
_posts/2020-08-08-billat.md,hastighedsberegner,/hastighed/
_posts/2020-08-08-billat.md,intervalløb og intervaller til løb,/intervallob-intervaltraening/
_posts/2020-08-08-billat.md,restituere fra igen,/restitution/
_posts/2020-08-08-billat.md,hurtig 5 kilometer,/artikel/det-mest-effektive-loebeprogram-til-forbedre-din-praestation/
_posts/2020-08-08-billat.md,træningsformer til løbeprogrammer,/guide-til-loebeprogram/
_posts/2020-08-08-billat.md,Løbesiden,/loebesiden/
_posts/2019-11-01-stofskifte-hvordan-udregne-energibehov.md,BMR-beregner,/bmr-beregner/
_posts/2019-11-01-stofskifte-hvordan-udregne-energibehov.md,formler til hvilestofskiftet,/hvilestofskiftet-formler/
_posts/2019-11-01-stofskifte-hvordan-udregne-energibehov.md,beregning af energifordeling,/beregner/energifordeling/
_posts/2019-11-01-stofskifte-hvordan-udregne-energibehov.md,TDEE-beregner,/ligevaegtsindtag-beregner/
_posts/2019-11-01-stofskifte-hvordan-udregne-energibehov.md,BMR-formlerne,/hvilestofskiftet-formler/
_posts/2020-11-23-skadesforebyggelse.md,Kan styrketræning forebygge skader? →,/artikel/kan-styrketraening-forebygge-skader/
_posts/2020-11-23-skadesforebyggelse.md,excentrisk træning,/excentrisk-traening/
_posts/2020-11-23-skadesforebyggelse.md,isometrisk træning,/koncentrisk-excentrisk-isometrisk/
_posts/2020-11-23-skadesforebyggelse.md,hoften,/joints/hofteleddet/
_posts/2020-11-23-skadesforebyggelse.md,knæet,/joints/knaeleddet/
_posts/2020-11-23-skadesforebyggelse.md,Tilbage til oversigten over idrætsskader og forebyggelse →,/skader/
_posts/2019-10-13-fedtprocent-normer.md,Navy-beregner med målebånd her,/fedtprocent-navy/
_posts/2019-10-13-fedtprocent-normer.md,7 måder at måle fedtprocent på,/maal-fedtprocent/
_posts/2019-10-13-fedtprocent-normer.md,BMI,/bmi/
_posts/2019-10-13-fedtprocent-normer.md,kropskomposition,/kropskomposition/
_posts/2019-10-13-fedtprocent-normer.md,idealvægt,/idealvaegt/
_posts/2019-10-13-fedtprocent-normer.md,højt blodtryk,/blodtryk/
_posts/2019-10-13-fedtprocent-normer.md,taljemål,/taljemaal/
_posts/2019-10-13-fedtprocent-normer.md,normerne for fedtprocent for mænd og kvinder,/fedtprocent-normer/
_posts/2021-01-01-hiit-vol2.md,intervaltræning,/intervaltraening/
_posts/2021-01-01-hiit-vol2.md,Intervaltræning – få overblik og effektive programmer,/intervaltraening/
_posts/2021-01-01-hiit-vol2.md,cirkeltræning,/cirkeltraening/
_posts/2021-01-01-hiit-vol2.md,HI skal tilbage i HIIT træning og dit HIIT træningsprogram,/hiit/
_posts/2021-01-01-hiit-vol2.md,intensitetens betydning for forbedring af den maksimale iltoptagelse,/maksimale-iltoptagelse-vo2max/
_posts/2021-01-01-hiit-vol2.md,1RM (1 repetition maximum),/rm-maxtest/
_posts/2021-01-01-hiit-vol2.md,maksimale iltoptagelse,/maksimale-iltoptagelse-vo2max/
_posts/2021-01-01-hiit-vol2.md,crossfit workouts,/crossfit-workouts/
_posts/2021-01-01-hiit-vol2.md,kropsvægtsbaserede workouts til hjemmetræning,/hjemmetraening-traeningsprogram/
_posts/2021-01-01-hiit-vol2.md,HI skal tilbage i HIIT træning og dit HIIT træningsprogram,/hiit/
_posts/2021-01-01-hiit-vol2.md,cardiomaskiner,/bedste-cardiomaskiner/
_posts/2021-01-01-hiit-vol2.md,forbedre din kondition,/kondition/
_posts/2022-10-04-1rm-test.md,1RM-test,/rm-maxtest/
_posts/2022-10-04-1rm-test.md,1RM-beregner,/rm-beregner/
_posts/2022-10-04-1rm-test.md,1RM-formler,/1rm-formler/
_posts/2022-10-04-1rm-test.md,RM-beregner,/rm-beregner/
_posts/2022-10-04-1rm-test.md,RM-beregner,/rm-beregner/
_posts/2022-10-04-1rm-test.md,RPE-test,/rpe/
_posts/2022-10-04-1rm-test.md,Velocity Based (VBT),/vbt/
_posts/2022-10-04-1rm-test.md,1RM-formler,/1rm-formler/
_posts/2022-10-04-1rm-test.md,De mest populære 1RM-formler,/1rm-formler/
_posts/2022-10-04-1rm-test.md,1RM-udregner,/rm-beregner/
_posts/2022-10-04-1rm-test.md,Prøv vores 1RM-beregner,/rm-beregner/
_posts/2022-10-04-1rm-test.md,RPE-skala til styrketræning,/rpe/
_posts/2022-10-04-1rm-test.md,velocity based training,/vbt/
_posts/2022-10-04-1rm-test.md,hjælpemidler til at måle hastigheden på stangen,/vbt-udstyr/
_posts/2022-10-04-1rm-test.md,estimere din max ud fra VBT,/vbt-1rm/
_posts/2022-10-04-1rm-test.md,opvarmning til styrketræning,/opvarmning-styrketraening/
_posts/2022-10-04-1rm-test.md,forbereder dig til en maxtest i styrketræning,/pap-post-activation-potentiation-1rm-maxtest/
_posts/2022-10-04-1rm-test.md,RPE,/rpe/
_posts/2022-10-04-1rm-test.md,Stærk med Jacob Beermann,/artikel/staerk-traeningsprogram/
_posts/2022-10-04-1rm-test.md,Jim Wendlers 5/3/1,/wendler-531-styrketraeningsprogram/
_posts/2022-10-04-1rm-test.md,Starting Strength,/starting-strength-styrketraeningsprogram/
_posts/2022-10-04-1rm-test.md,Texas Method,/texas-method/
_posts/2022-10-04-1rm-test.md,IMTP-test,/imtp-test/
_posts/2022-10-04-1rm-test.md,sammenligne din styrke med andre,/sammenligning-styrke/
_posts/2022-10-04-1rm-test.md,strukturel balance i styrke,/strukturel-balance/
_posts/2010-07-30-kolde-afvaskninger-er-det-god-restitution.md,mælkesyre,/maelkesyre-traening/
_posts/2010-07-30-kolde-afvaskninger-er-det-god-restitution.md,aktiv nedvarmning,/restitutionstraening/
_posts/2010-07-30-kolde-afvaskninger-er-det-god-restitution.md,aktiv nedvarmning,/restitutionstraening/
_posts/2010-07-30-kolde-afvaskninger-er-det-god-restitution.md,søvn,/soevn-optimering/
_posts/2019-11-01-stofskifteberegner-energifordeling.md,Sådan beregner du PAL,/beregner/pal/
_posts/2019-12-16-running-economy.md,maksimale iltoptagelse,/maksimale-iltoptagelse-vo2max/
_posts/2019-12-16-running-economy.md,kondital,/kondital/
_posts/2019-12-16-running-economy.md,anaerobe tærskel,/anaerobe-taerskel/
_posts/2019-12-16-running-economy.md,plyometrisk træning,/plyometrisk-traening/
_posts/2019-12-16-running-economy.md,løbebånd,/guide-loebebaand/
_posts/2019-12-16-running-economy.md,Cooper-test beregner,/cooper-test/
_posts/2019-12-16-running-economy.md,teste konditallet og den maksimale iltoptagelse på,/kondition/tests/
_posts/2019-12-16-running-economy.md,"løbestil og løbeteknik, som jeg har skrevet et indlæg om her",/loebeteknik/
_posts/2019-12-16-running-economy.md,Jack Daniels griber det an i sin løbsberegner,/loebesiden-jack-daniels-loebeberegner/
_posts/2019-12-16-running-economy.md,kombinationen af styrketræning og løb,/artikel/bedste-kombination-af-loeb-og-styrketraening/
_posts/2019-12-16-running-economy.md,Styrkeøvelser til at forbedre dit løb,/styrketraening-til-loeb/
_posts/2019-10-31-kondital-fri-loebedistance.md,den komplette kondital-tabel,/kondital/
_posts/2019-10-31-kondital-fri-loebedistance.md,Brug vores Jack Daniels Løbeberegner til at finde dine specifikke træningstempi og VDOT-forudsigelser,/loebesiden-jack-daniels-loebeberegner/
_posts/2019-10-31-kondital-fri-loebedistance.md,Cooper Test til at finde dit kondital,/cooper-test/
_posts/2019-10-31-kondital-fri-loebedistance.md,beregning af dit kondital,/kondital/
_posts/2019-10-31-kondital-fri-loebedistance.md,test af din kondition,/kondition/tests/
_posts/2019-10-31-kondital-fri-loebedistance.md,kondital beregner,/kondital/
_posts/2019-10-31-kondital-fri-loebedistance.md,fulde samling af beregnere og værktøjer,/loebesiden/#beregnere
_posts/2020-06-03-hvilepuls.md,Hvad er normal puls – alt om hjertets rytme →,/puls/
_posts/2020-06-03-hvilepuls.md,6 fysiologiske tilpasninger til konditionstræning,/tilpasning-konditionstraening/
_posts/2020-06-03-hvilepuls.md,artikel om heart rate variability (HRV),/hrv/
_posts/2020-06-03-hvilepuls.md,konditionstræning,/konditionstraening/
_posts/2020-06-03-hvilepuls.md,Aerob træning – sådan virker det,/aerob-traening/
_posts/2020-06-03-hvilepuls.md,maxpuls,/test-max-puls/
_posts/2020-06-03-hvilepuls.md,kondital fra puls via vores beregner,/kondital-fra-puls/
_posts/2020-06-03-hvilepuls.md,pulsreserve,/pulsreserve/
_posts/2020-06-03-hvilepuls.md,fastsætte dine pulszoner med Karvonen-metoden,/pulszoner-beregner/
_posts/2020-06-03-hvilepuls.md,konditionstræning,/konditionstraening/
_posts/2019-10-31-kondital-fra-borg15.md,store guide om Borg-skalaen,/borg-skala/
_posts/2019-10-31-kondital-fra-borg15.md,aldersbestemt maxpuls,/max-puls-beregner/
_posts/2019-10-31-kondital-fra-borg15.md,Borg-skalaen,/borg-skala/
_posts/2019-10-31-kondital-fra-borg15.md,tabellen for kondital for mænd og kvinder,/kondital/
_posts/2022-04-14-loebeblogs.md,bedste danske træningspodcasts,/bedste-fitness-traening-podcasts/
_posts/2022-04-14-loebeblogs.md,Jack Daniels Løbeberegner,/loebesiden-jack-daniels-loebeberegner/
_posts/2022-04-14-loebeblogs.md,Paceberegner,/hastighed/
_posts/2022-04-14-loebeblogs.md,Pulszoneberegner,/pulszoner-beregner/
_posts/2022-04-14-loebeblogs.md,Sociale Løbefællesskaber,/loebefaellesskaber/
_posts/2022-04-14-loebeblogs.md,Løbeprogram for begyndere: Fra 0 til 5 km,/loebeprogram-begyndere/
_posts/2022-04-14-loebeblogs.md,Intervalløb: 10 effektive intervalprogrammer,/intervallob-intervaltraening/
_posts/2022-04-14-loebeblogs.md,"Bakketræning: Teknik, sprints og intervaller",/bakkesprint-bakkeloeb/
_posts/2022-04-14-loebeblogs.md,Løbeteknik: Sådan forbedrer du din løbestil,/loebeteknik/
_posts/2011-05-01-traener-du-dine-haser.md,knæledet,/joints/knaeleddet/
_posts/2011-05-01-traener-du-dine-haser.md,hofteleddet,/joints/hofteleddet/
_posts/2020-07-05-safetybar-squat.md,Good mornings,/oevelse/goodmorning/
_posts/2020-07-05-safetybar-squat.md,1RM,/rm-beregner/
_posts/2019-11-04-kondital-og-tabel.md,Test din kondition,/kondition/tests/
_posts/2019-11-04-kondital-og-tabel.md,dedikerede guide til Uths formel til at finde kondital ud fra puls,/kondital-fra-puls/
_posts/2019-11-04-kondital-og-tabel.md,ur til at måle din kondition,/ur-vo2max/
_posts/2019-11-04-kondital-og-tabel.md,Bip-test,/bip-test/
_posts/2019-11-04-kondital-og-tabel.md,Cooper-test,/cooper-test/
_posts/2019-11-04-kondital-og-tabel.md,Watt-max test,/kondital-wattmax/
_posts/2019-11-04-kondital-og-tabel.md,6-minutters gangtest,/gaatest-6min/
_posts/2019-11-04-kondital-og-tabel.md,Andersen-test,/andersen-test/
_posts/2019-11-04-kondital-og-tabel.md,Vilkårlig løbedistance,/kondital-loeb-distance-tid/
_posts/2019-11-04-kondital-og-tabel.md,løbetests,/tests/loeb/
_posts/2019-11-04-kondital-og-tabel.md,cykeltests,/tests/cykling/
_posts/2019-11-04-kondital-og-tabel.md,Se alle konditionstests,/kondition/tests/
_posts/2019-11-04-kondital-og-tabel.md,intensitet spiller en afgørende rolle for at øge VO2 max og forbedre konditallet,/maksimale-iltoptagelse-vo2max/
_posts/2019-11-04-kondital-og-tabel.md,indirekte tests vi har beskrevet,/kondition/tests/
_posts/2019-11-04-kondital-og-tabel.md,retfærdig vurdering af kondital for overvægtige her,/kondital-index-23/
_posts/2019-11-04-kondital-og-tabel.md,PDF,/assets/pdf/haandbog-fysisk-aktivitet-2011.pdf
_posts/2019-11-04-kondital-og-tabel.md,hvorfor intensitet er afgørende for at øge din VO2max her,/maksimale-iltoptagelse-vo2max/
_posts/2019-11-04-kondital-og-tabel.md,konditalberegner ud fra tid og distance,/kondital-loeb-distance-tid/
_posts/2022-07-29-discgolf-skade-prehab.md,Guide til discgolf,/discgolf/
_posts/2022-07-29-discgolf-skade-prehab.md,videnskablig søgning,/videnskabelig-sogning/
_posts/2022-07-29-discgolf-skade-prehab.md,Danmarks mange discgolfbaner,/discgolf-baner/
_posts/2022-07-29-discgolf-skade-prehab.md,hvordan du kaster i discgolf,/discgolf-teknik/
_posts/2021-08-16-styrke-2-split-push-pull.md,forskellige gratis styrketræningsprogrammer,/styrketraeningsprogrammer/
_posts/2021-08-16-styrke-2-split-push-pull.md,vælger et træningsprogram,/vaelg-traeningsprogram/
_posts/2021-08-16-styrke-2-split-push-pull.md,fullbody træningsprogram,/artikel/hvordan-opbygger-jeg-et-helkropsprogram/
_posts/2021-08-16-styrke-2-split-push-pull.md,Upper/over eller overkrop/underkrop,/2-split-upper-lower/
_posts/2021-08-16-styrke-2-split-push-pull.md,3-split-program,/3-split-push-pull/
_posts/2020-08-08-respiratoriske-kvotient.md,direkte iltoptagelsestest,/iltoptagelse-laboratorietest/
_posts/2020-08-08-respiratoriske-kvotient.md,ophobning af mælkesyre,/maelkesyre-traening/
_posts/2020-08-08-respiratoriske-kvotient.md,laboratorietest af iltoptagelse,/iltoptagelse-laboratorietest/
_posts/2021-01-13-politi-traeningsprogram-bw.md,politiets fysiske optagelsesprøve,/politiets-fysiske-tests-krav-optagelsesproeve/
_posts/2021-01-13-politi-traeningsprogram-bw.md,Prøv 8 ugers politiprogram med udstyr,/politi-traeningsprogram-fitnesscenter/
_posts/2021-01-13-politi-traeningsprogram-bw.md,maksimale iltoptagelse,/maksimale-iltoptagelse-vo2max/
_posts/2021-01-13-politi-traeningsprogram-bw.md,løbeøkonomi,/lobeokonomi/
_posts/2021-01-13-politi-traeningsprogram-bw.md,2400-meter-testen,/kondital-2400-meter/
_posts/2021-01-13-politi-traeningsprogram-bw.md,politiprøvens fysiske krav,/politiets-fysiske-tests-krav-optagelsesproeve/
_posts/2021-01-13-politi-traeningsprogram-bw.md,forskellige variationer af armstrækninger her,/armbojninger-eller-armstraekninger-pushups/
_posts/2021-01-13-politi-traeningsprogram-bw.md,Table Rows,/oevelse/table-rows/
_posts/2021-01-13-politi-traeningsprogram-bw.md,Table Rows,/oevelse/table-rows/
_posts/2021-01-13-politi-traeningsprogram-bw.md,kropshævninger med et træningsprogram til at lære at tage en pullup og en chinup,/laer-kropshaevning-chinup-pullup-program/
_posts/2021-01-13-politi-traeningsprogram-bw.md,forskellen på chinups og pullups,/chinup-vs-pullup/
_posts/2021-01-13-politi-traeningsprogram-bw.md,pistol squats,/oevelse/pistol-squat/
_posts/2021-01-13-politi-traeningsprogram-bw.md,lunges,/lunges/
_posts/2021-01-13-politi-traeningsprogram-bw.md,squats,/squat/
_posts/2021-01-13-politi-traeningsprogram-bw.md,nordic hamstring curls,/oevelse/nordic-hamstring/
_posts/2021-01-13-politi-traeningsprogram-bw.md,forskellige metoder til at gøre kropsvægtstræningen mere effektiv,/artikel/traening-med-kropsvaegt/
_posts/2021-01-13-politi-traeningsprogram-bw.md,kropsvægtsøvelser,/artikel/traening-med-kropsvaegt/
_posts/2021-01-13-politi-traeningsprogram-bw.md,Hindu pushups,/oevelse/armstraekning-hindu/
_posts/2021-01-13-politi-traeningsprogram-bw.md,forberede dig til politiets fysiske test,/politiets-fysiske-tests-krav-optagelsesproeve/
_posts/2021-01-13-politi-traeningsprogram-bw.md,træningsprogrammer,/traeningsprogrammer/
_posts/2021-01-13-politi-traeningsprogram-bw.md,styrketræningsprogrammer,/styrketraeningsprogrammer/
_posts/2021-01-13-politi-traeningsprogram-bw.md,"benprogram, som også er med til at forebygge skader",/skadesforebyggelse-skadesforebyggende-traening/
_posts/2021-01-13-politi-traeningsprogram-bw.md,workouts til hjemmetræning og træningsprogrammer,/hjemmetraening-traeningsprogram/
_posts/2026-08-05-anaerobic-power-reserve.md,Watt Max / Ramp-test,/kondital-wattmax/
_posts/2026-08-05-anaerobic-power-reserve.md,6-sekunders Max Sprint Test,/6sek/
_posts/2026-08-05-anaerobic-power-reserve.md,Watt Max Test: Sådan tester du din MAP,/kondital-wattmax/
_posts/2026-08-05-anaerobic-power-reserve.md,FTP Test & Watt-zoner,/ftp-test/
_posts/2026-08-05-anaerobic-power-reserve.md,Anaerobic Speed Reserve (ASR): ASR-konceptet til løb,/anaerobic-speed-reserve/
_posts/2019-10-14-fedtprocent-skinfold-peterson.md,lave hudfoldsmålinger med fedttang,/skinfold/
_posts/2019-10-14-fedtprocent-skinfold-peterson.md,4-komponentmodel for kropskomposition,/kropskomposition/
_posts/2019-10-14-fedtprocent-skinfold-peterson.md,Womersley og Durnin,/skinfold-durnin-womersley/
_posts/2019-10-14-fedtprocent-skinfold-peterson.md,Jackson og Pollock,/skinfold-jackson-pollock/
_posts/2019-10-14-fedtprocent-skinfold-peterson.md,slankekur,/slankekur/
_posts/2019-10-14-fedtprocent-skinfold-peterson.md,idealvægt,/idealvaegt/
_posts/2019-10-14-fedtprocent-skinfold-peterson.md,formler til at bestemme fedtprocent baseret på måling af skinfolds med fedttang,/skinfold/
_posts/2019-10-14-fedtprocent-skinfold-peterson.md,anbefalet fedtprocent for voksne mænd og kvinder,/fedtprocent-normer/
_posts/2021-11-15-dynamic-strength-index.md,Reactive strength index (RSI),/reactive-strength-index-rsi/
_posts/2021-11-15-dynamic-strength-index.md,plyometrisk træning,/plyometrisk-traening/
_posts/2021-11-15-dynamic-strength-index.md,counter movement jump (CMJ) eller squat jump (SJ),/countermovement-jump-cmj-squat-jump-sj/
_posts/2021-11-15-dynamic-strength-index.md,1RM,/rm-beregner/
_posts/2021-11-15-dynamic-strength-index.md,_isometric mid-thigh pull_ (IMTP)-test,/imtp-test/
_posts/2020-12-12-tag-tid-lobetraening.md,løbebånd,/guide-loebebaand/
_posts/2020-12-12-tag-tid-lobetraening.md,udregne din hastighed,/hastighed/
_posts/2020-12-12-tag-tid-lobetraening.md,omregne fra km/t til min/km,/hastighed/
_posts/2020-12-12-tag-tid-lobetraening.md,Cooper-test,/cooper-test/
_posts/2020-12-12-tag-tid-lobetraening.md,maksimale iltoptagelse,/maksimale-iltoptagelse-vo2max/
_posts/2020-12-12-tag-tid-lobetraening.md,anaerobe tærskel,/anaerobe-taerskel/
_posts/2020-12-12-tag-tid-lobetraening.md,løbeøkonomi og løbeteknik,/lobeokonomi/
_posts/2020-12-12-tag-tid-lobetraening.md,tilpasser sig løbetræningen og konditionstræningen,/tilpasning-konditionstraening/
_posts/2020-12-12-tag-tid-lobetraening.md,intervaltræning,/intervaltraening/
_posts/2020-12-12-tag-tid-lobetraening.md,intervalløb,/intervallob-intervaltraening/
_posts/2020-12-12-tag-tid-lobetraening.md,musik til din træning,/artikel/musik-til-traeningen/
_posts/2019-10-31-vmax-cykling.md,teoretisk gennemgang af V<sub>max</sub>-træning,/vmax/
_posts/2019-10-31-vmax-cykling.md,intervaltræning,/intervaltraening/
_posts/2019-10-31-vmax-cykling.md,restitutionstræning,/restitutionstraening/
_posts/2019-10-31-vmax-cykling.md,Watt Max konditionstesten,/kondital-wattmax/
_posts/2019-10-31-vmax-cykling.md,cykelintervaller,/intervaltraening-cykling/
_posts/2019-10-31-vmax-cykling.md,intervaltræning,/intervaltraening/
_posts/2020-08-03-citater-om-at-kaempe.md,"træningscitater om løb, styrketræning og motivation",/citater-traening-motivation/
_posts/2020-08-03-citater-om-at-kaempe.md,"træningscitater om løb, styrketræning og motivation",/citater-traening-motivation/
_posts/2022-09-18-hvordan-faar-jeg-raad-til-protein.md,højt dagligt indtag af protein,/dagligt-protein-indtagelse/
_posts/2022-09-18-hvordan-faar-jeg-raad-til-protein.md,oversigt over proteinholdige fødevarer,/protein-i-madvarer/
_posts/2022-09-18-hvordan-faar-jeg-raad-til-protein.md,Protein i madvarer,/protein-i-madvarer/
_posts/2022-09-18-hvordan-faar-jeg-raad-til-protein.md,Beregn dit daglige proteinbehov,/dagligt-protein-indtagelse/
_posts/2022-09-18-hvordan-faar-jeg-raad-til-protein.md,Guide til det bedste proteinpulver,/kosttilskud/proteinpulver/
_posts/2020-12-23-bedste-cardiomaskiner.md,dybdegående guide til MET-værdier og kalorieforbrænding,/met/
_posts/2020-12-23-bedste-cardiomaskiner.md,Kondition,/kondition/
_posts/2020-12-23-bedste-cardiomaskiner.md,Borg-skalaen,/borg-skala/
_posts/2020-12-23-bedste-cardiomaskiner.md,mælkesyren,/maelkesyre-traening/
_posts/2020-12-23-bedste-cardiomaskiner.md,fysiologiske tilpasninger til konditionstræning,/tilpasning-konditionstraening/
_posts/2020-12-23-bedste-cardiomaskiner.md,Læs mere om intervalløb og intervaltræning,/intervallob-intervaltraening/
_posts/2020-12-23-bedste-cardiomaskiner.md,Løbebånd vs. udendørs løb: Hvad er forskellen?,/loebebaand-udendoers-loeb/
_posts/2020-12-23-bedste-cardiomaskiner.md,Bruce-testen,/bruce-test/
_posts/2020-12-23-bedste-cardiomaskiner.md,2400-meter testen,/kondital-2400-meter/
_posts/2020-12-23-bedste-cardiomaskiner.md,Cooper-testen,/cooper-test/
_posts/2020-12-23-bedste-cardiomaskiner.md,Guide til valg af løbebånd,/guide-loebebaand/
_posts/2020-12-23-bedste-cardiomaskiner.md,Kondital ud fra 2000-meter test på roergometer,/kondital-roning/
_posts/2020-12-23-bedste-cardiomaskiner.md,Træningsprogrammer og intervalprogrammer til rotræning,/artikel/traeningsprogrammer-intervaller-roning/
_posts/2020-12-23-bedste-cardiomaskiner.md,fedtforbrændingszonen,/fedtforbraendingszonen/
_posts/2020-12-23-bedste-cardiomaskiner.md,intervaltræning vs. kontinuerlig træning,/artikel/er-kontinuerlig-traening-eller-intervaltraening-bedst-for-fedtforbraendningen/
_posts/2020-12-23-bedste-cardiomaskiner.md,HIIT-intervaller,/hiit/
_posts/2020-12-23-bedste-cardiomaskiner.md,Watt-max-konditest,/kondital-wattmax/
_posts/2020-12-23-bedste-cardiomaskiner.md,Vmax-træning,/vmax/
_posts/2020-12-23-bedste-cardiomaskiner.md,HIIT-intervaller,/hiit/
_posts/2020-12-23-bedste-cardiomaskiner.md,guide til Assault Bike,/airbike-assault-bike-workout-intervaller/
_posts/2020-12-23-bedste-cardiomaskiner.md,politiets fysiske optagelsesprøve,/politiets-fysiske-tests-krav-optagelsesproeve/
_posts/2020-12-23-bedste-cardiomaskiner.md,konditionstests,/kondition/tests/
_posts/2020-12-23-bedste-cardiomaskiner.md,kondital,/kondital/
_posts/2020-12-23-bedste-cardiomaskiner.md,tabel over kondital,/kondital/
_posts/2020-08-01-riegels-loebeberegner.md,Jack Daniels Running Formula og løbsberegner,/loebesiden-jack-daniels-loebeberegner/
_posts/2020-08-01-riegels-loebeberegner.md,Jack Daniels Running Formula beregner,/loebesiden-jack-daniels-loebeberegner/
_posts/2020-08-01-riegels-loebeberegner.md,hastighedsberegner,/hastighed/
_posts/2020-08-01-riegels-loebeberegner.md,samlede oversigt over løbeberegnere,/loebesiden/#beregnere
_posts/2020-05-20-vejer-muskler-mere-end-fedt.md,vores anatomi,/muskler/
_posts/2020-05-20-vejer-muskler-mere-end-fedt.md,"Læs vores dybdegående artikel om, hvorfor man kan tage på af træning her »",/vaegt-stiger-traening/
_posts/2026-08-05-anaerobic-speed-reserve.md,VAM-eval test,/vam-eval-test/
_posts/2026-08-05-anaerobic-speed-reserve.md,30-15 Intermittent Fitness Test,/30-15-intermittent-fitness-test/
_posts/2026-08-05-anaerobic-speed-reserve.md,VAM-eval test: Mål din rene MAS på rundbane,/vam-eval-test/
_posts/2026-08-05-anaerobic-speed-reserve.md,30-15 Intermittent Fitness Test: Test $V_{\text{IFT}}$ til holdidræt,/30-15-intermittent-fitness-test/
_posts/2026-08-05-anaerobic-speed-reserve.md,Yo-Yo Intermittent Recovery Test,/yoyo-test/
_posts/2022-09-17-3-9-test-running-power.md,wattmåling til løb,/loeb-watt/
_posts/2022-09-17-3-9-test-running-power.md,FTPa til løb,/ftpa-loeb/
_posts/2022-09-17-3-9-test-running-power.md,pulstræning,/pulstraening/
_posts/2022-09-17-3-9-test-running-power.md,pulsreserven,/pulsreserve/
_posts/2026-08-18-norwegian-threshold.md,intervaltræning,/intervaltraening/
_posts/2026-08-18-norwegian-threshold.md,4x4 intervaltræning,/4x4-intervaltraening/
_posts/2026-08-18-norwegian-threshold.md,10-20-30,/10-20-30-intervaltraening/
_posts/2026-08-18-norwegian-threshold.md,maksimale iltoptagelse (VO2max),/maksimale-iltoptagelse-vo2max/
_posts/2026-08-18-norwegian-threshold.md,den anaerobe tærskel,/anaerobe-taerskel/
_posts/2026-08-18-norwegian-threshold.md,kondital,/kondital/
_posts/2026-08-18-norwegian-threshold.md,anaerob træning,/anaerob-traening/
_posts/2026-08-18-norwegian-threshold.md,4x4 intervaller,/4x4-intervaltraening/
_posts/2026-08-18-norwegian-threshold.md,10-20-30 sprints,/10-20-30-intervaltraening/
_posts/2025-03-06-springstyrke-vaegtvest.md,counter movement jump,/countermovement-jump-cmj-squat-jump-sj/#cmj
_posts/2025-03-06-springstyrke-vaegtvest.md,squat jump-test,/countermovement-jump-cmj-squat-jump-sj/#sj
_posts/2025-03-06-springstyrke-vaegtvest.md,springstyrke og springtræning,/springtraening/
_posts/2025-03-06-springstyrke-vaegtvest.md,springtests og hoppehøjde,/springtests-hoppehoejde/
_posts/2020-06-09-muskelfibertyper.md,superkompensation,/superkompensation/
_posts/2020-06-09-muskelfibertyper.md,kan teste din egen muskelfibertypesammensætning,/test-muskelfibertyper/
_posts/2022-03-09-squat-dybt.md,styrkeløftreglerne,/powerlifting-rules/
_posts/2022-03-09-squat-dybt.md,guide til sko til styrketræning,/sko-styrketraening-fitness/
_posts/2008-10-30-udregning-af-fedtprocent.md,normal fedtprocent for kvinder og mænd,/fedtprocent-normer/
_posts/2008-10-30-udregning-af-fedtprocent.md,hudfoldsmålinger,/skinfold/
_posts/2008-10-30-udregning-af-fedtprocent.md,bioimpedans-måling,/bioimpedans-maaling/
_posts/2008-10-30-udregning-af-fedtprocent.md,metoder til måling af fedtprocent,/maal-fedtprocent/
_posts/2008-10-30-udregning-af-fedtprocent.md,taljemålet og talje-hofte-forholdet,/taljemaal/
_posts/2008-10-30-udregning-af-fedtprocent.md,Bestem din kropskomposition,/kropskomposition/
_posts/2008-10-30-udregning-af-fedtprocent.md,Flere metoder til måling af fedtprocent,/maal-fedtprocent/
_posts/2008-10-30-udregning-af-fedtprocent.md,US Navy Fedtprocent Beregner,/fedtprocent-navy/
_posts/2008-10-30-udregning-af-fedtprocent.md,danske mænds gennemsnitshøjde,/hvad-er-gennemsnitshoejden-i-danmark/
_posts/2008-10-30-udregning-af-fedtprocent.md,BMI i deres formel,/bmi/
_posts/2008-10-30-udregning-af-fedtprocent.md,tvivlsom slankekur,/slankekur/
_posts/2008-10-30-udregning-af-fedtprocent.md,Body Mass Index,/bmi/
_posts/2008-10-30-udregning-af-fedtprocent.md,idealvægt,/idealvaegt/
_posts/2008-10-30-udregning-af-fedtprocent.md,7 måder at måle sin fedtprocent på?,/maal-fedtprocent/
_posts/2008-10-30-udregning-af-fedtprocent.md,Hvad er en normal fedtprocent for mænd og kvinder?,/fedtprocent-normer/
_posts/2008-10-30-udregning-af-fedtprocent.md,måle fedtprocent,/maal-fedtprocent/
_posts/2019-10-16-fedtprocent-skinfold-slaughter.md,fedtprocentmålinger med fedttang for voksne,/skinfold/
_posts/2019-10-16-fedtprocent-skinfold-slaughter.md,Lohman formlen,/lohman-fedtprocent-boern/
_posts/2019-10-16-fedtprocent-skinfold-slaughter.md,BMI til børn og unge,/bmi-beregner-boern-unge-teenagere/
_posts/2020-06-25-biptest.md,yoyo-restitutionstesten YYIR1,/yoyo-test/
_posts/2020-06-25-biptest.md,restitutionspuls,/restitutionspuls/
_posts/2020-06-25-biptest.md,Gå til Yo-Yo intervaltest med pauser her,/yoyo-test/
_posts/2020-06-25-biptest.md,Sammenlign dit resultat i vores samlede kondital-tabel for mænd og kvinder,/kondital/
_posts/2020-06-25-biptest.md,Konditionstræning,/konditionstraening/
_posts/2020-06-25-biptest.md,Intervaltræning,/intervaltraening/
_posts/2020-06-25-biptest.md,Yo-Yo intervaltestene her,/yoyo-test/
_posts/2020-06-25-biptest.md,VAM-eval testen,/vam-eval-test/
_posts/2022-07-11-iltmaetning.md,emner i fysiologien,/fysiologi/
_posts/2022-07-11-iltmaetning.md,pulsure,/pulsure/
_posts/2022-07-11-iltmaetning.md,normal puls,/puls/
_posts/2022-07-11-iltmaetning.md,Normalområdet for hvilepulsen,/hvilepuls/
_posts/2022-07-11-iltmaetning.md,god kondition,/kondition/
_posts/2022-02-10-hvor-meget-paa-stangen.md,interaktive RM-beregner,/rm-beregner/
_posts/2022-02-10-hvor-meget-paa-stangen.md,RPE-beregner og skala,/rpe/
_posts/2022-02-10-hvor-meget-paa-stangen.md,RM-beregner,/rm-beregner/
_posts/2022-02-10-hvor-meget-paa-stangen.md,RPE-skalaen,/rpe/
_posts/2022-02-10-hvor-meget-paa-stangen.md,komplette guide til styrketræning for begyndere,/styrketraening/begyndere/
_posts/2022-01-21-kadence-cykling.md,cykelguide,/cykling/
_posts/2025-04-14-metallicadpa-ppl.md,effektivt styrketræningsprogram,/styrketraeningsprogrammer/
_posts/2025-04-14-metallicadpa-ppl.md,klassisk Push/Pull/Legs (PPL) split,/3-split-push-pull/
_posts/2025-04-14-metallicadpa-ppl.md,squat,/squat/
_posts/2025-04-14-metallicadpa-ppl.md,bænkpres,/oevelse/baenkpres/
_posts/2025-04-14-metallicadpa-ppl.md,Liftosaur-appen,/liftosaur/
_posts/2022-02-19-hometrainer-apps.md,Zwift,/komplet-begynderguide-zwift/
_posts/2022-02-19-hometrainer-apps.md,Komplette begynderguide til Zwift,/komplet-begynderguide-zwift/
_posts/2022-02-19-hometrainer-apps.md,MyWhoosh,/mywhoosh-cycling/
_posts/2022-02-19-hometrainer-apps.md,Gennemgang af MyWhoosh Cycling,/mywhoosh-cycling/
_posts/2022-02-19-hometrainer-apps.md,BKOOL,/bkool-begynderguide/
_posts/2022-02-19-hometrainer-apps.md,Begynderguide til BKOOL,/bkool-begynderguide/
_posts/2022-02-19-hometrainer-apps.md,Rouvy,/rouvy/
_posts/2022-02-19-hometrainer-apps.md,Komplette guide til Rouvy,/rouvy/
_posts/2022-02-19-hometrainer-apps.md,samlede guide,/udstyr-hometrainer-ecykling/
_posts/2022-02-19-hometrainer-apps.md,Guide til det bedste hometrainer-udstyr og e-cykling,/udstyr-hometrainer-ecykling/
_posts/2019-10-31-vmax-loeb.md,intervaltræning,/intervaltraening/
_posts/2019-10-31-vmax-loeb.md,guide til V<sub>max</sub>-træning,/vmax/
_posts/2019-10-31-vmax-loeb.md,restitutionsløb,/restitutionsloeb/
_posts/2019-10-31-vmax-loeb.md,løbebånd,/guide-loebebaand/
_posts/2019-10-31-vmax-loeb.md,Cooper-test,/cooper-test/
_posts/2019-10-31-vmax-loeb.md,test for at finde dit kondital,/kondition/tests/
_posts/2019-10-31-vmax-loeb.md,omregne din hastighed fra min/km til km/t her,/hastighed/
_posts/2019-10-31-vmax-loeb.md,løbeintervaller,/intervallob-intervaltraening/
_posts/2019-10-31-vmax-loeb.md,intervaltræning,/intervaltraening/
_posts/2019-10-31-vmax-loeb.md,Billat-intervaller,/billat-vvovmax-tlimvo2max/
_posts/2020-06-25-step-length.md,kadence og skridtlængde ved løb,/gennemsnitlige-skridtlaengde-kadence-loeb/
_posts/2020-06-25-step-length.md,gennemsnitshøjden i Danmark,/hvad-er-gennemsnitshoejden-i-danmark/
_posts/2020-06-25-step-length.md,skridtomregner,/omregn-motion-aktivitet-sport-til-skridt/
_posts/2020-06-25-step-length.md,Tæl Skridt-kampagnen,/artikel/tael-skridt/
_posts/2020-06-25-step-length.md,kalorieforbrænding ved gang,/forbraending-ved-gaa-gang/
_posts/2020-08-29-kalorietabel-groentsager.md,samlede kalorietabel over fødevarer,/kalorietabellen/
_posts/2020-08-29-kalorietabel-groentsager.md,frugt,/kalorietabel-frugt/
_posts/2020-08-29-kalorietabel-groentsager.md,brød,/kalorietabel-broed/
_posts/2020-08-29-kalorietabel-groentsager.md,kød,/kalorietabel-koed/
_posts/2020-08-29-kalorietabel-groentsager.md,ligevægtsindtag,/ligevaegtsindtag-beregner/
_posts/2020-08-29-kalorietabel-groentsager.md,basalstofskifte (BMR),/bmr-beregner/
_posts/2021-08-16-cardio.md,cardio maskiner,/bedste-cardiomaskiner/
_posts/2021-08-16-cardio.md,romaskine,/artikel/traeningsprogrammer-intervaller-roning/
_posts/2021-08-16-cardio.md,løbebånd,/guide-loebebaand/
_posts/2021-08-16-cardio.md,konditionstræning,/konditionstraening/
_posts/2021-08-16-cardio.md,maksimale iltoptagelse (VO2-max),/kondital/
_posts/2021-08-16-cardio.md,hvilepuls,/hvilepuls/
_posts/2021-08-16-cardio.md,energisystemer,/energisystemer/
_posts/2021-08-16-cardio.md,Anaerob tærskel,/anaerobe-taerskel/
_posts/2021-08-16-cardio.md,mælkesyren,/maelkesyre-traening/
_posts/2021-08-16-cardio.md,HIIT,/hiit/
_posts/2021-08-16-cardio.md,Tabata-træning,/artikel/tabata-traening-intervaller/
_posts/2021-08-16-cardio.md,højt kondital,/kondital/
_posts/2021-08-16-cardio.md,træningsmaskiner,/bedste-cardiomaskiner/
_posts/2021-08-16-cardio.md,hjemmetræning,/hjemmetraening-traeningsprogram/
_posts/2021-08-16-cardio.md,aerob træning,/aerob-traening/
_posts/2021-08-16-cardio.md,anaerobe system,/anaerob-traening/
_posts/2021-08-16-cardio.md,intervalløb,/intervallob-intervaltraening/
_posts/2021-08-16-cardio.md,romaskine,/artikel/traeningsprogrammer-intervaller-roning/
_posts/2021-08-16-cardio.md,Assault Bike,/airbike-assault-bike-workout-intervaller/
_posts/2021-08-16-cardio.md,hvilepuls,/hvilepuls/
_posts/2021-08-16-cardio.md,konditionstests,/kondition/tests/
_posts/2021-08-16-cardio.md,kombinationstræning af løb og styrke,/artikel/bedste-kombination-af-loeb-og-styrketraening/
_posts/2022-11-21-prilepins-tabel.md,RPE-tabel til styrketræning,/rpe/
_posts/2022-11-21-prilepins-tabel.md,vores avancerede RM-beregner,/rm-beregner/
_posts/2022-11-21-prilepins-tabel.md,træningspyramide,/traeningspyramiden-styrketraening/
_posts/2021-01-25-lobebaand.md,maksimal iltoptagelse,/maksimale-iltoptagelse-vo2max/
_posts/2021-01-25-lobebaand.md,respiratoriske udvekslingskvotient (RER),/respiratoriske-metaboliske-udvekslingskvotient/
_posts/2021-01-25-lobebaand.md,Borg-skalaen,/borg-skala/
_posts/2021-01-25-lobebaand.md,4 tips til løbebåndet i forhold til udendørs løb,/loebebaand-udendoers-loeb/
_posts/2021-01-25-lobebaand.md,løbetests og konditionstest,/kondition/tests/
_posts/2021-01-25-lobebaand.md,Bruce løbetesten,/bruce-test/
_posts/2021-01-25-lobebaand.md,løb og løbetræning på løbesiden,/loebesiden/
_posts/2021-01-25-lobebaand.md,intervalløb,/intervallob-intervaltraening/
_posts/2020-07-25-solhilsen.md,komplette guide til yogaudstyr,/guide/yoga-udstyr/
_posts/2020-07-25-solhilsen.md,De 5 Tibetanere: Komplet guide til de 5 yoga øvelser,/artikel/de-fem-tibetanere/
_posts/2020-07-25-solhilsen.md,Kom i gang med mindfulness meditation,/mindfulness-meditation/
_posts/2020-07-25-solhilsen.md,Find den bedste musik til yoga,/yoga-musik/
_posts/2013-05-02-musik-til-traeningen.md,intervaltræning,/intervaltraening/
_posts/2013-05-02-musik-til-traeningen.md,løbebåndet,/loebebaand-udendoers-loeb/
_posts/2013-05-02-musik-til-traeningen.md,rate of force development (RFD),/rate-of-force-development/
_posts/2013-05-02-musik-til-traeningen.md,1RM,/rm-beregner/
_posts/2019-10-13-fedtprocent-bioimpedans-inbody-570.md,bioimpedansanalyse (BIA),/bioimpedans-maaling/
_posts/2019-10-13-fedtprocent-bioimpedans-inbody-570.md,bioimpedansmålinger fungerer,/bioimpedans-maaling/
_posts/2019-10-13-fedtprocent-bioimpedans-inbody-570.md,normal fedtprocent for mænd og kvinder,/fedtprocent-normer/
_posts/2019-10-13-fedtprocent-bioimpedans-inbody-570.md,BMI for kvinder og mænd,/bmi/
_posts/2019-10-13-fedtprocent-bioimpedans-inbody-570.md,Guide til kropskomposition,/kropskomposition/
_posts/2019-10-13-fedtprocent-bioimpedans-inbody-570.md,målemetoder til fedtprocent og kropskompostion,/maal-fedtprocent/
_posts/2019-10-13-fedtprocent-bioimpedans-inbody-570.md,kropssammensætning,/kropskomposition/
_posts/2019-10-13-fedtprocent-bioimpedans-inbody-570.md,slankekur,/slankekur/
_posts/2019-10-13-fedtprocent-bioimpedans-inbody-570.md,idealvægt,/idealvaegt/
_posts/2019-10-13-fedtprocent-bioimpedans-inbody-570.md,Online kropsanalyse dashboard,/kropsanalyse/
_posts/2020-08-29-kalorietabel-koed.md,samlede kalorietabel over mad,/kalorietabellen/
_posts/2020-08-29-kalorietabel-koed.md,brød,/kalorietabel-broed/
_posts/2020-08-29-kalorietabel-koed.md,grøntsager,/kalorietabel-groentsager/
_posts/2020-08-29-kalorietabel-koed.md,frugt,/kalorietabel-frugt/
_posts/2020-08-29-kalorietabel-koed.md,dagligt proteinindtag,/dagligt-protein-indtagelse/
_posts/2020-08-29-kalorietabel-koed.md,basalstofskifte (BMR),/bmr-beregner/
_posts/2020-08-29-kalorietabel-koed.md,ligevægtsindtag,/ligevaegtsindtag-beregner/
_posts/2026-07-28-fatmax.md,Zone 2-træning,/zone-2-traening/
_posts/2026-07-28-fatmax.md,Zone 2-træning og den aerobe tærskel,/zone-2-traening/
_posts/2026-07-28-fatmax.md,Sweet Spot-træning,/sweet-spot-traening/
_posts/2021-03-30-benmuskler.md,forebygge skader,/skadesforebyggelse-skadesforebyggende-traening/
_posts/2021-03-30-benmuskler.md,knæleddet,/joints/knaeleddet/
_posts/2021-03-30-benmuskler.md,liste over muskler i kroppen her,/muskler/
_posts/2021-03-30-benmuskler.md,anatomien i kroppen,/anatomi/
_posts/2021-03-30-benmuskler.md,bentræning og øvelser til træning af benene,/benoevelser/
_posts/2024-08-05-heat-management-biking.md,varmetræning,/varmetraening/
_posts/2024-08-05-heat-management-biking.md,Hvor meget væske skal du drikke?,/hvor-meget-vand-skal-man-drikke-om-dagen/
_posts/2024-08-05-heat-management-biking.md,træne på din varmeakklimatisering,/varmeakklimatisering-traening-i-varmen/
_posts/2024-08-05-heat-management-biking.md,varmehåndtering i løb,/varme-management-loeb/
_posts/2020-07-08-udstraekning-pnf.md,smidighedstræning,/smidighedstraening/
_posts/2020-07-08-udstraekning-pnf.md,gennemgang af om udstrækning virker,/virker-udstraekning/
_posts/2020-07-08-udstraekning-pnf.md,statisk udstrækning,/dynamisk-og-statisk-udstraekning/
_posts/2020-07-08-udstraekning-pnf.md,musklernes,/muskler/
_posts/2020-07-08-udstraekning-pnf.md,Se vores visuelle øvelseskatalog med over 22+ udstrækningsøvelser her »,/udstraekning-udspaending/
_posts/2025-07-07-ketoner.md,Kosttilskud og præstation – hvad virker?,/kosttilskud/
_posts/2025-07-07-ketoner.md,Sådan planlægger du energiindtag til lange løb,/kulhydratforbrug/
_posts/2025-07-07-ketoner.md,Hvordan restituerer du bedst efter hård træning?,/restitution/
_posts/2026-03-21-muskel-storrelse.md,Gluteus Maximus,/gluteus-maximus/
_posts/2026-03-21-muskel-storrelse.md,Latissimus Dorsi,/latissimus-dorsi/
_posts/2026-03-21-muskel-storrelse.md,Quadriceps Femoris,/quadriceps-femoris/
_posts/2026-03-21-muskel-storrelse.md,**Gluteus Maximus**,/gluteus-maximus/
_posts/2026-03-21-muskel-storrelse.md,**lårmusklen (Quadriceps)**,/quadriceps-femoris/
_posts/2026-03-21-muskel-storrelse.md,**Latissimus Dorsi** (den brede rygmuskel),/latissimus-dorsi/
_posts/2026-03-21-muskel-storrelse.md,*Sartorius* (Skræddermusklen),/sartorius/
_posts/2026-03-21-muskel-storrelse.md,biceps,/biceps-brachii/
_posts/2026-03-21-muskel-storrelse.md,**Triceps Brachii**,/triceps-brachii/
_posts/2026-03-21-muskel-storrelse.md,komplette muskeloversigt →,/muskler/
_posts/2020-08-01-jack-daniels-loebeberegner.md,intervalløb,/intervallob-intervaltraening/
_posts/2020-08-01-jack-daniels-loebeberegner.md,Pete Riegels formel,/riegels-loebeberegner/
_posts/2020-08-01-jack-daniels-loebeberegner.md,Jack Daniels' Træningsfilosofi & Running Formula,/jack-daniels-running-formula/
_posts/2020-08-01-jack-daniels-loebeberegner.md,hvor langt du skal løbe i dit tidsinterval,/intervallob-intervaltraening/#calculator
_posts/2020-08-01-jack-daniels-loebeberegner.md,omregne din løbehastighed fra pace i min/km til km/t,/hastighed/
_posts/2020-08-01-jack-daniels-loebeberegner.md,løbeøkonomi,/lobeokonomi/
_posts/2020-08-01-jack-daniels-loebeberegner.md,kondition,/kondition/
_posts/2020-08-01-jack-daniels-loebeberegner.md,Coggans træningszoner,/traeningszoner/
_posts/2020-08-01-jack-daniels-loebeberegner.md,hvordan man laver et løbetræningsprogram,/guide-til-loebeprogram/
_posts/2020-08-01-jack-daniels-loebeberegner.md,📊 Se pacetabellen med distancer og sluttider,/hastighed/pace-tabeller/
_posts/2020-08-01-jack-daniels-loebeberegner.md,puls og pulszonerne,/pulszoner-beregner/
_posts/2020-08-01-jack-daniels-loebeberegner.md,løbeprogram,/loebeprogrammer/
_posts/2020-08-01-jack-daniels-loebeberegner.md,Jack Daniels' træningsfilosofi,/jack-daniels-running-formula/
_posts/2020-08-01-jack-daniels-loebeberegner.md,løbetræning,/loebesiden/
_posts/2025-04-14-periodisering-for-niveauer.md,Starting Strength,/starting-strength-styrketraeningsprogram/
_posts/2025-04-14-periodisering-for-niveauer.md,Greyskull LP,/greyskull-lp/
_posts/2025-04-14-periodisering-for-niveauer.md,StrongLifts 5x5,/stronglifts-5x5/
_posts/2025-04-14-periodisering-for-niveauer.md,Texas Method,/texas-method/
_posts/2025-04-14-periodisering-for-niveauer.md,Texas Method,/texas-method/
_posts/2025-04-14-periodisering-for-niveauer.md,Wendler 5/3/1,/wendler-531-styrketraeningsprogram/
_posts/2025-04-14-periodisering-for-niveauer.md,Sheiko,/sheiko/
_posts/2020-04-16-smr-virker.md,Smidighedstræning – Den fysiologiske guide til bedre mobilitet,/smidighedstraening/
_posts/2020-04-16-smr-virker.md,Foamroller – Guide til 10+ rulle-øvelser,/foamrolling/
_posts/2020-04-16-smr-virker.md,Lacrosse bold og massagebold – Punktbehandling og øvelser,/lacrosse-bold-massagebold/
_posts/2020-04-16-smr-virker.md,"Virker udstrækning? Forskning i myter, DOMS og stræktolerance",/virker-udstraekning/
_posts/2019-10-11-kropskomposition.md,BMI,/bmi/
_posts/2019-10-11-kropskomposition.md,Alt om måling med fedttang,/skinfold/
_posts/2019-10-11-kropskomposition.md,Læs mere om måling med bioimpedans,/bioimpedans-maaling/
_posts/2019-10-11-kropskomposition.md,BMI beregner,/bmi/
_posts/2019-10-11-kropskomposition.md,Udregn din fedtprocent,/artikel/udregning-af-fedtprocent/
_posts/2019-10-11-kropskomposition.md,taljemål,/taljemaal/
_posts/2019-10-11-kropskomposition.md,idealvægt,/idealvaegt/
_posts/2019-10-11-kropskomposition.md,slankekur,/slankekur/
_posts/2025-03-26-squat-mechanics.md,Squat teknik,/squat/
_posts/2025-03-26-squat-mechanics.md,indlæg om biomekanik,/biomekanik/
_posts/2022-03-27-powerlifting-staevne-program.md,styrkeløft,/styrkeloeft/
_posts/2022-03-27-powerlifting-staevne-program.md,regler for styrkeløft,/powerlifting-rules/
_posts/2019-11-13-george-turner-10x10.md,GVT 10x10-programmet,/gvt/
_posts/2019-11-13-george-turner-10x10.md,oversigt over styrketræningsprogrammer,/styrketraeningsprogrammer/
_posts/2019-10-22-metoder-til-hypertrofi.md,hvorfor muskler vokser?,/hvordan-vokser-muskler/
_posts/2019-10-22-metoder-til-hypertrofi.md,metoder til maksimal muskelstyrke,/maksimal-styrke/
_posts/2019-10-22-metoder-til-hypertrofi.md,hvordan muskler vokser ud,/hvordan-vokser-muskler/
_posts/2020-08-03-citater-om-yoga-mindfulness.md,citater om at kæmpe,/citater-om-at-kaempe/
_posts/2020-08-03-citater-om-yoga-mindfulness.md,"træningscitater om løb, styrketræning og motivation",/citater-traening-motivation/
_posts/2020-08-03-citater-om-yoga-mindfulness.md,De Fem Tibetanere,/artikel/de-fem-tibetanere/
_posts/2020-08-03-citater-om-yoga-mindfulness.md,Solhilsen A og B,/artikel/solhilsen-a-b-surya-namaskar/
_posts/2011-08-18-vil-du-gerne-tage-en-kropshaevning.md,forskellen på en pullup og en chinup,/chinup-vs-pullup/
_posts/2011-08-18-vil-du-gerne-tage-en-kropshaevning.md,hvilke muskler der bruges i en pullup og en chinup,/chinup-vs-pullup/
_posts/2011-08-18-vil-du-gerne-tage-en-kropshaevning.md,forskellen på chin ups og pull ups her,/chinup-vs-pullup/
_posts/2022-05-07-blodtryk.md,Hvordan virker koffein på træning?,/koffein/
_posts/2020-05-28-restitutionstraening.md,Restitution,/restitution/
_posts/2020-05-28-restitutionstraening.md,restitutionstiden,/restitution/
_posts/2020-05-28-restitutionstraening.md,Åndedrætsøvelser,/aandedraetstraening-forbedrer-udholdenheden/
_posts/2020-05-28-restitutionstraening.md,dine pulszoner,/pulszoner-beregner/
_posts/2020-05-28-restitutionstraening.md,maksimale puls,/test-max-puls/
_posts/2020-05-28-restitutionstraening.md,1RM beregner,/rm-beregner/
_posts/2020-05-28-restitutionstraening.md,hvilepulsen,/hvilepuls/
_posts/2020-05-28-restitutionstraening.md,Borg-skalaen,/borg-skala/
_posts/2020-05-28-restitutionstraening.md,pulsreserve,/pulsreserve/
_posts/2020-05-28-restitutionstraening.md,løb og løbetræning,/loebesiden/
_posts/2020-05-28-restitutionstraening.md,Restitutionsløb: Løb langsomt for at blive hurtigere,/restitutionsloeb/
_posts/2022-02-09-loebebutikker.md,trailløb,/trailloeb/
_posts/2021-08-29-ftp-power.md,Se overblik over alle testmetoder her,/ftp-test/
_posts/2021-08-29-ftp-power.md,Functional Threshold Pace (rFTPa),/ftpa-loeb/
_posts/2021-08-29-ftp-power.md,pulstræning,/pulstraening/
_posts/2021-08-29-ftp-power.md,beregning af pulszoner,/pulszoner-beregner/
_posts/2021-08-29-ftp-power.md,Borg-skalaen,/borg-skala/
_posts/2021-08-29-ftp-power.md,mælkesyre,/maelkesyre-traening/
_posts/2021-08-29-ftp-power.md,anaerobe tærskel,/anaerobe-taerskel/
_posts/2021-08-29-ftp-power.md,Zwift på hometrainer,/komplet-begynderguide-zwift/
_posts/2021-08-29-ftp-power.md,mest populære cykeltests,/tests/cykling/
_posts/2021-08-29-ftp-power.md,samlede oversigt over alle FTP-tests og vælg den rette protokol for dig →,/ftp-test/
_posts/2021-08-29-ftp-power.md,laktattest (mælkesyretest),/laktattest/
_posts/2021-08-29-ftp-power.md,Sweet Spot,/sweet-spot-traening/
_posts/2020-07-16-balance.md,Enkeltbensstand eller Stork Test,/enkeltbensstand-stork-test/
_posts/2020-07-16-balance.md,Y-Balance Test,/y-balance-test/
_posts/2020-07-16-balance.md,MSLHST,/mslhst-test/
_posts/2020-07-16-balance.md,validerede balancetests,/balance-tests/
_posts/2020-07-16-balance.md,effektive balanceøvelser og progression,/balancetraening/
_posts/2020-07-08-smidighedstraening.md,"Virker foamrolling? Læs om muskeltonus, IT-båndet og myter »",/virker-foamrolling/
_posts/2020-07-08-smidighedstraening.md,Foamroller – Komplet guide og 10+ øvelser for hele kroppen »,/foamrolling/
_posts/2020-07-08-smidighedstraening.md,Lacrosse bold og massagebold – Øvelser til triggerpunkter og fodsål »,/lacrosse-bold-massagebold/
_posts/2020-07-08-smidighedstraening.md,Udstrækning & strækøvelser,/udstraekning-udspaending/
_posts/2020-07-08-smidighedstraening.md,Virker udstrækning?,/virker-udstraekning/
_posts/2020-07-08-smidighedstraening.md,Smidighedstests,/smidighedstests/
_posts/2020-07-08-smidighedstraening.md,PNF-udstrækning,/pnf-udstraekning/
_posts/2020-07-08-smidighedstraening.md,Dynamisk vs. statisk,/dynamisk-og-statisk-udstraekning/
_posts/2021-02-14-zwift-guide-begyndere.md,cykeltræningen indendørs på en app,/hometrainer-apps/
_posts/2021-02-14-zwift-guide-begyndere.md,MyWhoosh Cycling,/mywhoosh-cycling/
_posts/2021-02-14-zwift-guide-begyndere.md,Rouvy,/rouvy/
_posts/2021-02-14-zwift-guide-begyndere.md,BKOOL,/bkool-begynderguide/
_posts/2021-02-14-zwift-guide-begyndere.md,functional threshold power (FTP),/ftp-cykling/
_posts/2021-02-14-zwift-guide-begyndere.md,komplette udstyrsguide til e-cykling og hometrainers,/udstyr-hometrainer-ecykling/
_posts/2021-02-14-zwift-guide-begyndere.md,Guide til det bedste hometrainer-udstyr og e-cykling,/udstyr-hometrainer-ecykling/
_posts/2022-05-23-inspiration-gaatur.md,fordelene ved gang,/gang-fordele-ved-at-gaa/
_posts/2022-05-23-inspiration-gaatur.md,Tæl Skridt,/artikel/tael-skridt/
_posts/2022-05-23-inspiration-gaatur.md,Gåtræning: Inspiration til at få træning ud af gåturen,/gangtraening/
_posts/2022-05-23-inspiration-gaatur.md,GPS-kunst og Stravakunst,/gps-doodles/
_posts/2022-05-23-inspiration-gaatur.md,hvor mange km 10.000 skridt er,/skridt-pr-km-10000/
_posts/2020-09-11-smidighedstests.md,Modified Sit & Reach,/smidighedstest/
_posts/2020-09-11-smidighedstests.md,komplette guide til Modified Sit & Reach Test,/smidighedstest/
_posts/2020-09-11-smidighedstests.md,Modified Sit & Reach side,/smidighedstest/
_posts/2020-09-11-smidighedstests.md,samlede oversigt over balancetests,/balance-tests/
_posts/2020-09-11-smidighedstests.md,guide til effektiv udstrækning og mobilitetstræning,/balancetraening/
_posts/2021-01-02-anaerob-traening.md,hvordan det anaerobe og aerobe energisystem hænger sammen her,/energisystemer/
_posts/2021-01-02-anaerob-traening.md,"aerob træning, så tjek her",/aerob-traening/
_posts/2021-01-02-anaerob-traening.md,forskellen på aerob og anaerob træning,/forskel-aerob-anaerob-traening/
_posts/2021-01-02-anaerob-traening.md,intervaltræning,/intervaltraening/
_posts/2021-01-02-anaerob-traening.md,Energisystemer 101: Alt om det aerobe og anaerobe energisystem,/energisystemer/
_posts/2021-01-02-anaerob-traening.md,kreatin virker som kosttilskud,/kreatin/
_posts/2021-01-02-anaerob-traening.md,mælkesyre,/maelkesyre-traening/
_posts/2021-01-02-anaerob-traening.md,mælkesyren beskytter formentlig musklerne,/maelkesyre-traening/
_posts/2021-01-02-anaerob-traening.md,Yoyo-testen,/yoyo-test/
_posts/2021-01-02-anaerob-traening.md,kondition,/kondition/
_posts/2021-01-02-anaerob-traening.md,kondition og maksimale iltoptagelse,/kondition/
_posts/2021-01-02-anaerob-traening.md,Din løbeøkonomi,/lobeokonomi/
_posts/2021-01-02-anaerob-traening.md,anaerobe tærskel,/anaerobe-taerskel/
_posts/2021-01-02-anaerob-traening.md,anaerobe tærskel her,/anaerobe-taerskel/
_posts/2021-01-02-anaerob-traening.md,pulstræning og intensitet i forhold til puls,/pulszoner-beregner/
_posts/2021-01-02-anaerob-traening.md,pulsreserven,/pulsreserve/
_posts/2021-01-02-anaerob-traening.md,Wingate-tests,/wingate/
_posts/2021-01-02-anaerob-traening.md,Tabata-intervaller,/artikel/tabata-traening-intervaller/
_posts/2021-01-02-anaerob-traening.md,Sprint 8-intervaller,/artikel/sprint-8-intervaltraening-der-virker/
_posts/2022-02-09-running-power.md,pulstræning,/pulstraening/
_posts/2022-02-09-running-power.md,teste rFTPw på,/rftp-test/
_posts/2022-02-09-running-power.md,målinger på løbeøkonomien,/lobeokonomi/
_posts/2022-02-09-running-power.md,målinger af løbedynamik,/loebedynamik-loebemaalinger/
_posts/2022-02-09-running-power.md,hurtigere løber,/loeb-hurtigere/
_posts/2020-08-29-haandvaegte.md,træne hjemme,/hjemmetraening-traeningsprogram/
_posts/2020-08-29-haandvaegte.md,armøvelser,/arme-triceps-biceps/
_posts/2020-08-29-haandvaegte.md,brystøvelser,/brystoevelser/
_posts/2020-08-29-haandvaegte.md,skulderøvelser,/skulderoevelser/
_posts/2020-08-29-haandvaegte.md,benøvelserne,/benoevelser/
_posts/2020-08-01-vaegttab-loebetid.md,kondital,/kondital/
_posts/2020-08-01-vaegttab-loebetid.md,løbeøkonomi,/lobeokonomi/
_posts/2020-08-01-vaegttab-loebetid.md,REDs,/rem-s/
_posts/2020-08-01-vaegttab-loebetid.md,kalorieberegner,/kalorieberegner/
_posts/2020-08-01-vaegttab-loebetid.md,forbrænding ved løb vs. gang,/loeb-mere-energi-gang/
_posts/2020-08-01-vaegttab-loebetid.md,Flyer Handicap Beregner,/flyer-handicap/
_posts/2020-08-01-vaegttab-loebetid.md,Aldersgraduerede løbetider,/aldersgraduerede-tider/
_posts/2020-08-01-vaegttab-loebetid.md,Se alle løbeberegnere,/loebesiden/#beregnere
_posts/2021-12-19-kend-din-krop.md,anatomi,/anatomi/
_posts/2021-12-19-kend-din-krop.md,fysiologi,/fysiologi/
_posts/2025-03-03-step-test-ymca-modified.md,YMCA steptest,/ymca-3-minutters-steptest/
_posts/2025-03-03-step-test-ymca-modified.md,andre variationer af steptests,/kondital-fra-steptest/
_posts/2025-03-03-step-test-ymca-modified.md,oversigt over steptests,/kondital-fra-steptest/
_posts/2021-11-12-scat.md,WHO-5 Trivselsindekset,/who5-trivselindekset/
_posts/2021-11-12-scat.md,Anerkendt Stresstest (PSS-10),/stress-test/
_posts/2022-05-30-nedvarmning.md,måde at restituere på restitutionstiden kortere,/restitution/
_posts/2022-05-30-nedvarmning.md,restitutionstiden,/restitution/
_posts/2022-05-30-nedvarmning.md,muskelømhed og DOMS,/omme-muskler-efter-traening/
_posts/2022-05-30-nedvarmning.md,åndedrætsøvelser,/aandedraetstraening-forbedrer-udholdenheden/
_posts/2022-05-30-nedvarmning.md,strækøvelser,/udstraekning-udspaending/
_posts/2022-05-30-nedvarmning.md,fjernelsen af mælkesyre,/maelkesyre-traening/
_posts/2020-08-17-politiets-fysiske-tests-opvarmning.md,Fysiologien bag opvarmning,/opvarmning/
_posts/2020-08-17-politiets-fysiske-tests-opvarmning.md,Opvarmning til Styrketræning,/opvarmning-styrketraening/
_posts/2020-08-17-politiets-fysiske-tests-opvarmning.md,Opvarmning til Løb,/opvarmning-loeb/
_posts/2020-08-17-politiets-fysiske-tests-opvarmning.md,FIFA 11+,/fifa-11-plus/
_posts/2020-08-17-politiets-fysiske-tests-opvarmning.md,PEP-programmet,/pep-program/
_posts/2020-08-17-politiets-fysiske-tests-opvarmning.md,1RM-Maxtest & PAP,/pap-post-activation-potentiation-1rm-maxtest/
_posts/2020-08-17-politiets-fysiske-tests-opvarmning.md,Se alle fysiske krav & karakterskalaer for Politiets Fysiske Test,/politiets-fysiske-tests-krav-optagelsesproeve/
_posts/2022-03-01-crossfit-sko.md,vægtløftningssko,/sko-styrketraening-fitness/
_posts/2021-08-23-limber-11.md,Jim Wendlers *5/3/1*-program,/wendler-531-styrketraeningsprogram/#
_posts/2021-08-23-limber-11.md,RAMP-opvarmning,/ramp-opvarmning/
_posts/2021-08-23-limber-11.md,foamrolling,/foamrolling/
_posts/2021-08-23-limber-11.md,lacrossebolde,/lacrosse-bold-massagebold/
_posts/2021-08-23-limber-11.md,dynamisk udstrækning,/udstraekning-udspaending/
_posts/2021-08-23-limber-11.md,foamrolling,/foamrolling/
_posts/2021-08-23-limber-11.md,massagebolde,/lacrosse-bold-massagebold/
_posts/2021-08-23-limber-11.md,generelle opvarmning,/opvarmning/
_posts/2021-08-23-limber-11.md,McGill Big 3,/mcgill-big-3/
_posts/2021-08-23-limber-11.md,RAMP-modellen,/ramp-opvarmning/
_posts/2020-09-22-hiit.md,intervaltræning,/intervaltraening/
_posts/2020-09-22-hiit.md,max puls,/test-max-puls/
_posts/2020-09-22-hiit.md,laktat-tærsklen eller den anaerobe tærskel,/anaerobe-taerskel/
_posts/2020-09-22-hiit.md,10-trins RPE-skala,/borg-skala/
_posts/2020-09-22-hiit.md,Tabata,/artikel/tabata-traening-intervaller/
_posts/2020-09-22-hiit.md,4x4 intervaller,/4x4-intervaltraening/
_posts/2020-09-22-hiit.md,roning på romaskine,/artikel/traeningsprogrammer-intervaller-roning/
_posts/2020-09-22-hiit.md,assault bike,/airbike-assault-bike-workout-intervaller/
_posts/2020-09-22-hiit.md,cardiomaskine og kredsløbsmaskine,/bedste-cardiomaskiner/
_posts/2020-09-22-hiit.md,aktiv eller passiv restitution i dine HIIT-intervaller,/hiit-aktiv-eller-passiv-pause/
_posts/2021-08-24-hvordan-loebeprogram.md,Alle løbeprogrammer,/loebeprogrammer/
_posts/2021-08-24-hvordan-loebeprogram.md,Bonus: Få GRATIS løbeprogram nu »,/loebeprogrammer/
_posts/2021-08-24-hvordan-loebeprogram.md,løbeprogram for begyndere,/loebeprogram-begyndere/
_posts/2021-08-24-hvordan-loebeprogram.md,løbetræning,/loebesiden/
_posts/2021-08-24-hvordan-loebeprogram.md,træningszoner,/traeningszoner/
_posts/2021-08-24-hvordan-loebeprogram.md,begynder løbeprogram,/loebeprogram-begyndere/
_posts/2021-08-24-hvordan-loebeprogram.md,træne til at løbe 5 km rigtig hurtigt,/loebeprogram-5km/
_posts/2021-08-24-hvordan-loebeprogram.md,træningsplan til maraton,/loebeprogram-maraton-42km/
_posts/2021-08-24-hvordan-loebeprogram.md,kroppens forskellige energisystemer,/energisystemer/
_posts/2021-08-24-hvordan-loebeprogram.md,effektivt at løbe fem kilometer med høj intensitet tre gange om ugen,/artikel/det-mest-effektive-loebeprogram-til-forbedre-din-praestation/
_posts/2021-08-24-hvordan-loebeprogram.md,træningszoner,/traeningszoner/
_posts/2021-08-24-hvordan-loebeprogram.md,screening,/screening/
_posts/2021-08-24-hvordan-loebeprogram.md,løbsberegneren fra Jack Daniels,/loebesiden-jack-daniels-loebeberegner/
_posts/2021-08-24-hvordan-loebeprogram.md,functional threshold pace,/ftpa-loeb/
_posts/2021-08-24-hvordan-loebeprogram.md,udregne pulszoner til træning her,/pulszoner-beregner/
_posts/2021-08-24-hvordan-loebeprogram.md,hvilepulsen,/hvilepuls/
_posts/2021-08-24-hvordan-loebeprogram.md,max pulsen,/test-max-puls/
_posts/2021-08-24-hvordan-loebeprogram.md,Borg-skalaen,/borg-skala/
_posts/2021-08-24-hvordan-loebeprogram.md,Functional Threshold Power,/ftp-cykling/
_posts/2021-08-24-hvordan-loebeprogram.md,critical speed,/critical-power/
_posts/2021-08-24-hvordan-loebeprogram.md,løbeøkonomi og løbeteknik,/lobeokonomi/
_posts/2021-08-24-hvordan-loebeprogram.md,intensitet og træningszoner,/traeningszoner/
_posts/2021-08-24-hvordan-loebeprogram.md,restitutionsløb,/restitutionsloeb/
_posts/2021-08-24-hvordan-loebeprogram.md,fysiologiske tilpasninger og adaptationer er til udholdenhedstræning,/tilpasning-konditionstraening/
_posts/2021-08-24-hvordan-loebeprogram.md,Læs uddybende om udholdenhedstræning til løb,/loeb/udholdenhedstraening/
_posts/2021-08-24-hvordan-loebeprogram.md,anaerobe tærskel,/anaerobe-taerskel/
_posts/2021-08-24-hvordan-loebeprogram.md,mælkesyre,/maelkesyre-traening/
_posts/2021-08-24-hvordan-loebeprogram.md,maxpuls,/test-max-puls/
_posts/2021-08-24-hvordan-loebeprogram.md,Læs uddybende om mælkesyretærskeltræning til løb,/loeb/maelkesyretarskel/
_posts/2021-08-24-hvordan-loebeprogram.md,de faktorer der påvirker den maksimale iltoptagelse,/maksimale-iltoptagelse-vo2max/
_posts/2021-08-24-hvordan-loebeprogram.md,intervalløb,/intervallob-intervaltraening/
_posts/2021-08-24-hvordan-loebeprogram.md,intervaltræning,/intervaltraening/
_posts/2021-08-24-hvordan-loebeprogram.md,Læs uddybende om vo2max-træning til løb,/loeb/vo2max-traening/
_posts/2021-08-24-hvordan-loebeprogram.md,forbedrer din løbeøkonomi,/lobeokonomi/
_posts/2021-08-24-hvordan-loebeprogram.md,eksplosiv træning måske kan forbedre løbeøkonomien og præstationen,/lobeokonomi/
_posts/2021-08-24-hvordan-loebeprogram.md,Læs uddybende om sprinttræning til løb,/loeb/sprinttraening/
_posts/2021-08-24-hvordan-loebeprogram.md,andre former for restitutionstræning,/restitutionstraening/
_posts/2021-08-24-hvordan-loebeprogram.md,fremme restitutionen og restitutionstiden,/restitution/
_posts/2021-08-24-hvordan-loebeprogram.md,Læs uddybende om restitutionsløb,/restitutionsloeb/
_posts/2020-06-29-maend-kvinder-muskler.md,antallet af muskler i menneskekroppen →,/hvor-mange-muskler-i-kroppen/
_posts/2020-06-29-maend-kvinder-muskler.md,røde og hvide muskelfibre →,/muskelfibertyper/
_posts/2020-06-29-maend-kvinder-muskler.md,metoder til hypertrofi →,/hypertrofi-metoder/
_posts/2020-06-29-maend-kvinder-muskler.md,1RM (One Rep Max) →,/rm-beregner/
_posts/2019-11-01-stofskifteberegner-pal.md,energibehov,/bmr-beregner/
_posts/2019-11-01-stofskifteberegner-pal.md,hovedkomponenter i stofskiftet,/stofskifte/
_posts/2019-11-01-stofskifteberegner-pal.md,MET-værdier,/met/
_posts/2019-11-01-stofskifteberegner-pal.md,din beregning af dit hvilestofskifte,/bmr-beregner/
_posts/2019-11-01-stofskifteberegner-pal.md,avancerede TEE-beregner,/ligevaegtsindtag-beregner/
_posts/2019-11-01-stofskifteberegner-pal.md,Find dit faktiske energibehov med vores beregner,/ligevaegtsindtag-beregner/
_posts/2019-11-01-stofskifteberegner-pal.md,beregning af hvilestofskiftet,/bmr-beregner/
_posts/2019-11-01-stofskifteberegner-pal.md,hvilestofskiftet og basalstofskiftet,/bmr-beregner/
_posts/2019-11-01-stofskifteberegner-pal.md,Avanceret stofskifte beregner,/ligevaegtsindtag-beregner/
_posts/2022-11-01-skadesbehandling.md,okklusionstræning,/introduktion-okklusionstraening/
_posts/2022-11-01-skadesbehandling.md,kredsløbstræning,/konditionstraening/
_posts/2020-08-16-loebeteknik.md,løbeøkonomi,/lobeokonomi/
_posts/2020-08-16-loebeteknik.md,løbeskader,/artikel/loebeskader-loebe-uden-skader/
_posts/2020-01-17-test-jump-reach.md,Sargent Jump Test,/sargent-jump-test/
_posts/2020-01-17-test-jump-reach.md,CMJ & Squat Jump,/countermovement-jump-cmj-squat-jump-sj/
_posts/2020-01-17-test-jump-reach.md,Oversigt over alle springtests,/springtests-hoppehoejde/
_posts/2020-01-17-test-jump-reach.md,springstyrke og springtræning,/springtraening/
_posts/2025-04-14-phat.md,træningsprogram til styrke,/styrketraeningsprogrammer/
_posts/2025-04-14-phat.md,upper-lower split,/2-split-upper-lower/
_posts/2025-04-14-phat.md,push-pull-legs-split,/3-split-push-pull/
_posts/2025-04-14-phat.md,Liftosaur-appen,/liftosaur/
_posts/2009-05-18-hvordan-opbygger-jeg-et-splitprogram.md,fuldkropsprogram,/styrketraening/helkropsprogrammer/
_posts/2009-05-18-hvordan-opbygger-jeg-et-splitprogram.md,en komplet guide her,/traeningsprogram-programlaegning-styrketraening/
_posts/2009-05-18-hvordan-opbygger-jeg-et-splitprogram.md,oversigt over styrketræningsprogrammer,/styrketraeningsprogrammer/
_posts/2009-05-18-hvordan-opbygger-jeg-et-splitprogram.md,type styrketræningsprogram,/styrketraeningsprogrammer/
_posts/2009-05-18-hvordan-opbygger-jeg-et-splitprogram.md,fullbody-programmer,/styrketraening/helkropsprogrammer/
_posts/2009-05-18-hvordan-opbygger-jeg-et-splitprogram.md,2-split,/2-split-push-pull/
_posts/2009-05-18-hvordan-opbygger-jeg-et-splitprogram.md,3-split,/3-split-push-pull/
_posts/2009-05-18-hvordan-opbygger-jeg-et-splitprogram.md,2-split program træk og pres,/2-split-push-pull/
_posts/2009-05-18-hvordan-opbygger-jeg-et-splitprogram.md,2-split træningsprogram med overkrop og underkrop,/2-split-push-pull/
_posts/2009-05-18-hvordan-opbygger-jeg-et-splitprogram.md,3-split træningsprogram,/3-split-push-pull/
_posts/2009-05-18-hvordan-opbygger-jeg-et-splitprogram.md,hvordan du vælger mellem helkropsprogram og splitprogrammer her,/vaelg-traeningsprogram/
_posts/2025-03-26-deadlift-mechanics.md,Dødløft teknik,/doedloeft/
_posts/2025-03-26-deadlift-mechanics.md,indlæg om biomekanik,/biomekanik/
_posts/2020-08-26-maffetone-training.md,aerobt energisystem,/aerob-traening/
_posts/2020-08-26-maffetone-training.md,aerobe tærskel (LT1),/aerobe-taerskel/
_posts/2021-11-15-reactive-strength-index.md,Dynamic Strength Index eller _dynamic strength deficit_,/dynamic-strength-index-dsi/
_posts/2021-11-15-reactive-strength-index.md,plyometrisk arbejde og træning,/plyometrisk-traening/
_posts/2021-11-15-reactive-strength-index.md,Counter Movement Jump,/countermovement-jump-cmj-squat-jump-sj/
_posts/2020-08-11-kosttilskud-proteinpulver.md,udregne dit eget proteinbehov i vores beregner,/dagligt-protein-indtagelse/
_posts/2020-08-11-kosttilskud-proteinpulver.md,fødevarer der har et højt proteinindhold,/protein-i-madvarer/
_posts/2020-08-11-kosttilskud-proteinpulver.md,åbent vindue,/artikel/aabne-vindue-og-anabolic-window/
_posts/2020-08-11-kosttilskud-proteinpulver.md,Hvordan får du billigst opfyldt dit proteinbehov?,/billig-protein/
_posts/2020-08-11-kosttilskud-proteinpulver.md,onlinebutikker her,/koeb-kosttilskud-online/
_posts/2020-06-25-steps.md,hvor langt et skridt er,/skridtlaengde-gang/
_posts/2020-06-25-steps.md,beregner til hvor langt et skridt er eller mål det selv,/skridtlaengde-gang/
_posts/2020-06-25-steps.md,Blodtrykket,/blodtryk/
_posts/2020-06-25-steps.md,Hvor lang tid tager det at gå?,/tid-at-gaa/
_posts/2020-06-25-steps.md,regne dit gennemsnitstempo i vores hastighedsberegner,/hastighed/
_posts/2020-06-25-steps.md,kondition,/kondital/
_posts/2020-06-25-steps.md,kalorieforbrænding ved gang,/forbraending-ved-gaa-gang/
_posts/2020-06-25-steps.md,skridtomregner,/omregn-motion-aktivitet-sport-til-skridt/
_posts/2020-06-25-steps.md,Tæl Skridt-kampagnen,/artikel/tael-skridt/
_posts/2020-06-25-steps.md,kalorieforbrænding ved gang,/forbraending-ved-gaa-gang/
_posts/2022-02-08-kosttilskud-online.md,hvilke kosttilskud der virker?,/kosttilskud/
_posts/2026-08-10-dos.md,Læs om Træningsafhængighed & Ortoreksi og prøv vores samlede selvtests her →,/traeningsafhaengighed-ortoreksi/
_posts/2020-05-31-tilpasning-konditionstraening.md,konditionstræning og kredsløbstræning,/konditionstraening/
_posts/2020-05-31-tilpasning-konditionstraening.md,Kondition,/kondition/
_posts/2020-05-31-tilpasning-konditionstraening.md,konditallet,/kondital/
_posts/2020-05-31-tilpasning-konditionstraening.md,Hvilepulsen,/hvilepuls/
_posts/2020-05-31-tilpasning-konditionstraening.md,hvordan du tester dit kondital med og uden udstyr,/kondition/tests/
_posts/2020-05-31-tilpasning-konditionstraening.md,hvad et godt kondital er,/kondital/
_posts/2020-05-31-tilpasning-konditionstraening.md,fysiologiske tilpasninger til styrketræning,/fysiologiske-tilpasninger/
_posts/2021-08-16-saadan-vaelger-program.md,katalog over gratis styrketræningsprogrammer,/styrketraeningsprogrammer/
_posts/2021-08-16-saadan-vaelger-program.md,liste over træningsprogrammer,/traeningsprogrammer/
_posts/2021-08-16-saadan-vaelger-program.md,Minimum Effective Volume (MEV),/minimum-effective-volume/
_posts/2021-08-16-saadan-vaelger-program.md,nuværende træningserfaring,/styrketraening/periodisering/
_posts/2021-08-16-saadan-vaelger-program.md,helkropsprogram,/styrketraening/helkropsprogrammer/
_posts/2021-08-16-saadan-vaelger-program.md,2-split eller 3-split programmer,/styrketraening/split-programmer/
_posts/2021-08-16-saadan-vaelger-program.md,Se eksempler på Fullbody-programmer →,/styrketraening/helkropsprogrammer/
_posts/2021-08-16-saadan-vaelger-program.md,Se eksempler på 2-Split programmer →,/styrketraening/split-programmer/
_posts/2021-08-16-saadan-vaelger-program.md,Jakob Beermans Stærk-program,/artikel/staerk-traeningsprogram/
_posts/2021-08-16-saadan-vaelger-program.md,gratis styrketræningsprogrammer,/styrketraeningsprogrammer/
_posts/2021-08-16-saadan-vaelger-program.md,komplette guide til hjemmetræning,/hjemmetraening-traeningsprogram/
_posts/2021-08-16-saadan-vaelger-program.md,Fullbody-program,/styrketraening/helkropsprogrammer/
_posts/2021-08-16-saadan-vaelger-program.md,2-split eller 3-split,/styrketraening/split-programmer/
_posts/2021-08-16-saadan-vaelger-program.md,populære styrketræningsprogrammer,/styrketraeningsprogrammer/
_posts/2021-12-19-krop-rumfang.md,kropskomposition,/kropskomposition/
_posts/2021-12-19-krop-rumfang.md,muskler vejer mere end fedt i forhold til rumfang,/vejer-muskler-mere-end-fedt/
_posts/2021-12-19-krop-rumfang.md,fedtprocent beregnes,/maal-fedtprocent/
_posts/2021-12-19-krop-rumfang.md,Kroppens overfladeareal (BSA),/kroppens-overfladeareal/
_posts/2021-12-19-krop-rumfang.md,Udregn kroppens rumfang i vand,/vand-i-kroppen/
_posts/2021-12-19-krop-rumfang.md,Muskelmasse beregner,/muskelmasse-beregner/
_posts/2021-12-19-krop-rumfang.md,Idealvægt beregner,/idealvaegt/
_posts/2021-11-15-plyometrisk-traening.md,reactive strength index (RSI),/reactive-strength-index-rsi/
_posts/2025-01-13-traeningsprogram-politi-udstyr.md,Træningsprogram til politiets fysiske test derhjemme,/politi-traeningsprogram/
_posts/2025-01-13-traeningsprogram-politi-udstyr.md,Politiets fysiske test - krav og forberedelse,/politiets-fysiske-tests-krav-optagelsesproeve/
_posts/2025-01-13-traeningsprogram-politi-udstyr.md,Liftosaur-appen,/liftosaur/
_posts/2025-01-13-traeningsprogram-politi-udstyr.md,Oversigt over træning til politiets fysiske test,/politiets-fysiske-tests-krav-optagelsesproeve/
_posts/2025-01-13-traeningsprogram-politi-udstyr.md,Træningsprogram til politiets fysiske test derhjemme,/politi-traeningsprogram/
_posts/2025-01-13-traeningsprogram-politi-udstyr.md,Guide til politiets optagelsesprøve,/politiets-optagelsesproeve/
_posts/2021-07-30-kalorieberegner.md,kalorier,/hvad-er-kalorier/
_posts/2021-07-30-kalorieberegner.md,avancerede stofskifteberegner,/ligevaegtsindtag-beregner/
_posts/2021-07-30-kalorieberegner.md,hvad kalorier er,/hvad-er-kalorier/
_posts/2021-07-30-kalorieberegner.md,BMI-beregner og skema,/bmi/
_posts/2021-07-30-kalorieberegner.md,idealvægt for mænd og kvinder,/idealvaegt/
_posts/2021-07-30-kalorieberegner.md,"ligevægtsindtag, energibehov eller energiforbrug",/ligevaegtsindtag-beregner/
_posts/2021-07-30-kalorieberegner.md,generelle formler for hvilestofskiftet og basalstofskiftet,/hvilestofskiftet-formler/
_posts/2021-07-30-kalorieberegner.md,beregne dit stofskifte,/hvordan-beregne-dagligt-energibehov/
_posts/2021-07-30-kalorieberegner.md,Beregn BMR her,/bmr-beregner/
_posts/2021-07-30-kalorieberegner.md,Beregn TDEE og ligevægtsindtag,/ligevaegtsindtag-beregner/
_posts/2021-07-30-kalorieberegner.md,guide til stofskiftet,/stofskifte/
_posts/2021-07-30-kalorieberegner.md,forskellige kalorietabeller,/kalorietabellen/
_posts/2021-07-30-kalorieberegner.md,hvor mange kalorier der er i fx bananer,/kalorietabel-frugt/
_posts/2021-07-30-kalorieberegner.md,bedste kalorietæller apps,/kalorietaeller-apps/
_posts/2021-07-30-kalorieberegner.md,hvor meget energi du forbrænder ved en aktivitet,/met/
_posts/2021-07-30-kalorieberegner.md,MET-beregneren,/met-beregner/
_posts/2021-07-30-kalorieberegner.md,omregne fra kJ til kcal,/kj-kcal-omregner/
_posts/2021-07-30-kalorieberegner.md,TDEE-beregneren,/ligevaegtsindtag-beregner/
_posts/2021-07-30-kalorieberegner.md,kostberegnerne,/kalorietaeller-apps/
_posts/2021-07-30-kalorieberegner.md,MET-beregneren,/met-beregner/
_posts/2024-07-27-vvo2max-olher.md,maksimale iltoptagelse,/maksimale-iltoptagelse-vo2max/
_posts/2024-07-27-vvo2max-olher.md,samlede guide til VO2max og beregning,/maksimale-iltoptagelse-vo2max/
_posts/2024-07-27-vvo2max-olher.md,find dit kondital i vores tabeller,/kondital/
_posts/2024-07-27-vvo2max-olher.md,Billats udregner,/billat-vvovmax-tlimvo2max/
_posts/2024-07-27-vvo2max-olher.md,Borg-skalaen,/borg-skala/
_posts/2024-07-27-vvo2max-olher.md,Intervals.icu,/intervals-icu-begynderguide/
_posts/2024-07-27-vvo2max-olher.md,udregne din maxpuls her,/max-puls-beregner/
_posts/2024-07-27-vvo2max-olher.md,guide til puls,/puls/
_posts/2024-07-27-vvo2max-olher.md,hvordan du kan bruge pulstræning,/pulstraening/
_posts/2022-10-11-styrketraening-til-loeb.md,kombinerer styrketræning og løb,/artikel/bedste-kombination-af-loeb-og-styrketraening/
_posts/2022-10-11-styrketraening-til-loeb.md,guide til løbetræning,/loebesiden/
_posts/2022-10-11-styrketraening-til-loeb.md,Definitionen på løbeøkonomi,/lobeokonomi/
_posts/2022-10-11-styrketraening-til-loeb.md,Defintionen på den anaerobe tærskel,/anaerobe-taerskel/
_posts/2022-10-11-styrketraening-til-loeb.md,kondital,/kondital/
_posts/2022-10-11-styrketraening-til-loeb.md,bip-test,/bip-test/
_posts/2022-10-11-styrketraening-til-loeb.md,guide til at blive en bedre løber,/bedre-loeber/
_posts/2019-10-28-hrv.md,restitution,/restitution/
_posts/2019-10-28-hrv.md,restitution,/restitution/
_posts/2019-10-28-hrv.md,åndedrætstræning,/aandedraetstraening-forbedrer-udholdenheden/
_posts/2019-10-28-hrv.md,stressniveau,/stress-test/
_posts/2021-11-12-smtq.md,SCAT Konkurrencenervøsitet,/scat-konkurrencenervoesitet/
_posts/2021-11-12-smtq.md,SMS-II Træningsmotivation,/sms-2-traeningsmotivation/
_posts/2021-11-12-smtq.md,WHO-5 Trivselsindeks,/who5-trivselindekset/
_posts/2022-01-18-traeningsprincipper.md,styrketræning,/styrketraening/
_posts/2022-01-18-traeningsprincipper.md,konditionstræning,/konditionstraening/
_posts/2022-01-18-traeningsprincipper.md,løbetræning,/loebesiden/
_posts/2022-01-18-traeningsprincipper.md,fitness app,/fitness-apps/
_posts/2022-01-18-traeningsprincipper.md,træningsdagbog og træningslog,/traeningsdagbog-app/
_posts/2022-01-18-traeningsprincipper.md,progressionsmodeller til styrketræning,/progressionsmodeller-progressivt-overload/
_posts/2022-01-18-traeningsprincipper.md,progression i løb,/progression-loeb/
_posts/2022-01-18-traeningsprincipper.md,muskelfibertypesammensætning,/muskelfibertyper/
_posts/2022-01-18-traeningsprincipper.md,teknik i styrketræning,/rigtig-teknik-styrketraening/
_posts/2022-01-18-traeningsprincipper.md,løbeteknik,/loebeteknik/
_posts/2022-01-18-traeningsprincipper.md,hvor hurtigt mister man styrke og muskelmasse,/atrofi-muskelmasse-muskelstyrke/
_posts/2022-01-18-traeningsprincipper.md,hvor hurtigt man mister sin kondition,/hvor-hurtigt-mister-form-kondition/
_posts/2022-01-18-traeningsprincipper.md,træningsprogrammer til styrketræning,/styrketraeningsprogrammer/
_posts/2022-01-18-traeningsprincipper.md,Starting Strength,/starting-strength-styrketraeningsprogram/
_posts/2022-01-18-traeningsprincipper.md,løbeprogrammer,/loebeprogrammer/
_posts/2022-01-18-traeningsprincipper.md,træningslære for styrketræning,/styrketraening/traeningslaere/
_posts/2022-01-18-traeningsprincipper.md,træningsprincipper i løbetræning,/traeningsprincipper-loeb/
_posts/2022-05-03-bai-body-adiposity-index.md,BMI,/bmi/
_posts/2022-05-03-bai-body-adiposity-index.md,"taljemål, talje-højde-ratio og talje-hofte-ratio",/taljemaal/
_posts/2022-05-03-bai-body-adiposity-index.md,beregne sin fedtprocent på,/artikel/udregning-af-fedtprocent/
_posts/2022-05-03-bai-body-adiposity-index.md,normer for fedtprocent for mænd og kvinder,/fedtprocent-normer/
_posts/2022-05-03-bai-body-adiposity-index.md,måling af fedtprocent,/maal-fedtprocent/
_posts/2026-08-24-kondital-mk.md,Andersen-test,/andersen-test/
_posts/2026-08-24-kondital-mk.md,Cooper-test,/cooper-test/
_posts/2026-08-24-kondital-mk.md,kondital,/kondital/
_posts/2026-08-24-kondital-mk.md,forskellige konditionstests,/kondition/tests/
_posts/2026-08-24-kondital-mk.md,Andersen-testen,/andersen-test/
_posts/2026-08-24-kondital-mk.md,Cooper-testen,/cooper-test/
_posts/2026-08-24-kondital-mk.md,Åstrand cykeltesten,/astrand-test/
_posts/2026-08-24-kondital-mk.md,2000m rotest,/kondital-roning/
_posts/2026-08-24-kondital-mk.md,trappetest i roning,/roning-trappetest/
_posts/2026-08-24-kondital-mk.md,Andersen-test,/andersen-test/
_posts/2026-08-24-kondital-mk.md,Cooper-test,/cooper-test/
_posts/2026-08-24-kondital-mk.md,Åstrand test,/topunktstest/
_posts/2026-08-24-kondital-mk.md,2000m Rotest,/kondital-roning/
_posts/2021-11-12-atq.md,WHO-5 Trivselsindeks,/who5-trivselindekset/
_posts/2021-11-12-atq.md,PHQ-9 Depressionstest,/phq-9-depression-test/
_posts/2021-11-12-atq.md,Anerkendt Stresstest (PSS-10),/stress-test/
_posts/2022-05-31-fysisk-traening.md,fysiologien påvirker kroppen,/fysiologi/
_posts/2022-05-31-fysisk-traening.md,anatomien virker,/anatomi/
_posts/2022-05-31-fysisk-traening.md,præstationsoptimering i forbindelse med idræt,/traeningslaere/
_posts/2022-05-31-fysisk-traening.md,Opvarmning før træning og sport,/opvarmning/
_posts/2022-05-31-fysisk-traening.md,Alt om konditionstræning og kredsløbstræning,/konditionstraening/
_posts/2022-05-31-fysisk-traening.md,5 forslag til aerob træning,/aerob-traening/
_posts/2022-05-31-fysisk-traening.md,Komplet guide til anaerob træning,/anaerob-traening/
_posts/2022-05-31-fysisk-traening.md,Alt om muskeltræning,/muskeltraening/
_posts/2022-05-31-fysisk-traening.md,4 trin til at lave plyometrisk træning,/plyometrisk-traening/
_posts/2022-05-31-fysisk-traening.md,Guide til udstrækningsøvelser og strækøvelser,/udstraekning-udspaending/
_posts/2022-05-31-fysisk-traening.md,forbedre din balance,/balance/
_posts/2022-05-31-fysisk-traening.md,Balancetræning - effektiv træning af din balance,/balancetraening/
_posts/2022-05-31-fysisk-traening.md,restitutionstiden,/restitution/
_posts/2022-05-31-fysisk-traening.md,muskelømhed og DOMS,/omme-muskler-efter-traening/
_posts/2022-05-31-fysisk-traening.md,Virker nedvarmning og afjogging på restitutionen?,/nedvarmning-som-restitutionsaktivitet/
_posts/2022-05-31-fysisk-traening.md,Forebyggelse af skader: Hvad er medst effektivt?,/artikel/kan-styrketraening-forebygge-skader/
_posts/2022-05-31-fysisk-traening.md,Komplet guide til restitution,/restitution/
_posts/2022-08-20-restitutionspuls.md,maxpuls,/test-max-puls/
_posts/2022-08-20-restitutionspuls.md,søvn,/soevn/
_posts/2022-08-20-restitutionspuls.md,overtræning,/restitution/
_posts/2022-08-20-restitutionspuls.md,intervaltræning,/intervaltraening/
_posts/2022-08-20-restitutionspuls.md,lavere hvilepuls,/hvilepuls/
_posts/2020-08-21-omme-muskler.md,mælkesyre hverken forårsager træthed eller ømhed,/maelkesyre-traening/
_posts/2020-08-21-omme-muskler.md,træningspas med okklusionstræning,/introduktion-okklusionstraening/
_posts/2020-08-21-omme-muskler.md,excentrisk komponent,/koncentrisk-excentrisk-isometrisk/
_posts/2020-08-21-omme-muskler.md,excentrisk træning,/excentrisk-traening/
_posts/2020-08-21-omme-muskler.md,sportsgrene og idrætsgrene,/sportsgrene-liste/
_posts/2020-08-21-omme-muskler.md,restitutionstid hurtigere,/restitution/
_posts/2020-08-21-omme-muskler.md,mælkesyren,/maelkesyre-traening/
_posts/2020-08-21-omme-muskler.md,restitution,/restitution/
_posts/2020-08-24-fedtforbraeningszonen.md,den respiratoriske udvekslingskvotient,/respiratoriske-metaboliske-udvekslingskvotient/
_posts/2020-08-24-fedtforbraeningszonen.md,kalorier når du løber end når du går,/loeb-mere-energi-gang/
_posts/2020-08-24-fedtforbraeningszonen.md,maksimale iltoptagelse,/maksimale-iltoptagelse-vo2max/
_posts/2020-08-24-fedtforbraeningszonen.md,respiratoriske udvekslingskvotient,/respiratoriske-metaboliske-udvekslingskvotient/
_posts/2020-08-24-fedtforbraeningszonen.md,om kontinuerlig træning eller intervaltræning er mest effektivt for fedtforbrændingen,/artikel/er-kontinuerlig-traening-eller-intervaltraening-bedst-for-fedtforbraendningen/
_posts/2020-08-24-fedtforbraeningszonen.md,anaerobe tærskel,/anaerobe-taerskel/
_posts/2020-08-24-fedtforbraeningszonen.md,energisystem,/energisystemer/
_posts/2020-08-24-fedtforbraeningszonen.md,respiratoriske udvekslingskvotient,/respiratoriske-metaboliske-udvekslingskvotient/
_posts/2020-08-24-fedtforbraeningszonen.md,maksimale iltoptagelse,/maksimale-iltoptagelse-vo2max/
_posts/2020-08-24-fedtforbraeningszonen.md,FATmax – Find din maksimale fedtforbrænding,/fatmax/
_posts/2020-08-24-fedtforbraeningszonen.md,Zone 2-træning – Det ultimative fundament for din kondition,/zone-2-traening/
_posts/2020-06-16-vand-i-kroppen.md,fedtprocent typisk stiger med alderen,/fedtprocent-normer/
_posts/2020-06-16-vand-i-kroppen.md,bioimpedans-analyse,/bioimpedans-maaling/
_posts/2020-06-16-vand-i-kroppen.md,gennemsnitshøjde i Danmark,/hvad-er-gennemsnitshoejden-i-danmark/
_posts/2020-06-16-vand-i-kroppen.md,bioimpedans-måling,/bioimpedans-maaling/
_posts/2020-06-16-vand-i-kroppen.md,Hvor meget vand skal du drikke om dagen?,/hvor-meget-vand-skal-man-drikke-om-dagen/
_posts/2022-02-20-muskelmasse.md,kropskomposition,/kropskomposition/
_posts/2022-02-20-muskelmasse.md,kropskomposition,/kropskomposition/
_posts/2022-02-20-muskelmasse.md,Taljemål,/taljemaal/
_posts/2022-02-20-muskelmasse.md,måle fedtprocent,/maal-fedtprocent/
_posts/2022-02-20-muskelmasse.md,kropskomposition,/kropskomposition/
_posts/2022-02-20-muskelmasse.md,måle fedtprocent,/maal-fedtprocent/
_posts/2022-02-20-muskelmasse.md,de bedste metoder til hypertrofi,/hypertrofi-metoder/
_posts/2022-02-20-muskelmasse.md,hvordan muskler vokser,/hvordan-vokser-muskler/
_posts/2022-02-20-muskelmasse.md,hvor hurtigt muskler vokser,/hvor-hurtigt-vokser-muskler/
_posts/2021-11-10-stress.md,PHQ-9 depressionstest,/phq-9-depression-test/
_posts/2021-11-10-stress.md,WHO-5 skema for trivsel,/who5-trivselindekset/
_posts/2021-11-10-stress.md,PHQ-9 Depressionstest,/phq-9-depression-test/
_posts/2025-04-14-phul.md,upper-lower split,/2-split-upper-lower/
_posts/2025-04-14-phul.md,Liftosaur-appen,/liftosaur/
_posts/2020-01-17-test-jump-cmj-sj-abalakov.md,Squat Jump,/squat-jump-test/
_posts/2020-01-17-test-jump-cmj-sj-abalakov.md,springtræning,/springtraening/
_posts/2020-01-17-test-jump-cmj-sj-abalakov.md,guide til måling af hoppehøjde,/springtests-hoppehoejde/
_posts/2020-01-17-test-jump-cmj-sj-abalakov.md,Jump & Reach Test,/jump-reach/
_posts/2020-01-17-test-jump-cmj-sj-abalakov.md,Sargent Jump Test,/sargent-jump-test/
_posts/2022-11-22-kreatin.md,energisystemerne og aerob og anaerob arbejde,/energisystemer/
_posts/2022-11-22-kreatin.md,hvordan en muskel trækker sig sammen,/muskelsammentraekning/
_posts/2022-11-22-kreatin.md,indtager koffein før din træning,/koffein/
_posts/2022-11-22-kreatin.md,hvordan du skaber muskelvækst,/hvordan-vokser-muskler/
_posts/2022-11-22-kreatin.md,online fitnessbutikker,/fitnessbutikker/
_posts/2020-07-08-virker-udspaending.md,smidighedstræning,/smidighedstraening/
_posts/2020-07-08-virker-udspaending.md,smidighedstræning,/smidighedstraening/
_posts/2020-07-08-virker-udspaending.md,katalog med 22+ udstrækningsøvelser her,/udstraekning-udspaending/
_posts/2020-07-08-virker-udspaending.md,musklerne,/muskler/
_posts/2020-07-08-virker-udspaending.md,muskelømhed og ømme muskler efter træning,/omme-muskler-efter-traening/
_posts/2020-07-08-virker-udspaending.md,Rate of Force Development – RFD,/rate-of-force-development/
_posts/2020-07-08-virker-udspaending.md,"PNF-udstrækning, Hold-Relax og reflekser her »",/pnf-udstraekning/
_posts/2020-07-08-virker-udspaending.md,muskelømhed,/omme-muskler-efter-traening/
_posts/2020-07-08-virker-udspaending.md,Læs vores komplette sammenligning af dynamisk og statisk udstrækning her »,/dynamisk-og-statisk-udstraekning/
_posts/2020-07-08-virker-udspaending.md,Se vores komplette øvelseskatalog med 22+ udstrækningsøvelser her »,/udstraekning-udspaending/
_posts/2024-10-18-liftosaur.md,god træningslog,/traeningsdagbog-app/
_posts/2024-10-18-liftosaur.md,samlede oversigt over de bedste træningsdagbog-apps til styrke og kondition,/traeningsdagbog-app/
_posts/2024-10-18-liftosaur.md,Hvad er RPE i styrketræning?,/rpe/
_posts/2024-10-18-liftosaur.md,Alt om 1 RM med beregner,/rm-beregner/
_posts/2024-10-18-liftosaur.md,gennemgang af RPE,/rpe/
_posts/2021-08-24-loeberuter-ruteomaalere.md,løbeværktøjer og beregnere til løb,/loebesiden/
_posts/2019-08-10-bulletproof-athlete-R7.md,RAMP-model,/ramp-opvarmning/
_posts/2019-08-10-bulletproof-athlete-R7.md,McGill Big 3,/mcgill-big-3/
_posts/2019-08-10-bulletproof-athlete-R7.md,muskelmasse,/muskelmasse-beregner/
_posts/2026-07-28-zone-2.md,aerobe tærskel (LT1 / VT1),/aerobe-taerskel/
_posts/2026-07-28-zone-2.md,FatMax,/fatmax/
_posts/2026-07-28-zone-2.md,aerobe tærskel,/aerobe-taerskel/
_posts/2026-07-28-zone-2.md,Se vores komplette guide og interaktive matrix for alle træningszoner her,/traeningszoner/
_posts/2026-07-28-zone-2.md,Læs alt om Borg-skalaen og Snakketesten her,/borg-skala/
_posts/2026-07-28-zone-2.md,Brug vores online pulszone-beregner med Karvonen-formlen her,/pulszoner-beregner/
_posts/2026-07-28-zone-2.md,Maffetone-metoden,/maffetone-metoden/
_posts/2026-07-28-zone-2.md,Laktatmåling,/laktattest/
_posts/2026-07-28-zone-2.md,spirometritest i et laboratorium,/iltoptagelse-laboratorietest/
_posts/2026-07-28-zone-2.md,FatMax,/fatmax/
_posts/2026-07-28-zone-2.md,kredsløbsdrift,/cardiovascular-drift/
_posts/2026-07-28-zone-2.md,kredsløbsdrift (cardiovascular drift),/cardiovascular-drift/
_posts/2026-07-28-zone-2.md,FatMax og maksimal fedtforbrænding,/fatmax/
_posts/2023-01-11-ftp-test.md,watt- og træningszoner,/ftp-cykling/
_posts/2023-01-11-ftp-test.md,Læs vores komplette guide til FTP i cykling →,/ftp-cykling/
_posts/2023-01-11-ftp-test.md,cykeltests,/tests/cykling/
_posts/2023-01-11-ftp-test.md,Læs vores dybdegående guide til laktattesten her →,/laktattest/
_posts/2023-01-11-ftp-test.md,MyWhoosh Cycling app,/mywhoosh-cycling/
_posts/2023-01-11-ftp-test.md,"ramp-test, du selv kan lave",/trappetest-cykel/
_posts/2023-01-11-ftp-test.md,Alt om watt-max testen og dens pålidelighed,/kondital-wattmax/
_posts/2023-01-11-ftp-test.md,laboratorietest med laktatmåling,/laktattest/
_posts/2023-01-11-ftp-test.md,cykeltest i laboratoriet,/iltoptagelsestest-cykel/
_posts/2023-01-11-ftp-test.md,udregne træningszoner ud fra FTP,/ftp-cykling/
_posts/2023-01-11-ftp-test.md,træning efter puls,/pulstraening/
_posts/2023-01-11-ftp-test.md,udregning af pulszoner,/pulszoner-beregner/
_posts/2023-01-11-ftp-test.md,Borgs anstrengelsesskala,/borg-skala/
_posts/2020-06-19-styrketraening-fysiologisk.md,okklusionstræning,/introduktion-okklusionstraening/
_posts/2020-06-19-styrketraening-fysiologisk.md,1RM,/rm-beregner/
_posts/2020-06-19-styrketraening-fysiologisk.md,hvordan muskler vokser,/hvordan-vokser-muskler/
_posts/2020-06-19-styrketraening-fysiologisk.md,lignende forsøg med bevægelsesøkonomi i løb,/lobeokonomi/
_posts/2020-06-19-styrketraening-fysiologisk.md,hvordan muskler vokser,/hvordan-vokser-muskler/
_posts/2020-06-19-styrketraening-fysiologisk.md,de fysiologiske tilpasningerne til konditionstræning,/tilpasning-konditionstraening/
_posts/2020-05-28-restitutionsloeb.md,restitutionstræning,/restitutionstraening/
_posts/2020-05-28-restitutionsloeb.md,restitutionsprocesser,/restitution/
_posts/2020-05-28-restitutionsloeb.md,pulsreserve,/pulsreserve/
_posts/2020-05-28-restitutionsloeb.md,morgenhvilepuls,/hvilepuls/
_posts/2020-05-28-restitutionsloeb.md,løbeprogram,/loebeprogrammer/
_posts/2020-05-28-restitutionsloeb.md,søvnkvaliteten,/soevn-optimering/
_posts/2020-05-28-restitutionsloeb.md,hvilepuls,/hvilepuls/
_posts/2020-05-28-restitutionsloeb.md,muskelømhed (DOMS),/omme-muskler-efter-traening/
_posts/2020-05-28-restitutionsloeb.md,restitutionstræning,/restitutionstraening/
_posts/2019-11-01-stofskifte-ligevaegtsberegner.md,Se vores overblik over kalorietæller-apps,/kalorietaeller-apps/
_posts/2019-11-01-stofskifte-ligevaegtsberegner.md,hvilestofskifte (BMR),/bmr-beregner/
_posts/2019-11-01-stofskifte-ligevaegtsberegner.md,PAL-faktor,/beregner/pal/
_posts/2019-11-01-stofskifte-ligevaegtsberegner.md,BMR-beregner ud fra fedtfri masse (FFM),/bmr-beregner-ffm/
_posts/2019-11-01-stofskifte-ligevaegtsberegner.md,fysiologien bag stofskiftet her,/stofskifte/
_posts/2019-11-01-stofskifte-ligevaegtsberegner.md,formler for hvilestofskiftet,/hvilestofskiftet-formler/
_posts/2019-11-01-stofskifte-ligevaegtsberegner.md,hvordan PAL og MET-værdier udregnes i vores specialartikel om PAL,/beregner/pal/
_posts/2019-11-01-stofskifte-ligevaegtsberegner.md,idealvægt for mænd og kvinder,/idealvaegt/
_posts/2019-11-01-stofskifte-ligevaegtsberegner.md,BMI for mænd og kvinder,/bmi/
_posts/2019-11-01-stofskifte-ligevaegtsberegner.md,Energifordeling- og Makro-beregner,/beregner/energifordeling/
_posts/2019-11-01-stofskifte-ligevaegtsberegner.md,hvad kalorier egentlig er,/hvad-er-kalorier/
_posts/2019-11-01-stofskifte-ligevaegtsberegner.md,formlerne for hvilestofskiftet,/hvilestofskiftet-formler/
_posts/2020-06-30-tallerkenmodellen.md,proteinbehovet pr. dag,/dagligt-protein-indtagelse/
_posts/2020-06-30-tallerkenmodellen.md,Hvor meget vand har man brug for?,/hvor-meget-vand-skal-man-drikke-om-dagen/
_posts/2020-06-30-tallerkenmodellen.md,"fedtenergiprocenten og udregne den i et andet indlæg, jeg har skrevet",/fedtenergiprocent/
_posts/2022-01-20-soevn-tracking.md,hvor meget man skal sove,/hvor-meget-skal-man-sove/
_posts/2022-01-20-soevn-tracking.md,forskellige søvnfaser,/soevn/
_posts/2022-01-20-soevn-tracking.md,Søvndagbog,/soevndagbog/
_posts/2022-01-20-soevn-tracking.md,Se eksempler på søvndagbog og søvnregistrering,/soevndagbog/
_posts/2022-01-20-soevn-tracking.md,optimere din søvn,/soevn-optimering/
_posts/2022-01-20-soevn-tracking.md,A eller B-menneske,/a-eller-b-menneske/
_posts/2022-01-20-soevn-tracking.md,hvornår du bør gå i seng og sove,/hvornaar-gaa-i-seng/
_posts/2022-08-30-sportsdrik.md,Glykæmiske index,/glykaemisk-indeks/
_posts/2022-08-30-sportsdrik.md,forholdet mellem fruktose og glukose her,/optimale-kulhydrat-forhold/
_posts/2020-06-02-max-hr.md,maxpuls-beregner,/max-puls-beregner/
_posts/2020-06-02-max-hr.md,maxpuls-beregner,/max-puls-beregner/
_posts/2020-06-02-max-hr.md,Gå til vores dedikerede maxpuls-beregner for dybdegående værktøjer,/max-puls-beregner/
_posts/2020-06-02-max-hr.md,laboratorietest af iltoptagelse,/iltoptagelse-laboratorietest/
_posts/2020-06-02-max-hr.md,Maxpuls-beregner,/max-puls-beregner/
_posts/2020-06-02-max-hr.md,Laboratorietest,/iltoptagelse-laboratorietest/
_posts/2020-06-02-max-hr.md,hvilepuls,/hvilepuls/
_posts/2020-06-02-max-hr.md,minutvolumen,/puls/
_posts/2020-06-02-max-hr.md,normal puls og hjertets rytme,/puls/
_posts/2020-06-02-max-hr.md,hvilepuls,/hvilepuls/
_posts/2020-06-02-max-hr.md,max-puls formler – hvilken er mest præcis?,/max-puls-formler/
_posts/2020-06-02-max-hr.md,Zone 2 træning,/zone-2-traening/
_posts/2020-06-02-max-hr.md,pulszoneberegner,/pulszoner-beregner/
_posts/2020-06-02-max-hr.md,hvilepuls,/hvilepuls/
_posts/2020-06-02-max-hr.md,kondital-beregner fra puls,/kondital-fra-puls/
_posts/2020-06-02-max-hr.md,maxpuls-beregner,/max-puls-beregner/
_posts/2020-09-03-sportsgrene.md,discgolf,/discgolf/
_posts/2020-09-03-sportsgrene.md,masser af skridt,/skridt-pr-km-10000/
_posts/2021-05-14-sidestik.md,åndedrætsøvelser og vejrtrækningsøvelser,/aandedraetstraening-forbedrer-udholdenheden/
_posts/2021-05-14-sidestik.md,øvelser fra De 5 tibetanere,/artikel/de-fem-tibetanere/
_posts/2021-05-14-sidestik.md,Solhilsen A og B,/artikel/solhilsen-a-b-surya-namaskar/
_posts/2021-05-14-sidestik.md,kropsstammen med coreøvelser,/core/
_posts/2021-01-30-okklusion-udstyr.md,Okklusionstræning,/introduktion-okklusionstraening/
_posts/2021-01-30-okklusion-udstyr.md,de bedste danske podcasts om træning,/bedste-fitness-traening-podcasts/
_posts/2021-01-30-okklusion-udstyr.md,begynderguiden til okklusionstræning,/introduktion-okklusionstraening/
_posts/2011-08-23-du-faar-ikke-sixpack-af-maverulninger.md,kropskomposition,/kropskomposition/
_posts/2011-08-23-du-faar-ikke-sixpack-af-maverulninger.md,fedtprocent,/maal-fedtprocent/
_posts/2011-08-23-du-faar-ikke-sixpack-af-maverulninger.md,tabe fedt på maven,/tab-fedt-paa-maven/
_posts/2011-08-23-du-faar-ikke-sixpack-af-maverulninger.md,måle din fedtprocent her,/maal-fedtprocent/
_posts/2011-08-23-du-faar-ikke-sixpack-af-maverulninger.md,punktforbrænding en myte,/tab-fedt-paa-maven/
_posts/2011-08-23-du-faar-ikke-sixpack-af-maverulninger.md,slankekur,/slankekur/
_posts/2011-08-23-du-faar-ikke-sixpack-af-maverulninger.md,"Hent den originale manual til ""Sixpack på 6 uger"" (PDF)",/assets/pdf/jacob-sc3b8ndergaard-sixpack-pc3a5-6-uger-manual-til-at-blive-skarp-og-veltrc3a6net-c3a5ret-rundt-2012.pdf
_posts/2011-08-23-du-faar-ikke-sixpack-af-maverulninger.md,kettlebells,/artikel/hvordan-traener-man-med-kettlebells/
_posts/2011-08-23-du-faar-ikke-sixpack-af-maverulninger.md,kropsvægt,/artikel/traening-med-kropsvaegt/
_posts/2011-08-23-du-faar-ikke-sixpack-af-maverulninger.md,Kettlebell Swings,/oevelse/tohaandssving/
_posts/2011-08-23-du-faar-ikke-sixpack-af-maverulninger.md,Turkish Get-Up,/oevelse/turkish-getup/
_posts/2011-08-23-du-faar-ikke-sixpack-af-maverulninger.md,Armstrækninger (Push-ups),/armbojninger-eller-armstraekninger-pushups/
_posts/2011-08-23-du-faar-ikke-sixpack-af-maverulninger.md,'Grease the Groove',/artikel/hvordan-laerer-jeg-tage-en-armstraekning/
_posts/2011-08-23-du-faar-ikke-sixpack-af-maverulninger.md,Kropshævninger (Pull-ups),/oevelse/pullup/
_posts/2011-08-23-du-faar-ikke-sixpack-af-maverulninger.md,fedtprocent,/maal-fedtprocent/
_posts/2011-08-23-du-faar-ikke-sixpack-af-maverulninger.md,Se den komplette guide og korrekte udførelse af McGill Big 3 her »,/mcgill-big-3/
_posts/2011-08-23-du-faar-ikke-sixpack-af-maverulninger.md,slankekur uden muskel-tab,/slankekur/
_posts/2011-08-23-du-faar-ikke-sixpack-af-maverulninger.md,McGill Big 3,/mcgill-big-3/
_posts/2021-08-23-opvarmning-ramp.md,grundlæggende guide til opvarmning,/opvarmning/
_posts/2021-08-23-opvarmning-ramp.md,Opvarmning til styrketræning,/opvarmning-styrketraening/
_posts/2021-08-23-opvarmning-ramp.md,Opvarmning til løb,/opvarmning-loeb/
_posts/2021-08-23-opvarmning-ramp.md,grundlæggende guide til opvarmning,/opvarmning/
_posts/2019-10-31-pulsreserve.md,maxpulsen,/test-max-puls/
_posts/2019-10-31-pulsreserve.md,hvilepulsen,/hvilepuls/
_posts/2019-10-31-pulsreserve.md,optimale pulszoner fra pulsreserven,/pulszoner-beregner/
_posts/2009-05-18-hvordan-opbygger-jeg-et-helkropsprogram.md,lave dit eget styrketræningsprogram,/programlaegning-styrketraening/
_posts/2009-05-18-hvordan-opbygger-jeg-et-helkropsprogram.md,en komplet guide her,/traeningsprogram-programlaegning-styrketraening/
_posts/2009-05-18-hvordan-opbygger-jeg-et-helkropsprogram.md,anmeldelser af styrketræningsprogrammer her,/styrketraeningsprogrammer/
_posts/2009-05-18-hvordan-opbygger-jeg-et-helkropsprogram.md,splitprogram,/styrketraening/split-programmer/
_posts/2009-05-18-hvordan-opbygger-jeg-et-helkropsprogram.md,2-splitprogram,/2-split-push-pull/
_posts/2009-05-18-hvordan-opbygger-jeg-et-helkropsprogram.md,3-splitprogram,/3-split-push-pull/
_posts/2009-05-18-hvordan-opbygger-jeg-et-helkropsprogram.md,dit eget niveau i styrketræning,/styrketraening/periodisering/
_posts/2009-05-18-hvordan-opbygger-jeg-et-helkropsprogram.md,vælger det rigtige styrketræningsprogram for dig,/vaelg-traeningsprogram/
_posts/2009-05-18-hvordan-opbygger-jeg-et-helkropsprogram.md,squat,/squat/
_posts/2009-05-18-hvordan-opbygger-jeg-et-helkropsprogram.md,lunges,/lunges/
_posts/2009-05-18-hvordan-opbygger-jeg-et-helkropsprogram.md,Se flere knædominerede øvelser,/knaedominante-oevelser/
_posts/2009-05-18-hvordan-opbygger-jeg-et-helkropsprogram.md,dødløft,/doedloeft/
_posts/2009-05-18-hvordan-opbygger-jeg-et-helkropsprogram.md,rumænsk dødløft,/oevelse/romanian-deadlift/
_posts/2009-05-18-hvordan-opbygger-jeg-et-helkropsprogram.md,se flere hoftedominante øvelser,/hoftedominante-oevelser/
_posts/2009-05-18-hvordan-opbygger-jeg-et-helkropsprogram.md,armstrækning,/armbojninger-eller-armstraekninger-pushups/
_posts/2009-05-18-hvordan-opbygger-jeg-et-helkropsprogram.md,dips,/oevelse/dips/
_posts/2009-05-18-hvordan-opbygger-jeg-et-helkropsprogram.md,arnold press,/oevelse/arnold-press/
_posts/2009-05-18-hvordan-opbygger-jeg-et-helkropsprogram.md,Se flere presøvelser,/presoevelser/
_posts/2009-05-18-hvordan-opbygger-jeg-et-helkropsprogram.md,pullups,/oevelse/pullup/
_posts/2009-05-18-hvordan-opbygger-jeg-et-helkropsprogram.md,rows,/rows/
_posts/2009-05-18-hvordan-opbygger-jeg-et-helkropsprogram.md,Se flere trækøvelser,/traekoevelser/
_posts/2009-05-18-hvordan-opbygger-jeg-et-helkropsprogram.md,farmer walk,/oevelse/farmerwalk/
_posts/2009-05-18-hvordan-opbygger-jeg-et-helkropsprogram.md,øvelser til loaded carries,/loaded-carries/
_posts/2009-05-18-hvordan-opbygger-jeg-et-helkropsprogram.md,russian twist,/oevelse/russian-twist/
_posts/2009-05-18-hvordan-opbygger-jeg-et-helkropsprogram.md,cykelmaveøvelse,/oevelse/cykelmaveoevelse/
_posts/2009-05-18-hvordan-opbygger-jeg-et-helkropsprogram.md,inch worm,/oevelse/inchworm/
_posts/2009-05-18-hvordan-opbygger-jeg-et-helkropsprogram.md,coreøvelser,/core/
_posts/2009-05-18-hvordan-opbygger-jeg-et-helkropsprogram.md,træningsøvelser,/traeningsoevelser/
_posts/2009-05-18-hvordan-opbygger-jeg-et-helkropsprogram.md,hvordan du kan dosere din styrketræning?,/traeningsprogram-programlaegning-styrketraening/
_posts/2009-05-18-hvordan-opbygger-jeg-et-helkropsprogram.md,daily undulating periodisering,/dup/
_posts/2009-05-18-hvordan-opbygger-jeg-et-helkropsprogram.md,Stærk-programmet,/artikel/staerk-traeningsprogram/
_posts/2009-05-18-hvordan-opbygger-jeg-et-helkropsprogram.md,supersæt,/guide-superset/
_posts/2009-05-18-hvordan-opbygger-jeg-et-helkropsprogram.md,bruge tiden effektivt i fitnesscenteret med supersæt,/guide-superset/
_posts/2009-05-18-hvordan-opbygger-jeg-et-helkropsprogram.md,komplette begynderguide til programlægning til styrketræning,/traeningsprogram-programlaegning-styrketraening/
_posts/2009-05-18-hvordan-opbygger-jeg-et-helkropsprogram.md,6 trin til at lave dit eget træningsprogram til styrketræning,/programlaegning-styrketraening/
_posts/2009-05-18-hvordan-opbygger-jeg-et-helkropsprogram.md,det kompakte helkropsprogram,/artikel/verdens-korteste-styrkeprogram/
_posts/2009-05-18-hvordan-opbygger-jeg-et-helkropsprogram.md,det avancerede helkropsprogram,/artikel/verdens-korteste-styrkeprogram/
_posts/2009-05-18-hvordan-opbygger-jeg-et-helkropsprogram.md,klassiske træningsprogrammer til styrke,/styrketraeningsprogrammer/
_posts/2009-05-18-hvordan-opbygger-jeg-et-helkropsprogram.md,Se flere helkropsprogrammer,/styrketraening/helkropsprogrammer/
_posts/2021-10-14-bkool-guide-begyndere.md,indendørs cykeltræning på hometrainer,/hometrainer-apps/
_posts/2021-10-14-bkool-guide-begyndere.md,samlede udstyrsguide,/udstyr-hometrainer-ecykling/
_posts/2021-10-14-bkool-guide-begyndere.md,Guide til det bedste hometrainer-udstyr og e-cykling,/udstyr-hometrainer-ecykling/
_posts/2021-10-14-bkool-guide-begyndere.md,Zwift,/komplet-begynderguide-zwift/
_posts/2021-10-14-bkool-guide-begyndere.md,Rouvy,/rouvy/
_posts/2021-10-14-bkool-guide-begyndere.md,MyWhoosh Cycling,/mywhoosh-cycling/
_posts/2021-10-14-bkool-guide-begyndere.md,Oversigt over Hometrainer Apps,/hometrainer-apps/
_posts/2025-03-03-step-test-aastrand-rhyming.md,YMCA 3-minutters steptest,/ymca-3-minutters-steptest/
_posts/2025-03-03-step-test-aastrand-rhyming.md,oversigt over steptests,/kondital-fra-steptest/
_posts/2020-09-12-vaner.md,målsætninger,/smart/
_posts/2020-09-12-vaner.md,"10.000 skridt, selvom de største sundhedseffekter formentlig allerede træder i kraft ved 7.500 skridt",/skridt-pr-km-10000/
_posts/2019-10-16-plate-beregner.md,styrketræning,/styrketraening/
_posts/2019-10-16-plate-beregner.md,styrkeløft,/styrkeloeft/
_posts/2019-10-16-plate-beregner.md,estimerede 1RM (One Rep Max),/rm-beregner/
_posts/2019-10-16-plate-beregner.md,styrketræningsprogrammer,/styrketraeningsprogrammer/
_posts/2019-10-16-plate-beregner.md,Wendler 5/3/1,/wendler-531-styrketraeningsprogram/
_posts/2019-10-16-plate-beregner.md,Sheiko,/sheiko/
_posts/2019-10-16-plate-beregner.md,dødløft,/doedloeft-biomekanik/
_posts/2019-10-16-plate-beregner.md,1RM Beregner,/rm-beregner/
_posts/2019-10-16-plate-beregner.md,Hvor meget vægt skal jeg tvinge på stangen?,/hvor-meget-vaegt-paa-stangen/
_posts/2019-10-16-plate-beregner.md,Prilepins Tabel,/prilepins-tabel/
_posts/2021-08-29-landsstaevnesange.md,musik til træning,/artikel/musik-til-traeningen/
_posts/2021-08-29-landsstaevnesange.md,bedste musik til yoga og meditation,/yoga-musik/
_posts/2021-08-29-landsstaevnesange.md,sange til de olympiske lege,/ol-sange/
_posts/2021-08-24-kom-i-gang-med-loebetraeningen.md,løbetræningen,/loebesiden/
_posts/2021-08-24-kom-i-gang-med-loebetraeningen.md,begynderløbeprogram,/loebeprogram-begyndere/
_posts/2021-08-24-kom-i-gang-med-loebetraeningen.md,løbeprogram for begyndere,/loebeprogram-begyndere/
_posts/2021-08-24-kom-i-gang-med-loebetraeningen.md,løbetræning,/loebesiden/
_posts/2021-08-24-kom-i-gang-med-loebetraeningen.md,løbeprogram for begyndere,/loebeprogram-begyndere/
_posts/2021-08-24-kom-i-gang-med-loebetraeningen.md,løbetræning,/loebesiden/
_posts/2021-08-24-kom-i-gang-med-loebetraeningen.md,intervaltræning,/intervaltraening/
_posts/2021-08-24-kom-i-gang-med-loebetraeningen.md,fysiologiske tilpasninger i kredsløbet,/tilpasning-konditionstraening/
_posts/2021-08-24-kom-i-gang-med-loebetraeningen.md,Borg-skalaen,/borg-skala/
_posts/2021-08-24-kom-i-gang-med-loebetraeningen.md,pulszoner,/pulszoner-beregner/
_posts/2021-08-24-kom-i-gang-med-loebetraeningen.md,aktiv restitution,/restitution/
_posts/2021-08-24-kom-i-gang-med-loebetraeningen.md,anaerobe tærskel,/anaerobe-taerskel/
_posts/2021-08-24-kom-i-gang-med-loebetraeningen.md,løbeøkonomien,/lobeokonomi/
_posts/2021-08-24-kom-i-gang-med-loebetraeningen.md,langsomme type I-fibres evne til at fjerne mælkesyre i kroppen,/anaerobe-taerskel/
_posts/2021-08-24-kom-i-gang-med-loebetraeningen.md,maksimale puls,/test-max-puls/
_posts/2021-08-24-kom-i-gang-med-loebetraeningen.md,udregne dit løbetempo ud fra din løbehastighed,/hastighed/
_posts/2021-08-24-kom-i-gang-med-loebetraeningen.md,Jack Daniels løbsberegner til at udregne dit løbetempo,/loebesiden-jack-daniels-loebeberegner/
_posts/2021-08-24-kom-i-gang-med-loebetraeningen.md,Stryd Wattmåler,/loeb-watt/
_posts/2021-08-24-kom-i-gang-med-loebetraeningen.md,forskellige løbeprogrammer,/loebeprogrammer/
_posts/2022-11-20-traeningspyramiden-styrketraening.md,gå direkte til guiden om pyramidesæt her,/styrketraening/pyramide/
_posts/2022-11-20-traeningspyramiden-styrketraening.md,guide til INOL-bergrebet,/inol/
_posts/2022-11-20-traeningspyramiden-styrketraening.md,Jacob Beermanns Stærk-program,/artikel/staerk-traeningsprogram/
_posts/2022-11-20-traeningspyramiden-styrketraening.md,forskellige progressionsmodeller,/progressionsmodeller-progressivt-overload/
_posts/2022-11-20-traeningspyramiden-styrketraening.md,styrkeløft,/styrkeloeft/
_posts/2022-11-20-traeningspyramiden-styrketraening.md,excentrisk træning,/excentrisk-traening/
_posts/2022-11-20-traeningspyramiden-styrketraening.md,forebyggende effekt på muskelskader,/skadesforebyggelse-skadesforebyggende-traening/
_posts/2022-11-20-traeningspyramiden-styrketraening.md,supersæt,/guide-superset/
_posts/2022-11-20-traeningspyramiden-styrketraening.md,trækøvelse,/traekoevelser/
_posts/2019-10-30-kondital-et-punkts-test-cykel.md,konditionstest,/kondition/tests/
_posts/2019-10-30-kondital-et-punkts-test-cykel.md,Åstrands to-punktstest her,/topunktstest/
_posts/2019-10-30-kondital-et-punkts-test-cykel.md,tabellen for kondital for mænd og kvinder,/kondital/
_posts/2019-10-30-kondital-et-punkts-test-cykel.md,max-puls,/test-max-puls/
_posts/2019-10-30-kondital-et-punkts-test-cykel.md,Prøv Åstrands 2-punktstest her,/topunktstest/
_posts/2019-10-30-kondital-et-punkts-test-cykel.md,konditionstests på cykel,/tests/cykling/
_posts/2021-08-24-loebeprogrammer-21k.md,et løbeprogram,/loebeprogrammer/
_posts/2021-08-24-loebeprogrammer-21k.md,16-ugers begynderprogram fra 0 til 5 km,/loebeprogram-begyndere/
_posts/2021-08-24-loebeprogrammer-21k.md,12-ugers løbeprogram til 10 km,/loebeprogram-10km/
_posts/2021-08-24-loebeprogrammer-21k.md,løbeøkonomi,/lobeokonomi/
_posts/2020-08-24-excentrisk-traening.md,"koncentrisk, excentrisk eller isometrisk",/koncentrisk-excentrisk-isometrisk/
_posts/2020-08-24-excentrisk-traening.md,hvordan muskler trækker sig sammen,/muskelsammentraekning/
_posts/2020-08-24-excentrisk-traening.md,volumen er vigtig for muskelvækst,/hvordan-vokser-muskler/
_posts/2020-08-24-excentrisk-traening.md,glute ham raise,/oevelse/glute-ham-raises/
_posts/2020-08-24-excentrisk-traening.md,nordic hamstring,/oevelse/nordic-hamstring/
_posts/2020-08-24-excentrisk-traening.md,dips,/oevelse/dips/
_posts/2020-08-24-excentrisk-traening.md,pull-ups og chinups,/chinup-vs-pullup/
_posts/2020-08-24-excentrisk-traening.md,træningsprogram til pullups,/laer-kropshaevning-chinup-pullup-program/
_posts/2019-11-14-energisystemer-101.md,forskellen på aerob og anaerob træning,/forskel-aerob-anaerob-traening/
_posts/2019-11-14-energisystemer-101.md,mælkesyre,/maelkesyre-traening/
_posts/2019-11-14-energisystemer-101.md,den respiratoriske (RER) og metaboliske (RQ) udvekslingskvotient,/respiratoriske-metaboliske-udvekslingskvotient/
_posts/2019-11-14-energisystemer-101.md,anaerobe tærskel,/anaerobe-taerskel/
_posts/2019-11-14-energisystemer-101.md,intervalløb,/intervallob-intervaltraening/
_posts/2019-11-14-energisystemer-101.md,hvad aerob træning er her,/aerob-traening/
_posts/2019-11-14-energisystemer-101.md,mælkesyre som biprodukt,/maelkesyre-traening/
_posts/2019-11-14-energisystemer-101.md,mere om anaerob træning,/anaerob-traening/
_posts/2019-11-14-energisystemer-101.md,hvilepuls,/hvilepuls/
_posts/2019-11-14-energisystemer-101.md,Heart Rate Variability (HRV),/hrv/
_posts/2019-11-14-energisystemer-101.md,2400 meter-test,/kondital-2400-meter/
_posts/2019-11-14-energisystemer-101.md,Coopers 12-minutters test,/cooper-test/
_posts/2019-11-14-energisystemer-101.md,6 sekunders sprint,/6sek/
_posts/2019-11-14-energisystemer-101.md,counter movement jump,/countermovement-jump-cmj-squat-jump-sj/
_posts/2019-11-14-energisystemer-101.md,jump & reach,/jump-reach/
_posts/2019-11-14-energisystemer-101.md,Wingate 30 sekunders test,/wingate/
_posts/2019-11-14-energisystemer-101.md,fysiologiske tilpasninger til konditionstræning,/tilpasning-konditionstraening/
_posts/2019-11-14-energisystemer-101.md,hvor hurtigt du kan forbedre dit kondital,/hvor-hurtigt-mister-form-kondition/
_posts/2019-11-14-energisystemer-101.md,HIIT-træning eller højintensive intervaller,/hiit/
_posts/2019-11-14-energisystemer-101.md,anaerob træning,/anaerob-traening/
_posts/2019-10-31-kondital-2400-meter.md,Cooper-test beregner og normtabel,/cooper-test/
_posts/2019-10-31-kondital-2400-meter.md,Politiets optagelsesprøve,/politiets-optagelsesproeve/
_posts/2019-10-31-kondital-2400-meter.md,"**Se vores samlede guide til kondital, normer og beregning her**",/kondital/
_posts/2019-10-31-kondital-2400-meter.md,**Se de samlede krav til alle øvelser i Politiets fysiske test her**,/politiets-fysiske-tests-krav-optagelsesproeve/
_posts/2019-10-31-kondital-2400-meter.md,tabel for kondital for mænd og kvinder,/kondital/
_posts/2019-10-31-vmax.md,Intervaltræning,/intervaltraening/
_posts/2019-10-31-vmax.md,restitutionsløbene,/restitutionsloeb/
_posts/2019-10-31-vmax.md,løbebånd,/guide-loebebaand/
_posts/2019-10-31-vmax.md,Cooper løbetest,/cooper-test/
_posts/2019-10-31-vmax.md,konditionstest for at finde dit kondital,/kondition/tests/
_posts/2019-10-31-vmax.md,Udregn V<sub>max</sub>-max til løb,/vmax-loeb/
_posts/2019-10-31-vmax.md,Watt-max cykeltest,/kondital-wattmax/
_posts/2019-10-31-vmax.md,Udregn V<sub>max</sub>-max til cykling,/vmax-cykling/
_posts/2019-10-31-vmax.md,"anden protokol, som jeg har lavet en anden beregner til",/billat-vvovmax-tlimvo2max/
_posts/2019-10-31-vmax.md,forskere har også undersøgt intensive træningsprotokoller til at forbedre den maksimale iltoptagelse,/maksimale-iltoptagelse-vo2max/
_posts/2020-07-24-met-beregner.md,side med MET-værdier,/met/
_posts/2020-07-24-met-beregner.md,Hvad er MET - komplet med tabeller,/met/
_posts/2020-10-24-hvor-meget-protein-i-foedevarer.md,proteinniveau-beregner,/dagligt-protein-indtagelse/
_posts/2020-10-24-hvor-meget-protein-i-foedevarer.md,proteinberegner,/dagligt-protein-indtagelse/
_posts/2020-10-24-hvor-meget-protein-i-foedevarer.md,Prøv vores gratis proteinberegner her,/dagligt-protein-indtagelse/
_posts/2021-09-01-traeningszoner.md,kroppens energisystemer,/energisystemer/
_posts/2021-09-01-traeningszoner.md,opvarmningen,/opvarmning/
_posts/2021-09-01-traeningszoner.md,restitutionstræning,/restitutionstraening/
_posts/2021-09-01-traeningszoner.md,Aerob træning,/aerob-traening/
_posts/2021-09-01-traeningszoner.md,bevægelsesøkonomi,/beregn-bevaegelsesokonomi-effektivitet/
_posts/2021-09-01-traeningszoner.md,løbeøkonomi,/lobeokonomi/
_posts/2021-09-01-traeningszoner.md,Zone 2 træning,/zone-2-traening/
_posts/2021-09-01-traeningszoner.md,slagvolumen,/puls/
_posts/2021-09-01-traeningszoner.md,restitutionstid,/restitution/
_posts/2021-09-01-traeningszoner.md,anaerobe tærskel,/anaerobe-taerskel/
_posts/2021-09-01-traeningszoner.md,$\text{VO}_2\text{max}$,/maksimale-iltoptagelse-vo2max/
_posts/2021-09-01-traeningszoner.md,intervaltræning,/intervaltraening/
_posts/2021-09-01-traeningszoner.md,kondital,/kondital/
_posts/2021-09-01-traeningszoner.md,Zone 2 træning og den aerobe tærskel,/zone-2-traening/
_posts/2021-09-01-traeningszoner.md,anaerobe tærskel,/anaerobe-taerskel/
_posts/2021-09-01-traeningszoner.md,præciserer forskellen på mælkesyre og laktat,/maelkesyre-traening/
_posts/2021-09-01-traeningszoner.md,FTPa og tærskelpacing i løb,/ftpa-loeb/
_posts/2021-09-01-traeningszoner.md,Jack Daniels Løbeberegner,/loebesiden-jack-daniels-loebeberegner/
_posts/2021-09-01-traeningszoner.md,Functional Threshold Power (FTP) i cykling,/ftp-cykling/
_posts/2021-09-01-traeningszoner.md,Critical Power modellen,/critical-power/
_posts/2021-09-01-traeningszoner.md,Powerprofil og trappetest i roning,/roning-powerprofil/
_posts/2021-09-01-traeningszoner.md,Læs alt om laktattest og protokoller her,/laktattest/
_posts/2021-09-01-traeningszoner.md,Se hvordan du laver en FTP-test på cykel,/ftp-cykling/
_posts/2021-09-01-traeningszoner.md,3-9 testen til løb,/rftp-test/
_posts/2021-09-01-traeningszoner.md,Se hele Borg-skalaen her,/borg-skala/
_posts/2021-09-01-traeningszoner.md,Brug vores pulszone-beregner med Karvonen-formlen her,/pulszoner-beregner/
_posts/2021-09-01-traeningszoner.md,"Læs alt om FatMax, VLamax og hvordan du tester det her",/fatmax/
_posts/2021-09-01-traeningszoner.md,Læs vores guide til Sweet Spot her,/sweet-spot-traening/
_posts/2021-09-01-traeningszoner.md,Cardiac Drift,/cardiovascular-drift/
_posts/2022-08-14-sportsgrenen-paavirker-kroppen.md,roning,/kondital-roning/
_posts/2022-08-14-sportsgrenen-paavirker-kroppen.md,Alt om de forskellige muskelfibertyper,/muskelfibertyper/
_posts/2022-08-14-sportsgrenen-paavirker-kroppen.md,kroppens fysiologi,/fysiologi/
_posts/2022-08-14-sportsgrenen-paavirker-kroppen.md,bygge muskelmasse,/hypertrofi-metoder/
_posts/2022-08-14-sportsgrenen-paavirker-kroppen.md,Fysiologiske tilpasninger ved konditionstræning?,/tilpasning-konditionstraening/
_posts/2022-08-14-sportsgrenen-paavirker-kroppen.md,Tilpasninger i kroppen ved styrketræning?,/fysiologiske-tilpasninger/
_posts/2022-08-14-sportsgrenen-paavirker-kroppen.md,kender din krop,/kend-din-krop/
_posts/2020-08-06-hjemmetraening.md,fremragende benøvelser med kropsvægt,/skadesforebyggelse-skadesforebyggende-traening/
_posts/2020-08-06-hjemmetraening.md,metoder til effektiv kropsvægtstræning,/artikel/traening-med-kropsvaegt/
_posts/2020-08-06-hjemmetraening.md,hjemmetræning med klude og sliders,/hjemmetraening-med-klude-sliders/
_posts/2020-08-06-hjemmetraening.md,TRX-øvelser og suspension training,/artikel/traening-med-slynger-trx-powersling-suspension-training/
_posts/2020-08-06-hjemmetraening.md,7 minute workout,/7-minute-workout/
_posts/2020-08-06-hjemmetraening.md,yogaserien De fem Tibetanere,/artikel/de-fem-tibetanere/
_posts/2020-08-06-hjemmetraening.md,Solhilsen,/artikel/solhilsen-a-b-surya-namaskar/
_posts/2021-02-04-wendler.md,splitprogram,/styrketraening/split-programmer/
_posts/2021-02-04-wendler.md,upper/lower,/2-split-upper-lower/
_posts/2021-02-04-wendler.md,styrketræningsprogrammer,/styrketraeningsprogrammer/
_posts/2021-02-04-wendler.md,deload uge,/deload-uge/
_posts/2021-02-04-wendler.md,teste din 1RM-max,/pap-post-activation-potentiation-1rm-maxtest/
_posts/2021-02-04-wendler.md,RM beregner,/rm-beregner/
_posts/2021-02-04-wendler.md,citater om styrketræning og træning,/citater-traening-motivation/
_posts/2019-10-22-metoder-til-maksimal-styrke.md,1RM,/rm-beregner/
_posts/2019-10-22-metoder-til-maksimal-styrke.md,rate of force development (RFD),/rate-of-force-development/
_posts/2019-10-22-metoder-til-maksimal-styrke.md,RM-beregner,/rm-beregner/
_posts/2019-10-22-metoder-til-maksimal-styrke.md,RPE,/rpe/
_posts/2019-10-22-metoder-til-maksimal-styrke.md,metoder til maksimal muskeltilvækst og hypertrofi,/hypertrofi-metoder/
_posts/2016-01-02-cykel-styrketraening.md,muskelfibertyper,/muskelfibertyper/
_posts/2020-07-11-magnesium.md,"kosttilskud, du skal overveje",/kosttilskud/
_posts/2020-07-11-magnesium.md,kosttilskud,/kosttilskud/
_posts/2020-07-11-magnesium.md,D-vitamin,/kosttilskud-d-vitamin/
_posts/2020-06-19-traening-over-40.md,træning for ældre,/traening-aeldre/
_posts/2020-06-19-traening-over-40.md,Testosteron-niveauet falder,/testosteron/
_posts/2020-06-19-traening-over-40.md,eksplosivitet (RFD),/rate-of-force-development/
_posts/2020-06-19-traening-over-40.md,opvarmning,/opvarmning/
_posts/2020-06-19-traening-over-40.md,styrketræning,/styrketraening/
_posts/2020-06-19-traening-over-40.md,konditallet,/kondital/
_posts/2020-06-19-traening-over-40.md,restitutionstid,/restitutionstid-og-alder/
_posts/2020-06-19-traening-over-40.md,Blodtrykket,/blodtryk/
_posts/2020-06-19-traening-over-40.md,Hvilepulsen,/hvilepuls/
_posts/2020-06-19-traening-over-40.md,balancetræning,/balancetraening/
_posts/2020-06-19-traening-over-40.md,restitutionstid og alder,/restitutionstid-og-alder/
_posts/2020-06-19-traening-over-40.md,restitution,/restitution/
_posts/2020-06-19-traening-over-40.md,Squat,/squat-dybt/
_posts/2020-06-19-traening-over-40.md,10.000 skridt,/skridt-pr-km-10000/
_posts/2020-06-19-traening-over-40.md,Dødløft,/doedloeft-biomekanik/
_posts/2020-06-19-traening-over-40.md,træningsprincipper,/traeningsprincipper/
_posts/2020-06-19-traening-over-40.md,10.000 skridt,/skridt-pr-km-10000/
_posts/2021-11-10-phq-9-depression.md,søvn eller sove,/soevn/
_posts/2019-10-14-fedtprocent-maalebaand-navy.md,Se fedtprocent skema & normer for mænd og kvinder,/fedtprocent-normer/
_posts/2019-10-14-fedtprocent-maalebaand-navy.md,Oversigt over 7 metoder til måling af fedtprocent,/maal-fedtprocent/
_posts/2019-10-14-fedtprocent-maalebaand-navy.md,Læs om taljemålet som sundhedsmarkør,/taljemaal/
_posts/2019-10-31-kondital-laboratorietest-udstyr.md,Direkte måling af iltoptagelse i laboratorium,/iltoptagelse-laboratorietest/
_posts/2019-10-31-kondital-laboratorietest-udstyr.md,Øvelsesvejledning: Iltoptagelsestest på løbebånd,/iltoptagelsestest-loebebaand/
_posts/2019-10-31-kondital-laboratorietest-udstyr.md,Øvelsesvejledning: Iltoptagelsestest på løbebånd,/iltoptagelsestest-cykel/
_posts/2019-10-31-kondital-laboratorietest-udstyr.md,Kriterier for VO2max test,/kriterier-maksimal-iltoptagelsestest/
_posts/2021-08-24-loebeprogrammer.md,lære at løbe hurtigere,/loeb-hurtigere/
_posts/2021-08-24-loebeprogrammer.md,Styrketræningsprogrammer,/styrketraeningsprogrammer/
_posts/2021-08-24-loebeprogrammer.md,Gåprogrammer & Gangtræning,/gangtraening/
_posts/2021-08-24-loebeprogrammer.md,Alle Træningsprogrammer,/traeningsprogrammer/
_posts/2021-08-24-loebeprogrammer.md,Løb for begyndere (Guide til skadesfri opstart),/artikel/kom-i-gang-med-loebetraeningen/
_posts/2021-08-24-loebeprogrammer.md,Løbeprogram for begyndere (0 til 5 km på 16 uger),/loebeprogram-begyndere/
_posts/2021-08-24-loebeprogrammer.md,5 km Løbeprogram,/loebeprogram-5km/
_posts/2021-08-24-loebeprogrammer.md,10 km Løbeprogram,/loebeprogram-10km/
_posts/2021-08-24-loebeprogrammer.md,Halvmaraton (21 km),/loebeprogram-halvmaraton-21km/
_posts/2021-08-24-loebeprogrammer.md,10-20-30 intervaller,/10-20-30-intervaltraening/
_posts/2021-08-24-loebeprogrammer.md,Maraton (42 km),/loebeprogram-maraton-42km/
_posts/2021-08-24-loebeprogrammer.md,Det mest effektive løbeprogram (3 x 5 km om ugen),/artikel/det-mest-effektive-loebeprogram-til-forbedre-din-praestation/
_posts/2021-08-24-loebeprogrammer.md,Læs alt om træningsfilosofier i løbetræningen,/traeningsfilosofier-loeb/
_posts/2021-08-24-loebeprogrammer.md,Hastigheds- & Tempoberegner,/hastighed/
_posts/2021-08-24-loebeprogrammer.md,Jack Daniels VDOT-beregner,/loebesiden-jack-daniels-loebeberegner/
_posts/2021-08-24-loebeprogrammer.md,Pulszoner-beregner,/pulszoner-beregner/
_posts/2021-08-24-loebeprogrammer.md,styrketræning til løb,/styrketraening-til-loeb/
_posts/2021-08-24-loebeprogrammer.md,inspiration og løbeværktøjer til dig,/loebesiden/#beregnere
_posts/2021-08-24-loebeprogrammer.md,flere tips om løb,/bedre-loeber/
_posts/2021-08-24-loebeprogrammer.md,samlede guide til løbetræning,/loebesiden/
_posts/2021-08-24-loebeprogrammer.md,løbeprogram for begyndere,/loebeprogram-begyndere/
_posts/2021-07-23-kj-kcal-omregner.md,ligevægtsindtag,/ligevaegtsindtag-beregner/
_posts/2021-07-23-kj-kcal-omregner.md,hvad kalorier egentlig er,/hvad-er-kalorier/
_posts/2021-01-18-calistenics.md,hjemmetræning,/hjemmetraening-traeningsprogram/
_posts/2021-01-18-calistenics.md,krop består i gennemsnit af omkring 60% vand,/vand-i-kroppen/
_posts/2021-01-18-calistenics.md,træning med kropsvægt,/artikel/traening-med-kropsvaegt/
_posts/2021-01-18-calistenics.md,udendørs træning,/naturfitness/
_posts/2019-10-16-fedtprocent-skinfold-lohman.md,Slaughter-formlen,/slaughter-fedtprocent-boern/
_posts/2019-10-16-fedtprocent-skinfold-lohman.md,fedtmålinger med fedttang for voksne,/skinfold/
_posts/2019-10-16-fedtprocent-skinfold-lohman.md,BMI beregner til børn og unge,/bmi-beregner-boern-unge-teenagere/
_posts/2020-07-01-ret-ryg.md,god søvn,/soevn/
_posts/2009-08-06-bedste-kombination-af-loeb-og-styrketraening.md,maksimale iltoptagelse,/maksimale-iltoptagelse-vo2max/
_posts/2009-08-06-bedste-kombination-af-loeb-og-styrketraening.md,plyometri,/plyometrisk-traening/
_posts/2009-08-06-bedste-kombination-af-loeb-og-styrketraening.md,Rate of Force Development,/rate-of-force-development/
_posts/2009-08-06-bedste-kombination-af-loeb-og-styrketraening.md,kondital,/kondital/
_posts/2009-08-06-bedste-kombination-af-loeb-og-styrketraening.md,rate of force development,/rate-of-force-development/
_posts/2009-08-06-bedste-kombination-af-loeb-og-styrketraening.md,1RM,/rm-beregner/
_posts/2009-08-06-bedste-kombination-af-loeb-og-styrketraening.md,intervaltræning,/intervaltraening/
_posts/2009-08-06-bedste-kombination-af-loeb-og-styrketraening.md,jeg har skrevet om her,/lobeokonomi/
_posts/2009-08-06-bedste-kombination-af-loeb-og-styrketraening.md,restitutionstiden,/restitution/
_posts/2009-08-06-bedste-kombination-af-loeb-og-styrketraening.md,løbe hurtigere,/loeb-hurtigere/
_posts/2021-11-02-imtp-accupower.md,detaljerede guide til IMTP-testen,/imtp-test/
_posts/2022-08-23-kredsloeb.md,pulsen,/puls/
_posts/2022-08-23-kredsloeb.md,mælkesyregrænse,/maelkesyre-traening/
_posts/2022-08-23-kredsloeb.md,anaerobe tærskel,/anaerobe-taerskel/
_posts/2022-08-23-kredsloeb.md,forbedrer den maksimale iltoptagelse,/maksimale-iltoptagelse-vo2max/
_posts/2022-08-23-kredsloeb.md,hvordan du laver kredsløbstræning,/konditionstraening/
_posts/2022-08-23-kredsloeb.md,kondition,/kondition/
_posts/2019-10-31-pulstraening.md,maxpuls,/test-max-puls/
_posts/2019-10-31-pulstraening.md,beregner til pulszoner,/pulszoner-beregner/
_posts/2019-10-31-pulstraening.md,intervaltræning,/intervaltraening/
_posts/2019-10-31-pulstraening.md,Hvilepulsen,/hvilepuls/
_posts/2019-10-31-pulstraening.md,hvordan du selv kan måle eller udregne din max-puls,/test-max-puls/
_posts/2019-10-31-pulstraening.md,pulsreserven,/pulsreserve/
_posts/2019-10-31-pulstraening.md,beregne sin maxpuls,/max-puls-beregner/
_posts/2019-10-31-pulstraening.md,guide om pulsreserven,/pulsreserve/
_posts/2019-10-31-pulstraening.md,Udregn dine egne pulszoner fra pulsreserven,/pulszoner-beregner/
_posts/2019-10-31-pulstraening.md,RM-begrebet,/rm-beregner/
_posts/2019-10-31-pulstraening.md,Udregn dine egne pulszoner fra din maxpuls,/pulszoner-beregner/
_posts/2019-10-31-pulstraening.md,den anaerobe tærskel,/anaerobe-taerskel/
_posts/2019-10-31-pulstraening.md,Udregn dine pulszoner fra laktattærsklen,/pulszoner-beregner/
_posts/2019-10-31-pulstraening.md,guide til beregning af pulszoner,/pulszoner-beregner/
_posts/2019-10-31-pulstraening.md,effektiv måde at teste maxpulsen,/test-max-puls/
_posts/2019-10-31-pulstraening.md,måle hvilepuls,/hvilepuls/
_posts/2019-10-31-pulstraening.md,opstilling i vores artikel om pulszoner,/pulszoner-beregner/
_posts/2019-10-31-pulstraening.md,Borg-skalaen,/borg-skala/
_posts/2019-10-31-pulstraening.md,løbsberegner og tempo til at styre træningen,/loebesiden-jack-daniels-loebeberegner/
_posts/2026-08-10-kropsanalyse.md,InBody-scanner,/artikel/inbody-570-bioimpedans/
_posts/2026-08-10-kropsanalyse.md,dybdegående guide til kropskomposition her,/kropskomposition/
_posts/2026-08-10-kropsanalyse.md,Lungekapacitet (FVC),/lunger-lungekapacitet/
_posts/2026-08-10-kropsanalyse.md,BMR (Basalstofskifte),/bmr-beregner/
_posts/2026-08-10-kropsanalyse.md,dit taljemål,/taljemaal/
_posts/2026-08-10-kropsanalyse.md,Guide til InBody 570 – Tolkning af resultatark og præcision,/artikel/inbody-570-bioimpedans/
_posts/2021-08-24-loebeprogrammer-5k.md,beregner til løbehastighed,/hastighed/
_posts/2021-08-24-loebeprogrammer-5k.md,et godt løbeprogram,/loebeprogrammer/
_posts/2021-08-24-loebeprogrammer-5k.md,16-ugers begynderprogram fra 0 til 5 km,/loebeprogram-begyndere/
_posts/2021-08-24-loebeprogrammer-5k.md,tidseffektive løbeprogram (3 x 5 km om ugen),/artikel/det-mest-effektive-loebeprogram-til-forbedre-din-praestation/
_posts/2021-08-24-loebeprogrammer-5k.md,løbetræning,/loebesiden/
_posts/2021-08-24-loebeprogrammer-5k.md,godt i gang med at løbe,/artikel/kom-i-gang-med-loebetraeningen/
_posts/2021-08-24-loebeprogrammer-5k.md,Billat-intervaller vVO₂-max,/billat-vvovmax-tlimvo2max/
_posts/2021-08-24-loebeprogrammer-5k.md,Jack Daniels løbeberegner,/loebesiden-jack-daniels-loebeberegner/
_posts/2021-08-24-loebeprogrammer-5k.md,intervaller til løb,/intervallob-intervaltraening/
_posts/2021-08-24-loebeprogrammer-5k.md,effektivt løbeprogram,/artikel/det-mest-effektive-loebeprogram-til-forbedre-din-praestation/
_posts/2021-08-24-loebeprogrammer-5k.md,bakkesprints,/bakkesprint-bakkeloeb/
_posts/2021-08-24-loebeprogrammer-5k.md,plyometrisk træning,/plyometrisk-traening/
_posts/2021-08-24-loebeprogrammer-5k.md,løbeøkonomi,/lobeokonomi/
_posts/2021-08-24-loebeprogrammer-5k.md,fysiologiske tilpasninger til løb og konditionstræning,/tilpasning-konditionstraening/
_posts/2021-08-24-loebeprogrammer-5k.md,Intervalløb,/intervallob-intervaltraening/
_posts/2020-05-25-tager-paa-ved-traening.md,muskler vejer mere end fedt,/vejer-muskler-mere-end-fedt/
_posts/2020-05-25-tager-paa-ved-traening.md,fedtprocenten,/maal-fedtprocent/
_posts/2020-05-25-tager-paa-ved-traening.md,2- eller 4-komponentmodel,/kropskomposition/
_posts/2020-05-25-tager-paa-ved-traening.md,Hvis du er stresset,/stress-test/
_posts/2020-05-25-tager-paa-ved-traening.md,idealvægt,/idealvaegt/
_posts/2020-05-25-tager-paa-ved-traening.md,mavefedt,/tab-fedt-paa-maven/
_posts/2020-05-25-tager-paa-ved-traening.md,"hvordan man kan måle, hvor meget fedt udgør af din kropsvægt",/maal-fedtprocent/
_posts/2021-11-19-horizontal-jump-forces.md,broad jump,/broadjump/
_posts/2021-11-19-horizontal-jump-forces.md,fysikkens love bag det vertikale spring,/fysik-vertikalt-hop/
_posts/2021-11-19-horizontal-jump-forces.md,teste stående længdespring,/broadjump/
_posts/2021-11-19-horizontal-jump-forces.md,fysiologiske indlæg om biomekanik,/biomekanik/
_posts/2021-11-19-broadjump.md,Eksplosiv Styrke Dashboard,/eksplosivitet/
_posts/2021-11-19-broadjump.md,Lær mere om de fysiske kræfter bag det horisontale spring,/fysik-horisontalt-hop/
_posts/2021-11-19-broadjump.md,politiets fysiske optagelsesprøve,/politiets-fysiske-tests-krav-optagelsesproeve/
_posts/2021-01-20-yoga-udstyr.md,yogaøvelser,/yogastillinger-yogaovelser/
_posts/2021-01-20-yoga-udstyr.md,mindfulness,/mindfulness-meditation/
_posts/2021-01-20-yoga-udstyr.md,De Fem Tibetanere,/artikel/de-fem-tibetanere/
_posts/2021-01-20-yoga-udstyr.md,Solhilsen A og B,/artikel/solhilsen-a-b-surya-namaskar/
_posts/2021-01-20-yoga-udstyr.md,"musik til yoga, mindfulness og meditation",/yoga-musik/
_posts/2021-01-20-yoga-udstyr.md,mindfulness meditation,/mindfulness-meditation/
_posts/2024-01-11-intervals-icu.md,guide til træningsdagbog-apps til både styrke og kondition,/traeningsdagbog-app/
_posts/2024-01-11-intervals-icu.md,vores guide til at måle hvilepuls,/hvilepuls/
_posts/2024-01-11-intervals-icu.md,teste din maksimale puls,/test-max-puls/
_posts/2024-01-11-intervals-icu.md,finde din functional threshold power (FTP),/ftp-test/
_posts/2024-01-11-intervals-icu.md,løber med wattmåling,/loeb-watt/
_posts/2024-01-11-intervals-icu.md,anaerobe tærskel,/anaerobe-taerskel/
_posts/2024-01-11-intervals-icu.md,udregne maxpulsen på baggrund af din alder,/max-puls-beregner/
_posts/2021-03-30-rygmuskler.md,chinups og pullups,/chinup-vs-pullup/
_posts/2021-03-30-rygmuskler.md,rows,/rows/
_posts/2021-03-30-rygmuskler.md,gode øvelser til ryggen,/rygoevelser/
_posts/2021-03-30-rygmuskler.md,forebygge skader,/skadesforebyggelse-skadesforebyggende-traening/
_posts/2021-03-30-rygmuskler.md,**Latissimus Dorsi**,/latissimus-dorsi/
_posts/2021-03-30-rygmuskler.md,**Trapezius**,/trapezius/
_posts/2021-03-30-rygmuskler.md,**Rhomboideus**,/rhomboideus/
_posts/2021-03-30-rygmuskler.md,**Erector Spinae**,/erector-spinae/
_posts/2021-03-30-rygmuskler.md,liste over alle muskler i kroppen her,/muskler/
_posts/2021-03-30-rygmuskler.md,anatomien i kroppen,/anatomi/
_posts/2021-03-30-rygmuskler.md,rygtræning og specifikke øvelser til ryggen her,/rygoevelser/
_posts/2021-03-30-rygmuskler.md,liste over muskler her,/muskler/
_posts/2021-03-30-rygmuskler.md,anatomi,/anatomi/
_posts/2021-03-30-rygmuskler.md,Skema over alle muskler,/muskler/tabel/
_posts/2025-03-20-kulhydrat-forbrug-arbejde.md,Løbebånd Beregner,/loebebaand-beregner/
_posts/2025-03-20-kulhydrat-forbrug-arbejde.md,Bland din egen sportsdrik,/sportsdrik/
_posts/2025-03-20-kulhydrat-forbrug-arbejde.md,Carb-Loading Guide,/carb-loading/
_posts/2020-08-31-skabeloner.md,"bedste gratis træningsdagbog-apps (fx Liftosaur, RTS og Intervals.icu) her",/traeningsdagbog-app/
_posts/2020-08-31-skabeloner.md,gratis styrketræningsprogrammer,/styrketraeningsprogrammer/
_posts/2020-08-31-skabeloner.md,programlægning i styrketræning,/traeningsprogram-programlaegning-styrketraening/
_posts/2020-08-31-skabeloner.md,kom godt i gang med løbetræningen,/artikel/kom-i-gang-med-loebetraeningen/
_posts/2020-08-31-skabeloner.md,Jack Daniels løbeberegner,/loebesiden-jack-daniels-loebeberegner/
_posts/2020-07-12-vbt-udstyr.md,VBT og hvordan du bruger det,/vbt/
_posts/2020-07-12-vbt-udstyr.md,Sådan laver du en 1RM test med VBT,/vbt-1rm/
_posts/2020-07-12-vbt-udstyr.md,din egen hastighedsprofil for de enkelte løft,/vbt-hastighedsprofil/
_posts/2020-07-12-vbt-udstyr.md,VBT-programmet,/vbt-traeningsprogram/
_posts/2019-10-31-kondital-bruce-loebetest.md,store oversigt over løbetests,/tests/loeb/
_posts/2019-10-31-kondital-bruce-loebetest.md,konditionstests,/kondition/tests/
_posts/2019-10-31-kondital-bruce-loebetest.md,normtal i vores tabel over kondital for mænd og kvinder,/kondital/
_posts/2020-07-12-vbt-traeningsprogram.md,1RM ved VBT,/vbt-1rm/
_posts/2020-07-12-vbt-traeningsprogram.md,VBT-metoden,/vbt/
_posts/2020-07-12-vbt-traeningsprogram.md,teste 1RM med VBT,/vbt-1rm/
_posts/2020-07-12-vbt-traeningsprogram.md,hastighedsprofilen og RPE,/vbt-hastighedsprofil/
_posts/2020-07-12-vbt-traeningsprogram.md,metoden til velocity based training,/vbt/
_posts/2021-12-19-blazepod.md,bip test,/bip-test/
_posts/2019-11-01-stofskifteberegner-simpel.md,Stofskiftet består af tre hovedkomponenter,/stofskifte/
_posts/2019-11-01-stofskifteberegner-simpel.md,Fysisk aktivitet (PAL),/beregner/pal/
_posts/2019-11-01-stofskifteberegner-simpel.md,beregning af BMI,/bmi/
_posts/2019-11-01-stofskifteberegner-simpel.md,detaljerede artikel om BMR-formler her,/hvilestofskiftet-formler/
_posts/2019-11-01-stofskifteberegner-simpel.md,Cunninghams formel til hvilestofskifte,/bmr-beregner-ffm/
_posts/2019-11-01-stofskifteberegner-simpel.md,beregner af BMR fra fedtfri masse,/bmr-beregner-ffm/
_posts/2019-11-01-stofskifteberegner-simpel.md,beregner dit ligevægtsindtag og energibehov,/ligevaegtsindtag-beregner/
_posts/2026-07-28-sweetspot-traening.md,Zone 2,/zone-2-traening/
_posts/2026-07-28-sweetspot-traening.md,FatMax,/fatmax/
_posts/2026-07-28-sweetspot-traening.md,Zone 2-træning,/zone-2-traening/
_posts/2026-07-28-sweetspot-traening.md,FatMax,/fatmax/
_posts/2026-07-28-sweetspot-traening.md,indtage energi (evt. sportsdrik),/sportsdrik/
_posts/2022-11-20-kostpyramiden-styrketraening.md,vægttab,/vaegttab/
_posts/2022-11-20-kostpyramiden-styrketraening.md,ligevægtsindtagsberegner,/ligevaegtsindtag-beregner/
_posts/2022-11-20-kostpyramiden-styrketraening.md,kalorier,/hvad-er-kalorier/
_posts/2022-11-20-kostpyramiden-styrketraening.md,apps til at tælle dine kalorier,/kalorietaeller-apps/
_posts/2022-11-20-kostpyramiden-styrketraening.md,hvor meget protein du skal have dagligt,/dagligt-protein-indtagelse/
_posts/2022-11-20-kostpyramiden-styrketraening.md,alle danskere indtager D-vitamin i vinterhalvåret,/kosttilskud-d-vitamin/
_posts/2022-11-20-kostpyramiden-styrketraening.md,bedste kosttilskud,/kosttilskud/
_posts/2022-11-20-kostpyramiden-styrketraening.md,billigste måder at få protein på,/billig-protein/
_posts/2022-11-20-kostpyramiden-styrketraening.md,Kreatin er det kosttilskud,/kreatin/
_posts/2022-11-20-kostpyramiden-styrketraening.md,Koffein,/koffein/
_posts/2022-11-20-kostpyramiden-styrketraening.md,Adfærd og vaner,/vaner/
_posts/2022-11-20-kostpyramiden-styrketraening.md,tallerkenmodellen,/tallerken-modeller/
_posts/2022-11-20-kostpyramiden-styrketraening.md,god restitution,/restitution/
_posts/2019-10-31-kondital-gaa-test-6min.md,"1,6 km gåtest i stedet",/gaatest/
_posts/2019-10-31-kondital-gaa-test-6min.md,"1,6 km gåtesten (Rockport Walking Test)",/gaatest/
_posts/2019-10-31-kondital-gaa-test-6min.md,en normal puls,/puls/
_posts/2019-10-31-kondital-gaa-test-6min.md,danske kvinders gennemsnitshøjde,/hvad-er-gennemsnitshoejden-i-danmark/
_posts/2019-10-31-kondital-gaa-test-6min.md,Timed Up and Go (TUG) test,/timed-up-and-go-test/
_posts/2019-10-31-kondital-gaa-test-6min.md,Bergs Balanceskala (BBS),/bergs-balanceskala/
_posts/2019-10-31-kondital-gaa-test-6min.md,"Rockport 1,6 km gangtest",/gaatest/
_posts/2020-12-14-hvor-meget-vand-om-dagen.md,Hvad skal jeg drikke til træning og konkurrence?,/hvad-skal-jeg-drikke/
_posts/2020-12-14-hvor-meget-vand-om-dagen.md,Varmeakklimatisering: Træning i varmen,/varmeakklimatisering-traening-i-varmen/
_posts/2020-12-14-hvor-meget-vand-om-dagen.md,blande din egen sportsdrik,/sportsdrik/
_posts/2020-12-14-hvor-meget-vand-om-dagen.md,Hvor meget vand har mennesket i kroppen?,/vand-i-kroppen/
_posts/2020-10-14-rate-of-force-development.md,IMTP-test (Isometric Mid-Thigh Pull),/imtp-test/
_posts/2020-10-14-rate-of-force-development.md,IMTP-test (Isometric Mid-Thigh Pull),/imtp-test/
_posts/2020-10-14-rate-of-force-development.md,muskelfibertypesammensætning,/muskelfibertyper/
_posts/2020-10-14-rate-of-force-development.md,1RM (one repetition maximum),/rm-maxtest/
_posts/2020-10-14-rate-of-force-development.md,velocity based training,/vbt/
_posts/2025-03-26-bench-mechanics.md,Bænkpres teknik,/oevelse/baenkpres/
_posts/2025-03-26-bench-mechanics.md,sektion om biomekanik,/biomekanik/
_anatomy/quadriceps-vastus-intermedius.md,firehovede knæstrækker (quadriceps femoris),/quadriceps-femoris/
_anatomy/quadriceps-vastus-intermedius.md,vastus intermedius,/vastus-intermedius/
_anatomy/quadriceps-vastus-intermedius.md,rectus femoris,/rectus-femoris/
_anatomy/quadriceps-vastus-intermedius.md,liste over muskler her,/muskler/
_anatomy/quadriceps-vastus-intermedius.md,anatomi,/anatomi/
_anatomy/extensor-carpi-radialis-longus.md,brachioradialis,/brachioradialis/
_anatomy/extensor-carpi-radialis-longus.md,liste over muskler her,/muskler/
_anatomy/extensor-carpi-radialis-longus.md,anatomi,/anatomi/
_anatomy/semitendinosus.md,biceps femoris,/biceps-femoris/
_anatomy/semitendinosus.md,semimembranosus,/semimembranosus/
_anatomy/semitendinosus.md,liste over muskler her,/muskler/
_anatomy/semitendinosus.md,anatomi,/anatomi/
_anatomy/deltoideus.md,liste over muskler her,/muskler/
_anatomy/deltoideus.md,anatomi,/anatomi/
_anatomy/teres-major.md,latissimus dorsi,/latissimus-dorsi/
_anatomy/teres-major.md,rotator cuffen,/rotator-cuff/
_anatomy/teres-major.md,liste over muskler her,/muskler/
_anatomy/teres-major.md,anatomi,/anatomi/
_anatomy/teres-major.md,Se muskeloversigten,/muskler/tabel/
_anatomy/gastrocnemius.md,flyndermuskel (Soleus),/soleus/
_anatomy/gastrocnemius.md,liste over muskler her,/muskler/
_anatomy/gastrocnemius.md,anatomi,/anatomi/
_anatomy/anconeus.md,triceps-muskel,/triceps-brachii/
_anatomy/anconeus.md,Triceps Brachii,/triceps-brachii/
_anatomy/anconeus.md,liste over muskler her,/muskler/
_anatomy/anconeus.md,anatomi,/anatomi/
_anatomy/soleus.md,Gastrocnemius,/gastrocnemius/
_anatomy/soleus.md,liste over muskler her,/muskler/
_anatomy/soleus.md,anatomi,/anatomi/
_anatomy/subscapularis.md,liste over muskler her,/muskler/
_anatomy/subscapularis.md,anatomi,/anatomi/
_anatomy/gracilis.md,skræddermusklen (Sartorius),/sartorius/
_anatomy/gracilis.md,halvtrinde knæbøjer (Semitendinosus),/semitendinosus/
_anatomy/gracilis.md,muskler i benene her,/muskler/ben/
_anatomy/gracilis.md,liste over muskler her,/muskler/
_anatomy/gracilis.md,anatomi,/anatomi/
_anatomy/biceps-brachii.md,liste over muskler her,/muskler/
_anatomy/biceps-brachii.md,anatomi,/anatomi/
_anatomy/gluteus-maximus.md,Hamstrings,/biceps-femoris/
_anatomy/gluteus-maximus.md,Erector Spinae,/erector-spinae/
_anatomy/gluteus-maximus.md,den mellemste sædemuskel,/gluteus-medius/
_anatomy/gluteus-maximus.md,liste over muskler her,/muskler/
_anatomy/gluteus-maximus.md,anatomi,/anatomi/
_anatomy/pectoralis-minor.md,Pectoralis Major,/pectoralis-major/
_anatomy/pectoralis-minor.md,store brystmuskel her,/pectoralis-major/
_anatomy/pectoralis-minor.md,liste over muskler her,/muskler/
_anatomy/pectoralis-minor.md,anatomi,/anatomi/
_anatomy/adductor-longus.md,den store indadfører (Adductor Magnus),/adductor-magnus/
_anatomy/adductor-longus.md,liste over muskler her,/muskler/
_anatomy/adductor-longus.md,anatomi,/anatomi/
_anatomy/extensor-carpi-ulnaris.md,Flexor Carpi Ulnaris,/flexor-carpi-ulnaris/
_anatomy/extensor-carpi-ulnaris.md,Extensor Digitorum,/extensor-digitorum/
_anatomy/extensor-carpi-ulnaris.md,liste over muskler her,/muskler/
_anatomy/extensor-carpi-ulnaris.md,anatomi,/anatomi/
_anatomy/adductor-magnus.md,Adductor Longus,/adductor-longus/
_anatomy/adductor-magnus.md,Brevis,/adductor-brevis/
_anatomy/adductor-magnus.md,Gracilis (den slanke indadfører),/gracilis/
_anatomy/adductor-magnus.md,liste over muskler her,/muskler/
_anatomy/adductor-magnus.md,bevægeapparatets anatomi,/anatomi/
_anatomy/transversus-abdominis.md,mavemuskler her,/muskler/mave/
_anatomy/transversus-abdominis.md,liste over muskler her,/muskler/
_anatomy/transversus-abdominis.md,anatomi,/anatomi/
_anatomy/brachioradialis.md,biceps brachii,/biceps-femoris/
_anatomy/brachioradialis.md,brachialis,/brachialis/
_anatomy/brachioradialis.md,Brachialis,/brachialis/
_anatomy/brachioradialis.md,liste over muskler her,/muskler/
_anatomy/brachioradialis.md,anatomi,/anatomi/
_anatomy/triceps-brachii.md,liste over muskler her,/muskler/
_anatomy/triceps-brachii.md,anatomi,/anatomi/
_anatomy/quadriceps-vastus-medialis.md,firehovede knæstrækker - eller quadriceps femoris,/quadriceps-femoris/
_anatomy/quadriceps-vastus-medialis.md,vastus lateralis,/vastus-lateralis/
_anatomy/quadriceps-vastus-medialis.md,vastus medialis,/vastus-medialis/
_anatomy/quadriceps-vastus-medialis.md,vastus intermedius,/vastus-intermedius/
_anatomy/quadriceps-vastus-medialis.md,rectus femoris,/rectus-femoris/
_anatomy/quadriceps-vastus-medialis.md,liste over muskler her,/muskler/
_anatomy/quadriceps-vastus-medialis.md,anatomi,/anatomi/
_anatomy/pectoralis-major.md,brede rygmuskel,/latissimus-dorsi/
_anatomy/pectoralis-major.md,lille brystmuskel her,/pectoralis-minor/
_anatomy/pectoralis-major.md,liste over muskler her,/muskler/
_anatomy/pectoralis-major.md,anatomi,/anatomi/
_anatomy/extensor-digitorum.md,Brachioradialis,/brachioradialis/
_anatomy/extensor-digitorum.md,liste over muskler her,/muskler/
_anatomy/extensor-digitorum.md,anatomi,/anatomi/
_anatomy/biceps-femoris.md,semitendinosus,/semitendinosus/
_anatomy/biceps-femoris.md,semimembranosus,/semimembranosus/
_anatomy/biceps-femoris.md,liste over muskler her,/muskler/
_anatomy/biceps-femoris.md,guide til anatomi,/anatomi/
_anatomy/adductor-brevis.md,den lange indadfører (Adductor Longus),/adductor-longus/
_anatomy/adductor-brevis.md,den store indadfører (Adductor Magnus),/adductor-magnus/
_anatomy/adductor-brevis.md,den store indadfører (Adductor Magnus),/adductor-magnus/
_anatomy/adductor-brevis.md,liste over kroppens muskelgrupper,/muskler/
_anatomy/adductor-brevis.md,anatomi,/anatomi/
_anatomy/tensor-fascia-latae.md,Gluteus Maximus,/gluteus-maximus/
_anatomy/tensor-fascia-latae.md,liste over muskler her,/muskler/
_anatomy/tensor-fascia-latae.md,anatomi,/anatomi/
_anatomy/quadratus-lumborum.md,Gluteus Medius,/gluteus-medius/
_anatomy/quadratus-lumborum.md,muskler i ryggen her,/muskler/ryggen/
_anatomy/quadratus-lumborum.md,liste over muskler her,/muskler/
_anatomy/quadratus-lumborum.md,anatomi,/anatomi/
_anatomy/quadriceps-femoris.md,vastus lateralis,/vastus-lateralis/
_anatomy/quadriceps-femoris.md,vastus medialis,/vastus-medialis/
_anatomy/quadriceps-femoris.md,vastus intermedius,/vastus-intermedius/
_anatomy/quadriceps-femoris.md,rectus femoris,/rectus-femoris/
_anatomy/quadriceps-femoris.md,liste over muskler her,/muskler/
_anatomy/quadriceps-femoris.md,anatomi,/anatomi/
_anatomy/gluteus-minimus.md,Gluteus Medius,/gluteus-medius/
_anatomy/gluteus-minimus.md,den mellemste sædemuskel (Gluteus Medius),/gluteus-medius/
_anatomy/gluteus-minimus.md,liste over muskler her,/muskler/
_anatomy/gluteus-minimus.md,anatomi,/anatomi/
_anatomy/erector-spinae.md,Latissimus Dorsi,/latissimus-dorsi/
_anatomy/erector-spinae.md,Trapezius,/trapezius/
_anatomy/erector-spinae.md,Rectus Abdominis,/rectus-abdominis/
_anatomy/erector-spinae.md,Quadratus Lumborum,/quadratus-lumborum/
_anatomy/erector-spinae.md,en komplet liste over muskler her,/muskler/
_anatomy/erector-spinae.md,anatomi,/anatomi/
_anatomy/supraspinatus.md,liste over muskler her,/muskler/
_anatomy/supraspinatus.md,anatomi,/anatomi/
_anatomy/flexor-carpi-radialis.md,brachioradialis,/brachioradialis/
_anatomy/flexor-carpi-radialis.md,Flexor Carpi Ulnaris,/flexor-carpi-ulnaris/
_anatomy/flexor-carpi-radialis.md,de øvrige muskler i underarmen her,/muskler/arme/
_anatomy/flexor-carpi-radialis.md,liste over muskler her,/muskler/
_anatomy/flexor-carpi-radialis.md,anatomi,/anatomi/
_anatomy/brachialis.md,Biceps Brachii,/biceps-brachii/
_anatomy/brachialis.md,Brachioradialis,/brachioradialis/
_anatomy/brachialis.md,oversigt over muskler i kroppen,/muskler/
_anatomy/brachialis.md,anatomi,/anatomi/
_anatomy/sartorius.md,Gracilis,/gracilis/
_anatomy/sartorius.md,Semitendinosus,/semitendinosus/
_anatomy/sartorius.md,muskler i benene her,/muskler/ben/
_anatomy/sartorius.md,liste over muskler her,/muskler/
_anatomy/sartorius.md,anatomi,/anatomi/
_anatomy/flexor-carpi-ulnaris.md,Flexor Carpi Radialis,/flexor-carpi-radialis/
_anatomy/flexor-carpi-ulnaris.md,de andre muskler i armen her,/muskler/arme/
_anatomy/flexor-carpi-ulnaris.md,liste over muskler her,/muskler/
_anatomy/flexor-carpi-ulnaris.md,anatomi,/anatomi/
_anatomy/tibialis-anterior.md,muskler i benene her,/muskler/ben/
_anatomy/tibialis-anterior.md,liste over muskler her,/muskler/
_anatomy/tibialis-anterior.md,anatomi,/anatomi/
_anatomy/quadriceps-rectus-femoris.md,firehovede knæstrækker (quadriceps femoris),/quadriceps-femoris/
_anatomy/quadriceps-rectus-femoris.md,liste over muskler her,/muskler/
_anatomy/quadriceps-rectus-femoris.md,anatomi,/anatomi/
_anatomy/external-oblique.md,indre skrå mavemuskel,/internal-oblique/
_anatomy/external-oblique.md,den lige mavemuskel (Rectus Abdominis),/rectus-abdominis/
_anatomy/external-oblique.md,liste over muskler her,/muskler/
_anatomy/external-oblique.md,anatomi,/anatomi/
_anatomy/serratus-anterior.md,liste over muskler her,/muskler/
_anatomy/serratus-anterior.md,anatomi,/anatomi/
_anatomy/trapezius.md,rows,/rows/
_anatomy/trapezius.md,bent over rows,/oevelse/bent-over-rows-bor/
_anatomy/trapezius.md,liste over muskler her,/muskler/
_anatomy/trapezius.md,anatomi,/anatomi/
_anatomy/internal-oblique.md,ydre skrå mavemuskel,/external-oblique/
_anatomy/internal-oblique.md,mavemuskler her,/muskler/mave/
_anatomy/internal-oblique.md,liste over muskler her,/muskler/
_anatomy/internal-oblique.md,anatomi,/anatomi/
_anatomy/rectus-abdominis.md,de skrå mavemuskler her,/external-oblique/
_anatomy/rectus-abdominis.md,liste over muskler her,/muskler/
_anatomy/rectus-abdominis.md,anatomi,/anatomi/
_anatomy/pectineus.md,Adductor Longus,/adductor-longus/
_anatomy/pectineus.md,muskler i benene her,/muskler/ben/
_anatomy/pectineus.md,liste over muskler her,/muskler/
_anatomy/pectineus.md,anatomi,/anatomi/
_anatomy/rhomboideus.md,kappemusklen trapezius,/trapezius/
_anatomy/rhomboideus.md,rows,/rows/
_anatomy/rhomboideus.md,liste over muskler her,/muskler/
_anatomy/rhomboideus.md,anatomi,/anatomi/
_anatomy/rhomboideus.md,Tabel over kroppens muskler,/muskler/tabel/
_anatomy/semimembranosus.md,biceps femoris,/biceps-femoris/
_anatomy/semimembranosus.md,semitendinosus,/semitendinosus/
_anatomy/semimembranosus.md,liste over muskler her,/muskler/
_anatomy/semimembranosus.md,anatomi,/anatomi/
_anatomy/extensor-digitori-minimi.md,fingerstrækker (Extensor Digitorum),/extensor-digitorum/
_anatomy/extensor-digitori-minimi.md,Extensor Carpi Ulnaris,/extensor-carpi-ulnaris/
_anatomy/extensor-digitori-minimi.md,tabel med muskler,/muskler/
_anatomy/extensor-digitori-minimi.md,menneskets anatomi,/anatomi/
_anatomy/quadriceps-vastus-lateralis.md,firehovede knæstrækker (quadriceps femoris),/quadriceps-femoris/
_anatomy/quadriceps-vastus-lateralis.md,liste over muskler her,/muskler/
_anatomy/quadriceps-vastus-lateralis.md,anatomi,/anatomi/
_anatomy/iliopsoas.md,Quadratus Lumborum,/quadratus-lumborum/
_anatomy/iliopsoas.md,liste over muskler her,/muskler/
_anatomy/iliopsoas.md,anatomi,/anatomi/
_anatomy/latissimus-dorsi.md,Kappemusklen og Trapezius,/trapezius/
_anatomy/latissimus-dorsi.md,chinups eller pullups,/chinup-vs-pullup/
_anatomy/latissimus-dorsi.md,rows,/rows/
_anatomy/latissimus-dorsi.md,liste over muskler her,/muskler/
_anatomy/latissimus-dorsi.md,anatomi,/anatomi/
_anatomy/gluteus-medius.md,Gluteus Maximus,/gluteus-maximus/
_anatomy/gluteus-medius.md,den lille sædemuskel (Gluteus Minimus),/gluteus-minimus/
_anatomy/gluteus-medius.md,liste over muskler her,/muskler/
_anatomy/gluteus-medius.md,anatomi,/anatomi/
_anatomy/teres-minor.md,Teres Major,/teres-major/
_anatomy/teres-minor.md,Infraspinatus,/infraspinatus/
_anatomy/teres-minor.md,liste over muskler her,/muskler/
_anatomy/teres-minor.md,anatomi,/anatomi/
_anatomy/teres-minor.md,Se vores søgbare tabel over alle muskler,/muskler/tabel/
_anatomy/infraspinatus.md,liste over muskler her,/muskler/
_anatomy/infraspinatus.md,anatomi,/anatomi/
_drafts/2022-12-10-fat-free-mass-index.md,Hvor hurtigt vokser muskler?,/hvor-hurtigt-vokser-muskler/
_drafts/2013-05-15-traen-din-alder.md,guide til at lave et helkropsprogram,/artikel/hvordan-opbygger-jeg-et-helkropsprogram/
_drafts/2013-05-15-traen-din-alder.md,hvad træning over 40 kunne indebære,/traening-40-plus/
_drafts/2020-08-23-sund-morgenmad.md,princippet om superkompensation,/superkompensation/
_drafts/2020-08-23-sund-morgenmad.md,dybdegående artikel om programlægning,/traeningsprogram-programlaegning-styrketraening/
_drafts/2020-09-04-weightloss-calculator.md,beregner til at udregne dit daglige energiforbrug,/ligevaegtsindtag-beregner/
_drafts/2020-09-04-weightloss-calculator.md,daglige energiforbrug,/ligevaegtsindtag-beregner/
_drafts/2020-09-04-weightloss-calculator.md,slankekur,/slankekur/
_drafts/2019-08-10-gas.md,General Adaption Syndrome,/assets/images/svg/gas.svg
_drafts/2020-08-21-sunde-opskrifter.md,princippet om superkompensation,/superkompensation/
_drafts/2020-08-21-sunde-opskrifter.md,dybdegående artikel om programlægning,/traeningsprogram-programlaegning-styrketraening/
_drafts/2020-01-17-test-jump-force-platform.md,"spring, at hoppe højere og eksplosivitet her",/_drafts/2020-01-16-jumping/
_methods/endurance.md,fysiologiske tilpasninger til udholdenhedstræningen,/tilpasning-konditionstraening/
_methods/cardiac-power-intervals.md,maksimale puls,/test-max-puls/
_methods/styrketraening/tempo-contrast.md,metoder til hypertrofi,/hypertrofi-metoder/
_methods/styrketraening/waves.md,metoder til hypertrofi,/hypertrofi-metoder/
_methods/styrketraening/range-of-motion.md,metoder til hypertrofi,/hypertrofi-metoder/
_methods/styrketraening/stage-system.md,metoder til hypertrofi,/hypertrofi-metoder/
_methods/styrketraening/pyramid.md,principper for hypertrofi,/hypertrofi-metoder/
_methods/styrketraening/isometrics.md,metoder til hypertrofi,/hypertrofi-metoder/
_methods/styrketraening/isometrics.md,metoder til hypertrofi,/hypertrofi-metoder/
_methods/styrketraening/dropset.md,metoder til hypertrofi,/hypertrofi-metoder/
_methods/styrketraening/rest-pause.md,metoder til hypertrofi,/hypertrofi-metoder/
_methods/styrketraening/cluster.md,rest-pause sæt,/styrketraening/rest-pause/
_methods/styrketraening/cluster.md,myoreps,/styrketraening/myoreps/
_methods/styrketraening/cluster.md,metoder til hypertrofi,/hypertrofi-metoder/
_methods/styrketraening/triset.md,metoder til hypertrofi,/hypertrofi-metoder/
_methods/styrketraening/dropset-mechanical.md,klassiske drop-set,/styrketraening/dropset/
_methods/styrketraening/dropset-mechanical.md,metoder til hypertrofi,/hypertrofi-metoder/
_methods/styrketraening/forced-reps.md,dropsæt,/styrketraening/dropset/
_methods/styrketraening/forced-reps.md,metoder til hypertrofi,/hypertrofi-metoder/
_methods/styrketraening/eccentrics.md,metoder til hypertrofi,/hypertrofi-metoder/
_methods/styrketraening/compound-set.md,overlevelsesguide til at forstå supersæt,/guide-superset/
_methods/styrketraening/compound-set.md,træningsmetoder til muskelhypertrofi,/hypertrofi-metoder/
_methods/styrketraening/compound-set.md,overlevelsesguide til at forstå supersæt,/guide-superset/
_methods/styrketraening/compound-set.md,metoder til hypertrofi,/hypertrofi-metoder/
_methods/styrketraening/escalating-density.md,metoder til hypertrofi,/hypertrofi-metoder/
_methods/styrketraening/rest-pause-myoreps.md,metoder til hypertrofi,/hypertrofi-metoder/
_methods/styrketraening/gvt.md,German Volume Training (GVT),/gvt/
_methods/styrketraening/gvt.md,andre metoder til hypertrofi,/hypertrofi-metoder/
_methods/styrketraening/backoff-sets.md,træningsmetoder til muskelvækst,/hypertrofi-metoder/
_methods/styrketraening/contrast-training.md,metoder til hypertrofi,/hypertrofi-metoder/
_methods/styrketraening/okklusion.md,Okklusionstræning,/introduktion-okklusionstraening/
_methods/styrketraening/okklusion.md,rigtige udstyr til okklusionstræning,/udstyr-okklusionstraening-okklusionsudstyr/
_methods/styrketraening/okklusion.md,metoder til hypertrofi,/hypertrofi-metoder/
_methods/styrketraening/okklusion.md,begynderartikel om okklusionstræning,/introduktion-okklusionstraening/
_methods/styrketraening/giantset.md,metoder til hypertrofi,/hypertrofi-metoder/
_pages/eksplosivitet.md,Rate of Force Development (RFD),/rate-of-force-development/
_pages/eksplosivitet.md,CMJ uden arme,/countermovement-jump-cmj-squat-jump-sj/#cmj
_pages/eksplosivitet.md,Squat Jump (SJ),/countermovement-jump-cmj-squat-jump-sj/#sj
_pages/eksplosivitet.md,Drop Jump / RSI,/reactive-strength-index-rsi/
_pages/eksplosivitet.md,Sargent Jump / Jump & Reach,/sargent-jump-test/
_pages/eksplosivitet.md,Stående Længdehop / Broad Jump,/broadjump/
_pages/eksplosivitet.md,Tredobbelt Hop,/springtests-hoppehoejde/
_pages/eksplosivitet.md,Enbens Længdehop,/springtests-hoppehoejde/
_pages/eksplosivitet.md,30m Sprint m. 10m split,/sprinttest-med-sprintceller/
_pages/eksplosivitet.md,10m Acceleration,/sprinttest-med-sprintceller/
_pages/eksplosivitet.md,Fly 10m / 20m Topfart,/tests/sprint/
_pages/eksplosivitet.md,RAST-test,/rast-test/
_pages/eksplosivitet.md,5-10-5 Pro Agility Test,/pro-agility-5-10-5-test/
_pages/eksplosivitet.md,505 Agility Test,/505-agility-test/
_pages/eksplosivitet.md,Illinois Agility Test,/illinois-agility-test/
_pages/eksplosivitet.md,Agility T-Test,/t-test-agility/
_pages/eksplosivitet.md,Arrowhead Test,/arrowhead-test/
_pages/eksplosivitet.md,Rate of Force Development (RFD),/rate-of-force-development/
_pages/eksplosivitet.md,Plyometrisk træning,/plyometrisk-traening/
_pages/eksplosivitet.md,Eksplosiv styrketræning,/styrketraening/
_pages/eksplosivitet.md,Olympiske løft & vægtløftning,/styrketraening/
_pages/eksplosivitet.md,Contrast Training & PAP,/styrketraening/contrast-training/
_pages/eksplosivitet.md,CMJ u. arme,/countermovement-jump-cmj-squat-jump-sj/#cmj
_pages/eksplosivitet.md,Broad Jump,/broadjump/
_pages/eksplosivitet.md,30m m. 10m split,/sprinttest-med-sprintceller/
_pages/eksplosivitet.md,5-10-5 Pro Agility,/pro-agility-5-10-5-test/
_pages/eksplosivitet.md,CMJ,/countermovement-jump-cmj-squat-jump-sj/#cmj
_pages/eksplosivitet.md,Sargent Jump Test,/sargent-jump-test/
_pages/eksplosivitet.md,Drop Jump RSI,/reactive-strength-index-rsi/
_pages/eksplosivitet.md,Stående længdehop (Broad Jump),/broadjump/
_pages/eksplosivitet.md,10m / 30m Sprinttest,/sprinttest-med-sprintceller/
_pages/eksplosivitet.md,5-10-5 Pro Agility Test,/pro-agility-5-10-5-test/
_pages/eksplosivitet.md,Springtræning og hoppetræning,/springtraening/
_pages/eksplosivitet.md,Oversigt over alle springtests,/springtests-hoppehoejde/
_pages/eksplosivitet.md,"Sprint, acceleration og tophastighed",/sprint/
_pages/eksplosivitet.md,Oversigt over alle sprinttests,/tests/sprint/
_pages/eksplosivitet.md,Oversigt over retningsskift & COD-tests,/retningsskift-test/
_pages/tests-cod-tests.md,Prøv vores Reaktive Agility Test (Y-RAT) og den interaktive Smart-Timer her,/reaktiv-agility-test/
_pages/tests-cod-tests.md,5-10-5 Pro Agility,/pro-agility-5-10-5-test/
_pages/tests-cod-tests.md,505 Agility Test,/505-agility-test/
_pages/tests-cod-tests.md,Illinois Agility Test,/illinois-agility-test/
_pages/tests-cod-tests.md,Agility T-Test,/t-test-agility/
_pages/tests-cod-tests.md,Arrowhead Test,/arrowhead-test/
_pages/tests-cod-tests.md,Politiet 8-Tals Løb,/8-tal-hurtighedstest/
_pages/tests-cod-tests.md,"Se banemål, regler og test din score i 5-10-5 testen her »",/pro-agility-5-10-5-test/
_pages/tests-cod-tests.md,Læs den komplette guide til 505 Agility Testen (med interaktiv timer og asymmetri-beregner) »,/505-agility-test/
_pages/tests-cod-tests.md,"Læs alt om Illinois Agility Test (se banemål, regler og brug vores timer) »",/illinois-agility-test/
_pages/tests-cod-tests.md,"Se banetegning, normer og brug interaktiv T-Test timer her »",/t-test-agility/
_pages/tests-cod-tests.md,Arrow head testen,/arrowhead-test/
_pages/tests-cod-tests.md,Prøv vores Arrowhead Test beregner og se den officielle opstilling »,/arrowhead-test/
_pages/tests-cod-tests.md,fysiske tests til politiprøven,/politiets-fysiske-tests-krav-optagelsesproeve/
_pages/tests-cod-tests.md,Gå til Politiskolens 8-tals test (med officiel karakterskala og timer) »,/8-tal-hurtighedstest/
_pages/traening.md,Styrketræning,/styrketraening/
_pages/traening.md,Løb og løbetræning,/loebesiden/
_pages/traening.md,Kondition og cardio,/kondition/
_pages/traening.md,Cykeltræning,/cykling/
_pages/traening.md,Indendørs roning,/roning/
_pages/traening.md,Yoga og mindfulness,/yoga/
_pages/traening.md,Gang og hverdagsmotion,/gang/
_pages/traening.md,Spring- og plyometrisk træning,/springtraening/
_pages/traening.md,Oversigt over alle træningsformer,/traeningsformer/
_pages/traening.md,Træningsmetoder,/traeningsmetoder/
_pages/traening.md,Katalog over træningsprogrammer,/traeningsprogrammer/
_pages/traening.md,Workouts & WODs,/workouts/
_pages/traening.md,Lav dit eget styrketræningsprogram,/traeningsprogram-programlaegning-styrketraening/
_pages/traening.md,Træningsplanlægning og periodisering,/traeningsplanlaegning/
_pages/traening.md,Sammensæt dit løbeprogram,/artikel/kom-i-gang-med-loebetraeningen/
_pages/traening.md,Komplet øvelseskatalog,/traeningsoevelser/
_pages/traening.md,Øvelser til maven,/maveoevelser/
_pages/traening.md,Core- og kropsstamme,/core/
_pages/traening.md,Øvelser til ryggen,/rygoevelser/
_pages/traening.md,Brystøvelser,/brystoevelser/
_pages/traening.md,Benøvelser,/benoevelser/
_pages/traening.md,Balleøvelser,/balleoevelser/
_pages/traening.md,Skulderøvelser,/skulderoevelser/
_pages/traening.md,Armøvelser (biceps & triceps),/arme-triceps-biceps/
_pages/traening.md,Smidighedstræning og mobilitet,/smidighedstraening/
_pages/traening.md,Udstrækningsøvelser,/udstraekning-udspaending/
_pages/traening.md,Balanceøvelser,/balancetraening/
_pages/traening.md,Træningslære og optimal træning,/traeningslaere/
_pages/traening.md,Restitution og genopbygning,/restitution/
_pages/traening.md,Skader og skadesforebyggelse,/skader/
_pages/traening.md,Sportsernæring,/sportsernaering/
_pages/traening.md,teste din form,/tests/
_pages/traening.md,Konditionstests og VO2 max,/kondition/tests/
_pages/traening.md,1RM Beregner,/rm-beregner/
_pages/traening.md,Oversigt over alle beregnere,/beregnere/
_pages/traening.md,SMART-modellen,/smart/
_pages/traening.md,optimal restitution,/restitution/
_pages/styrke-programmer-split.md,hvordan du vælger det rigtige træningsprogram,/vaelg-traeningsprogram/
_pages/styrke-programmer-split.md,progression og progressivt overload,/progressionsmodeller-progressivt-overload/
_pages/styrke-programmer-split.md,fuldkropsprogram,/styrketraening/helkropsprogrammer/
_pages/styrke-programmer-split.md,oversigt over styrketræningsprogrammer,/styrketraeningsprogrammer/
_pages/styrke-programmer-split.md,lave dit eget splitprogram,/styrketraening/lav-dit-eget-splitprogram/
_pages/styrke-programmer-split.md,fullbody-programmer,/styrketraening/helkropsprogrammer/
_pages/styrke-programmer-split.md,samlede katalog af styrkeprogrammer,/styrketraeningsprogrammer/
_pages/styrke-programmer-split.md,type styrketræningsprogram,/styrketraeningsprogrammer/
_pages/styrke-programmer-split.md,fullbody-programmer,/styrketraening/helkropsprogrammer/
_pages/styrke-programmer-split.md,2-split,/2-split-push-pull/
_pages/styrke-programmer-split.md,3-split,/3-split-push-pull/
_pages/styrke-programmer-split.md,2-split program træk og pres,/2-split-push-pull/
_pages/styrke-programmer-split.md,2-split træningsprogram med overkrop og underkrop,/2-split-push-pull/
_pages/styrke-programmer-split.md,3-split træningsprogram,/3-split-push-pull/
_pages/styrke-programmer-split.md,hvordan du vælger mellem helkropsprogram og splitprogrammer her,/vaelg-traeningsprogram/
_pages/om-lars-olesen.md,vores redaktionelle proces,/om/redaktionelle-proces/
_pages/om-lars-olesen.md,træningsprogrammer,/traeningsprogrammer/
_pages/exercises-tag-ryg.md,træningsøvelser,/traeningsoevelser/
_pages/exercises-tag-ryg.md,trækøvelser,/traekoevelser/
_pages/exercises-tag-ryg.md,hoftedominante øvelser,/hoftedominante-oevelser/
_pages/exercises-tag-ryg.md,træningsprogrammer,/traeningsprogrammer/
_pages/exercises-tag-ryg.md,rows,/rows/
_pages/exercises-tag-ryg.md,chinup og pullup,/chinup-vs-pullup/
_pages/exercises-tag-ryg.md,dødløft,/doedloeft/
_pages/exercises-tag-ryg.md,rygsøjle,/joints/rygsojlen/
_pages/exercises-tag-ryg.md,maveøvelser til din mavetræning,/maveoevelser/
_pages/exercises-tag-ryg.md,konventionel dødløft,/oevelse/konventionel-doedloeft/
_pages/exercises-tag-ryg.md,sumo dødløft,/oevelse/sumo-doedloeft/
_pages/exercises-tag-ryg.md,stivbenet dødløft,/oevelse/doedloeft-stivbenet/
_pages/exercises-tag-ryg.md,rumænsk dødløft,/oevelse/romanian-deadlift/
_pages/exercises-tag-ryg.md,rows med vægtstang og håndvægte,/rows/
_pages/exercises-tag-ryg.md,hvordan du kommer i gang med kropshævninger,/laer-kropshaevning-chinup-pullup-program/
_pages/exercises-tag-ryg.md,Trækøvelser,/traekoevelser/
_pages/exercises-tag-ryg.md,Hoftedominante øvelser,/hoftedominante-oevelser/
_pages/exercises-tag-ryg.md,Maveøvelser,/maveoevelser/
_pages/tests.md,Se alle konditionstests »,/kondition/tests/
_pages/tests.md,1RM Beregner »,/rm-beregner/
_pages/tests.md,Armstrækningstest »,/armstraekninger-test/
_pages/tests.md,IMTPt »,/imtp-test/
_pages/tests.md,Se alle løbetests »,/tests/loeb/
_pages/tests.md,6 min gåtest for ældre (6MWT) »,/gaatest-6min/
_pages/tests.md,"Rockports 1,6 km gangtest »",/gaatest/
_pages/tests.md,Se alle cykeltests »,/tests/cykling/
_pages/tests.md,Se alle spring- og hoppetests »,/springtests-hoppehoejde/
_pages/tests.md,Se alle sprint- og hurtighedstests »,/tests/sprint/
_pages/tests.md,Se guides til retningsskift og agilitet »,/retningsskift-test/
_pages/tests.md,Se alle psykologiske sundhedstests »,/vurderingsvaerktoejer/
_pages/tests.md,Cooper-test (12 minutters løbetest),/cooper-test/
_pages/tests.md,Bip-test (Multi-Stage Fitness Test),/bip-test/
_pages/tests.md,IMTP Trækstyrketest (Isometric Mid-Thigh Pull),/imtp-test/
_pages/tests.md,Træningsafhængighed-test (EAI),/traeningsafhaengighed/
_pages/tests.md,Illinois Agility Test,/illinois-agility-test/
_pages/tests.md,Cooper-test,/cooper-test/
_pages/tests.md,Bip-test,/bip-test/
_pages/tests.md,IMTP trækstyrketest,/imtp-test/
_pages/tests.md,hoppetests,/springtests-hoppehoejde/
_pages/tests.md,fedtprocentmåling,/maal-fedtprocent/
_pages/undervisning.md,hjælpeværktøj til idrætslærere i gymnasieuddannelserne,/gymnasieidraet/
_pages/undervisning.md,1RM Beregner,/rm-beregner/
_pages/undervisning.md,Konditionstests & Formler,/kondition/tests/
_pages/undervisning.md,Pulsberegnere,/beregnere/
_pages/undervisning.md,Testkatalog,/tests/
_pages/undervisning.md,Træningslære,/traeningslaere/
_pages/undervisning.md,Kondition og cardio,/kondition/
_pages/undervisning.md,Styrketræning,/styrketraening/
_pages/undervisning.md,Træningsmetoder,/traeningsmetoder/
_pages/undervisning.md,Restitution,/restitution/
_pages/undervisning.md,Sportsernaering,/sportsernaering/
_pages/undervisning.md,SMART-modellen,/smart/
_pages/undervisning.md,Skader og forebyggelse,/skader/
_pages/undervisning.md,Træningsplanlægning,/traeningsplanlaegning/
_pages/undervisning.md,Programlægning i styrketræning,/traeningsprogram-programlaegning-styrketraening/
_pages/fysiologi.md,anatomi,/anatomi/
_pages/fysiologi.md,energisystemer,/energisystemer/
_pages/fysiologi.md,Aerob træning og fysiologi,/aerob-traening/
_pages/fysiologi.md,Anaerob træning og fysiologi,/anaerob-traening/
_pages/fysiologi.md,kredsløbs- og konditionstræning,/konditionstraening/
_pages/fysiologi.md,Respiratorisk kvotient (RER og RQ),/respiratoriske-metaboliske-udvekslingskvotient/
_pages/fysiologi.md,Mælkesyre og laktat i træningen,/maelkesyre-traening/
_pages/fysiologi.md,Fedtforbrændingszonen,/fedtforbraendingszonen/
_pages/fysiologi.md,Skeletmuskler og muskeloversigt,/muskler/
_pages/fysiologi.md,Sliding Filament Teorien,/muskelsammentraekning/
_pages/fysiologi.md,"Muskelfibertyper (Type I, IIa, IIx)",/muskelfibertyper/
_pages/fysiologi.md,Forskelle på mænds og kvinders muskler,/maend-kvinder-muskler/
_pages/fysiologi.md,Hvor hurtigt vokser muskler?,/hvor-hurtigt-vokser-muskler/
_pages/fysiologi.md,Hvor mange muskler er der i kroppen?,/hvor-mange-muskler-i-kroppen/
_pages/fysiologi.md,Atrofi og muskeltab,/atrofi-muskelmasse-muskelstyrke/
_pages/fysiologi.md,6 fysiologiske forandringer ved konditionstræning,/tilpasning-konditionstraening/
_pages/fysiologi.md,Fysiologiske tilpasninger ved styrketræning,/fysiologiske-tilpasninger/
_pages/fysiologi.md,Kend din krop,/kend-din-krop/
_pages/fysiologi.md,Hvor meget blod har du i kroppen?,/hvor-meget-blod-har-mennesket/
_pages/fysiologi.md,Lungekapacitet-beregner,/lunger-lungekapacitet/
_pages/fysiologi.md,Vand i kroppen-beregner,/vand-i-kroppen/
_pages/fysiologi.md,Oversigt over alle interaktive beregnere,/beregnere/
_pages/fysiologi.md,Se anbefalede bøger og plakater til anatomi og fysiologi,/traeningsboeger-boeger-om-traening/#anatomi-og-fysiologi
_pages/tests-jump-horisontal-tests.md,"eksplosivitet, sprint og spring",/eksplosivitet/
_pages/tests-jump-horisontal-tests.md,hoppehøjde og vertikale springtests,/springtests-hoppehoejde/
_pages/tests-jump-horisontal-tests.md,stående længdehop (broad jump),/broadjump/
_pages/tests-jump-horisontal-tests.md,beskrivelse af hoptest batteriet,/hoptest-batteriet/
_pages/kost-sportsernaering.md,Beregn dit kulhydratforbrug til løb og cykling,/kulhydratforbrug/
_pages/kost-sportsernaering.md,Carb-loading guide,/carb-loading/
_pages/kost-sportsernaering.md,Det optimale kulhydratforhold (glukose vs. fruktose),/optimale-kulhydrat-forhold/
_pages/kost-sportsernaering.md,Glykæmisk indeks (GI) i sport,/glykaemisk-indeks/
_pages/kost-sportsernaering.md,Det anabolske vindue (det åbne vindue),/artikel/aabne-vindue-og-anabolic-window/
_pages/kost-sportsernaering.md,Overblik over væske og hydrering,/hvad-skal-jeg-drikke/
_pages/kost-sportsernaering.md,Hvor meget vand skal man drikke om dagen?,/hvor-meget-vand-skal-man-drikke-om-dagen/
_pages/kost-sportsernaering.md,Mål din egen svedrate (svedtest),/vaesketest/
_pages/kost-sportsernaering.md,Lav din egen sportsdrik,/sportsdrik/
_pages/kost-sportsernaering.md,Guide til kosttilskud der virker,/kosttilskud/
_pages/kost-sportsernaering.md,Kreatin-guide,/kreatin/
_pages/kost-sportsernaering.md,Guide til proteinpulver,/kosttilskud/proteinpulver/
_pages/kost-sportsernaering.md,Koffein og præstation,/koffein/
_pages/kost-sportsernaering.md,Bikarbonat (natron),/bikarbonat/
_pages/kost-sportsernaering.md,Eksogene ketoner,/ketoner/
_pages/kost-sportsernaering.md,Kirsebær- og tranebærjuice,/effekten-af-kirsebaer-og-tranebaer-juice/
_pages/kost-sportsernaering.md,Restitution og kost,/restitution/
_pages/kost-sportsernaering.md,Hvor meget protein har du brug for om dagen?,/dagligt-protein-indtagelse/
_pages/kost-sportsernaering.md,Billige proteinkilder,/billig-protein/
_pages/kost-sportsernaering.md,Kostpyramiden til styrketræning,/kostpyramiden-styrketraening/
_pages/kost-sportsernaering.md,Relativ energimangel i sport (REM-S / RED-S),/rem-s/
_pages/kost-sportsernaering.md,Spiseforstyrrelser og forstyrret spisning,/spiseforstyrrelser/
_pages/kost-sportsernaering.md,Energibudget i træningen,/energibudget/
_pages/kost-sportsernaering.md,Kropskomposition i sport,/kropskomposition/
_pages/kost-sportsernaering.md,"Gå til oversigten for Kost, ernæring & forbrænding",/kost-ernaering/
_pages/vurderingsvaerktoejer.md,Sportspsykologiske Tests & Energitjek,/sportspsykologiske-tests/
_pages/vurderingsvaerktoejer.md,WHO-5 Trivselsindeks,/who5-trivselindekset/
_pages/vurderingsvaerktoejer.md,Anerkendt Stresstest (PSS-10),/stress-test/
_pages/vurderingsvaerktoejer.md,Depressionstest (PHQ-2 & PHQ-9),/phq-9-depression-test/
_pages/vurderingsvaerktoejer.md,Automatiske Negative Tanker (ATQ),/atq-automatiske-negative-tanker/
_pages/vurderingsvaerktoejer.md,Træningsafhængighed & Ortoreksi (Samlet Tema & Dashboard),/traeningsafhaengighed-ortoreksi/
_pages/vurderingsvaerktoejer.md,REDs Energitjek (Relativ Energimangel),/rem-s/
_pages/vurderingsvaerktoejer.md,Test af Træningsafhængighed (EAI),/traeningsafhaengighed/
_pages/vurderingsvaerktoejer.md,DOS Ortoreksi-skalaen,/dos-ortoreksi/
_pages/vurderingsvaerktoejer.md,IES-2 Intuitiv Træning,/intuitiv-traening/
_pages/vurderingsvaerktoejer.md,Udbrændthed i Sport (ABQ),/abq-udbraendthed-overtraening/
_pages/vurderingsvaerktoejer.md,Spiseforstyrrelser Selvtest,/spiseforstyrrelser/
_pages/vurderingsvaerktoejer.md,ACSI-28 Mentale Styrker,/acsi-28/
_pages/vurderingsvaerktoejer.md,DFS-2 Flow-skalaen,/dfs2/
_pages/vurderingsvaerktoejer.md,Passionsskalaen,/passionsskalaen/
_pages/vurderingsvaerktoejer.md,BRS Mental Resiliens,/resiliens/
_pages/vurderingsvaerktoejer.md,EIA Træningsidentitet,/traeningsidentitet-eia/
_pages/vurderingsvaerktoejer.md,SCAT Konkurrencenervøsitet,/scat-konkurrencenervoesitet/
_pages/vurderingsvaerktoejer.md,SMTQ Mental Styrke (Mental Toughness),/smtq-mental-styrke/
_pages/vurderingsvaerktoejer.md,Sport-MPS-2 Perfektionisme,/sport-mps-2-perfektionisme/
_pages/vurderingsvaerktoejer.md,SMS-II Træningsmotivation,/sms-2-traeningsmotivation/
_pages/vurderingsvaerktoejer.md,Sportspsykologiske Tests,/sportspsykologiske-tests/
_pages/vurderingsvaerktoejer.md,Det Samlede Fysiske Testkatalog,/tests/
_pages/vurderingsvaerktoejer.md,Interaktive Beregnere,/beregnere/
_pages/vurderingsvaerktoejer.md,Træningsværktøjer & Biomekanik,/vaerktoejer/
_pages/insta.html,Læs resten af bloggen,/blog/
_pages/exercises-tag-hip.md,hoftedominante øvelser,/hoftedominante-oevelser/
_pages/exercises-tag-hip.md,balleøvelser,/balleoevelser/
_pages/exercises-tag-hip.md,hofteleddet,/joints/hofteleddet/
_pages/exercises-tag-hip.md,bentræning,/benoevelser/
_pages/exercises-tag-hip.md,Hoftedominante øvelser,/hoftedominante-oevelser/
_pages/exercises-tag-hip.md,Balleøvelser,/balleoevelser/
_pages/exercises-tag-hip.md,Anatomi: Hofteleddet,/joints/hofteleddet/
_pages/exercises-tag-hip.md,Maveøvelser,/maveoevelser/
_pages/running.md,løb for begyndere,/artikel/kom-i-gang-med-loebetraeningen/
_pages/running.md,løbeprogram for begyndere,/loebeprogram-begyndere/
_pages/running.md,træningsprincipper og progression i løb,/traeningsprincipper-loeb/
_pages/running.md,Guide: Kom godt i gang med løbetræningen,/artikel/kom-i-gang-med-loebetraeningen/
_pages/running.md,Skift mellem gang og løb,/artikel/kom-i-gang-med-loebetraeningen/
_pages/running.md,Lær at løbe hurtigere,/loeb-hurtigere/
_pages/running.md,5 km løbeprogrammer,/loebeprogram-5km/
_pages/running.md,10 km løbeprogrammer,/loebeprogram-10km/
_pages/running.md,"Halvmaraton programmer (21,1 km)",/loebeprogram-halvmaraton-21km/
_pages/running.md,"Maraton programmer (42,2 km)",/loebeprogram-maraton-42km/
_pages/running.md,Oversigt over alle løbeprogrammer,/loebeprogrammer/
_pages/running.md,Lav dit eget løbeprogram,/guide-til-loebeprogram/
_pages/running.md,Intervalløb & Intervaltræning,/intervallob-intervaltraening/
_pages/running.md,Pulstræning & Zoner,/pulstraening/
_pages/running.md,Løbeteknik og Løbestil,/loebeteknik/
_pages/running.md,Løbeøkonomi,/lobeokonomi/
_pages/running.md,Træningsfilosofier til løb,/traeningsfilosofier-loeb/
_pages/running.md,Jack Daniels Løbeberegner (VDOT),/loebesiden-jack-daniels-loebeberegner/
_pages/running.md,Hastigheds- og Paceberegner,/hastighed/
_pages/running.md,Kalorieforbrænding ved løb og gang,/loeb-mere-energi-gang/
_pages/running.md,Cooper-test (12 min løbetest),/cooper-test/
_pages/running.md,Bip-test (Shuttle Run),/bip-test/
_pages/running.md,Yo-Yo test,/yoyo-test/
_pages/running.md,Se det samlede katalog over alle løbetests »,/tests/loeb/
_pages/running.md,Styrketræning for løbere,/styrketraening-til-loeb/
_pages/running.md,Undgå løbeskader,/artikel/loebeskader-loebe-uden-skader/
_pages/exercises-tag-skulder.md,skuldermusklen deltoideus her,/deltoideus/
_pages/exercises-tag-skulder.md,træningsøvelser,/traeningsoevelser/
_pages/exercises-tag-skulder.md,presøvelser,/presoevelser/
_pages/exercises-tag-skulder.md,trækøvelser,/traekoevelser/
_pages/exercises-tag-skulder.md,træningsprogrammer,/traeningsprogrammer/
_pages/exercises-tag-skulder.md,skulderleddet,/joints/skulderleddet/
_pages/exercises-tag-skulder.md,armstrækninger,/armbojninger-eller-armstraekninger-pushups/
_pages/exercises-tag-skulder.md,rows,/rows/
_pages/exercises-tag-skulder.md,pullups og chinups,/chinup-vs-pullup/
_pages/exercises-tag-skulder.md,skulderøvelser og træning af bagskulderen og rotatormanchetten,/skuldertraening-styrk-dine-skuldre-rotatormanchet/
_pages/exercises-tag-knee-dominant.md,hoftedominante øvelser &rarr;,/hoftedominante-oevelser/
_pages/exercises-tag-knee-dominant.md,benøvelser &rarr;,/benoevelser/
_pages/exercises-tag-knee-dominant.md,samlede oversigt over alle benøvelser,/benoevelser/
_pages/exercises-tag-knee-dominant.md,ankelleddet og musklerne i anklen,/joints/ankelleddet-og-fodleddet/
_pages/exercises-tag-knee-dominant.md,knæleddet og musklerne omkring knæet,/joints/knaeleddet/
_pages/exercises-tag-knee-dominant.md,hofteleddet,/joints/hofteleddet/
_pages/kom-godt-i-gang.md,Styrketræning for begyndere,/styrketraening/begyndere/
_pages/kom-godt-i-gang.md,Guide til at lave et løbeprogram,/artikel/kom-i-gang-med-loebetraeningen/
_pages/kom-godt-i-gang.md,Introduktion til konditionstræning,/kondition/
_pages/kom-godt-i-gang.md,Se alle træningsformer,/traeningsformer/
_pages/kom-godt-i-gang.md,Sådan laver du et træningsprogram,/traeningsprogrammer/
_pages/kom-godt-i-gang.md,Grundprincipper i træningsplanlægning,/traeningslaere/
_pages/kom-godt-i-gang.md,Opvarmning og mobilitet,/opvarmning/
_pages/kom-godt-i-gang.md,Skadesforebyggelse,/skader/
_pages/kom-godt-i-gang.md,Restitution og søvn,/restitution/
_pages/kom-godt-i-gang.md,Energibehov og makronæringsstoffer,/beregner/energifordeling/
_pages/kom-godt-i-gang.md,Kost til træning og præstation,/kost-ernaering/
_pages/kom-godt-i-gang.md,Tests og beregnere,/tests/
_pages/kom-godt-i-gang.md,Sådan måler du din kropssammensætning,/kropskomposition/
_pages/workouts.md,Cindy,/crossfit-workouts/#cindy
_pages/workouts.md,300 Spartan Challenge,/300-challenge/
_pages/workouts.md,10-20-30 Løb,/10-20-30-intervaltraening/
_pages/workouts.md,Krintels Favorit (Roning),/artikel/traeningsprogrammer-intervaller-roning/
_pages/workouts.md,7 Minute Workout,/7-minute-workout/
_pages/workouts.md,Murph,/crossfit-workouts/#murph
_pages/workouts.md,Crossfit Workouts Hub,/crossfit-workouts/
_pages/workouts.md,Hjemmetræning uden udstyr (28 Dage),/hjemmetraening-traeningsprogram/
_pages/workouts.md,Cirkeltræning Hub,/cirkeltraening/
_pages/workouts.md,Romaskine Træningsprogrammer,/artikel/traeningsprogrammer-intervaller-roning/
_pages/workouts.md,Intervaltræning & Løb,/intervaltraening/
_pages/exercises-tag-ben.md,Safety Bar Squats,/safety-bar-squats/
_pages/exercises-tag-ben.md,knædominante øvelser,/knaedominante-oevelser/
_pages/exercises-tag-ben.md,hoftedominante øvelser,/hoftedominante-oevelser/
_pages/exercises-tag-ben.md,ankelleddet og musklerne i anklen,/joints/ankelleddet-og-fodleddet/
_pages/exercises-tag-ben.md,knæleddet og musklerne omkring knæet,/joints/knaeleddet/
_pages/exercises-tag-ben.md,hofteleddet og musklerne omkring hofteleddet,/joints/hofteleddet/
_pages/beregnere.md,Ligevægtsindtag beregner,/ligevaegtsindtag-beregner/
_pages/beregnere.md,BMR-beregner,/bmr-beregner/
_pages/beregnere.md,Kalorieberegnere oversigt,/kalorieberegner/
_pages/beregnere.md,BMI Beregner,/bmi/
_pages/beregnere.md,BMI Beregner til Børn & Unge,/bmi-beregner-boern-unge-teenagere/
_pages/beregnere.md,Mål din Fedtprocent,/maal-fedtprocent/
_pages/beregnere.md,Idealvægt Beregner,/idealvaegt/
_pages/beregnere.md,Taljemål & Talje-Hofte Ratio,/taljemaal/
_pages/beregnere.md,Oversigt over Løbeværktøjer & Beregnere,/loebesiden/#beregnere
_pages/beregnere.md,"Løbeberegner, Jack Daniels og VDOT",/loebesiden-jack-daniels-loebeberegner/
_pages/beregnere.md,Konditionstests & VO2-max,/kondition/tests/
_pages/beregnere.md,Paceberegner,/hastighed/
_pages/beregnere.md,Pulszoner & Karvonen Formel,/pulszoner-beregner/
_pages/beregnere.md,1RM Beregner,/rm-beregner/
_pages/beregnere.md,Wilks & DOTS Beregner,/sammenligning-styrke/
_pages/beregnere.md,RPE & RIR Omregner,/rpe/
_pages/beregnere.md,Det samlede fysiske testkatalog,/tests/
_pages/beregnere.md,Træningsværktøjer & biomekanik,/vaerktoejer/
_pages/beregnere.md,Psykologiske tests,/vurderingsvaerktoejer/
_pages/exercises-tag-pull.md,træningsøvelser,/traeningsoevelser/
_pages/exercises-tag-pull.md,styrketræningsøvelser,/styrketraeningsoevelser/
_pages/exercises-tag-pull.md,presøvelser,/presoevelser/
_pages/exercises-tag-pull.md,rygøvelser,/rygoevelser/
_pages/exercises-tag-pull.md,armøvelser,/arme-triceps-biceps/
_pages/exercises-tag-pull.md,presøvelser,/presoevelser/
_pages/exercises-tag-pull.md,rows,/rows/
_pages/exercises-tag-pull.md,chinups og pullups,/chinup-vs-pullup/
_pages/exercises-tag-pull.md,rygsøjle,/joints/rygsojlen/
_pages/exercises-tag-pull.md,maveøvelser til din mavetræning,/maveoevelser/
_pages/exercises-tag-pull.md,rows,/rows/
_pages/exercises-tag-pull.md,hvordan du kommer i gang med kropshævninger,/laer-kropshaevning-chinup-pullup-program/
_pages/exercises-tag-pull.md,Presøvelser,/presoevelser/
_pages/exercises-tag-pull.md,Rygøvelser,/rygoevelser/
_pages/exercises-tag-pull.md,Armøvelser,/arme-triceps-biceps/
_pages/om.md,pensum for idræt B og C i gymnasiet,/gymnasieidraet/
_pages/om.md,undervisning,/undervisning/
_pages/om.md,Læs mere om vores redaktionelle proces,/om/redaktionelle-proces/
_pages/kost-ernaering.md,kroppens stofskifte,/stofskifte/
_pages/kost-ernaering.md,Sportsernæring – Guide til træning og præstation,/sportsernaering/
_pages/kost-ernaering.md,Væske og hydrering,/hvad-skal-jeg-drikke/
_pages/kost-ernaering.md,Kosttilskud i sport,/kosttilskud/
_pages/kost-ernaering.md,Ligevægtsindtagberegner,/ligevaegtsindtag-beregner/
_pages/kost-ernaering.md,BMR & Hvilestofskifte,/bmr-beregner/
_pages/kost-ernaering.md,BMR-formler,/hvilestofskiftet-formler/
_pages/kost-ernaering.md,Alt om stofskiftet,/stofskifte/
_pages/kost-ernaering.md,Physical Activity Level (PAL),/beregner/pal/
_pages/kost-ernaering.md,MET-beregner,/met-beregner/
_pages/kost-ernaering.md,Hvad er kalorier?,/hvad-er-kalorier/
_pages/kost-ernaering.md,kJ til kcal omregner,/kj-kcal-omregner/
_pages/kost-ernaering.md,Oversigt over alle kalorieberegnere,/kalorieberegner/
_pages/kost-ernaering.md,BMI Beregner,/bmi/
_pages/kost-ernaering.md,BMI til Børn og Unge,/bmi-beregner-boern-unge-teenagere/
_pages/kost-ernaering.md,Mål din fedtprocent,/maal-fedtprocent/
_pages/kost-ernaering.md,Fedtmåling med fedttang (Skinfold),/skinfold/
_pages/kost-ernaering.md,Fedtprocent med målebånd,/fedtprocent-navy/
_pages/kost-ernaering.md,Bioimpedans (BIA),/bioimpedans-maaling/
_pages/kost-ernaering.md,Normer for fedtprocent,/fedtprocent-normer/
_pages/kost-ernaering.md,Taljemål & Talje-Hofte-Ratio,/taljemaal/
_pages/kost-ernaering.md,Idealvægt beregner,/idealvaegt/
_pages/kost-ernaering.md,Et sundt syn på vægttab,/vaegttab/
_pages/kost-ernaering.md,Er slankekure en god idé?,/slankekur/
_pages/kost-ernaering.md,Vaner og livsstilsændring,/vaner/
_pages/kost-ernaering.md,Mæthedsindekset,/maethedsindeks/
_pages/kost-ernaering.md,Sådan læser du en varedeklaration,/varedeklaration/
_pages/kost-ernaering.md,"Tallerkenmodeller (Y, T, E, X)",/tallerken-modeller/
_pages/kost-ernaering.md,Kostregistrering & Kalorietæller apps,/kalorietaeller-apps/
_pages/kost-ernaering.md,"Kalorietabel for kød, kylling og fisk",/kalorietabel-koed/
_pages/kost-ernaering.md,Kalorietabel for grøntsager,/kalorietabel-groentsager/
_pages/kost-ernaering.md,Kalorietabel for frugt og bær,/kalorietabel-frugt/
_pages/kost-ernaering.md,Kalorietabel for brød og kornprodukter,/kalorietabel-broed/
_pages/kost-ernaering.md,"Kalorietabel for alkohol, øl og vin",/kalorietabel-alkohol/
_pages/kost-ernaering.md,Den Store Samlede Kalorietabel,/kalorietabellen/
_pages/kost-ernaering.md,Opbygning af kulhydrater og kostfibre,/kulhydrater-opbygning/
_pages/kost-ernaering.md,Udregn fedtenergiprocent i mad,/fedtenergiprocent/
_pages/kost-ernaering.md,Hvor meget protein er der i madvarer?,/protein-i-madvarer/
_pages/kost-ernaering.md,Læs alt om kroppens fysiologi,/fysiologi/
_pages/kost-ernaering.md,Proteinpandekager uden banan,/proteinpandekager-uden-banan/
_pages/kost-ernaering.md,Lækker proteinlasagne,/opskrift/protein-lasagne/
_pages/vurderingsvaerktoejer-sportspyskologi.md,REDs Energitjek (Relativ Energimangel i Idræt),/rem-s/
_pages/vurderingsvaerktoejer-sportspyskologi.md,Udbrændthed i Sport (ABQ - Athlete Burnout),/abq-udbraendthed-overtraening/
_pages/vurderingsvaerktoejer-sportspyskologi.md,Test for Træningsafhængighed (EAI),/traeningsafhaengighed/
_pages/vurderingsvaerktoejer-sportspyskologi.md,Screening for Spiseforstyrrelser,/spiseforstyrrelser/
_pages/vurderingsvaerktoejer-sportspyskologi.md,SCAT Konkurrencenervøsitet (Sport Competition Anxiety),/scat-konkurrencenervoesitet/
_pages/vurderingsvaerktoejer-sportspyskologi.md,SMTQ Mental Styrke (Mental Toughness),/smtq-mental-styrke/
_pages/vurderingsvaerktoejer-sportspyskologi.md,Sport-MPS-2 Perfektionisme i Idræt,/sport-mps-2-perfektionisme/
_pages/vurderingsvaerktoejer-sportspyskologi.md,SMS-II Træningsmotivation (Sport Motivation Scale),/sms-2-traeningsmotivation/
_pages/vurderingsvaerktoejer-sportspyskologi.md,WHO-5 Trivselsindeks,/who5-trivselindekset/
_pages/vurderingsvaerktoejer-sportspyskologi.md,Anerkendt Stresstest (PSS-10),/stress-test/
_pages/vurderingsvaerktoejer-sportspyskologi.md,Automatiske Negative Tanker (ATQ),/atq-automatiske-negative-tanker/
_pages/vurderingsvaerktoejer-sportspyskologi.md,Depressionstest (PHQ-9),/phq-9-depression-test/
_pages/vurderingsvaerktoejer-sportspyskologi.md,ACSI-28 – Atletens Mentale Værktøjskasse,/acsi-28/
_pages/vurderingsvaerktoejer-sportspyskologi.md,DFS-2 – Flow-skalaen i Sport,/dfs2/
_pages/vurderingsvaerktoejer-sportspyskologi.md,Passionsskalaen,/passionsskalaen/
_pages/vurderingsvaerktoejer-sportspyskologi.md,BRS – Mental Resiliens,/resiliens/
_pages/vurderingsvaerktoejer-sportspyskologi.md,Træningsafhængighed & Ortoreksi (Samlet Tema & Dashboard),/traeningsafhaengighed-ortoreksi/
_pages/vurderingsvaerktoejer-sportspyskologi.md,EAI-Testen for Træningsafhængighed,/traeningsafhaengighed/
_pages/vurderingsvaerktoejer-sportspyskologi.md,DOS Ortoreksi-skalaen,/dos-ortoreksi/
_pages/vurderingsvaerktoejer-sportspyskologi.md,IES-2 Intuitiv Træning,/intuitiv-traening/
_pages/vurderingsvaerktoejer-sportspyskologi.md,Alle Vurderingsværktøjer & Psykologiske Tests,/vurderingsvaerktoejer/
_pages/vurderingsvaerktoejer-sportspyskologi.md,Det Samlede Fysiske Testkatalog,/tests/
_pages/vurderingsvaerktoejer-sportspyskologi.md,Interaktive Beregnere,/beregnere/
_pages/tests-balance-tests.md,Enkeltbensstand & Stork Test,/enkeltbensstand-stork-test/
_pages/tests-balance-tests.md,Y-Balance Test,/y-balance-test/
_pages/tests-balance-tests.md,MSLHST (Hop-stabilitetstest),/mslhst-test/
_pages/tests-balance-tests.md,Enkeltbensstand (Single-Leg Stance Test),/enkeltbensstand-stork-test/
_pages/tests-balance-tests.md,Stork Test,/enkeltbensstand-stork-test/
_pages/tests-balance-tests.md,Udfør Enkeltbensstand og Stork Test,/enkeltbensstand-stork-test/
_pages/tests-balance-tests.md,Y-Balance Test,/y-balance-test/
_pages/tests-balance-tests.md,Sådan udføres Y-Balance Test (og historien om SEBT),/y-balance-test/
_pages/tests-balance-tests.md,MSLHST (Multiple Single-Leg Hop Stabilization Test),/mslhst-test/
_pages/tests-balance-tests.md,Udfør MSLHST og lær om den historiske Bass Test,/mslhst-test/
_pages/tests-balance-tests.md,enkeltbensstand på flad fod,/enkeltbensstand-stork-test/
_pages/tests-balance-tests.md,Hvad er balance og postural kontrol?,/balance/
_pages/tests-balance-tests.md,Guide til balancetræning og effektive balanceøvelser,/balancetraening/
_pages/ads-off.md,gratis opdateringer direkte i indbakken,/nyhedsbrev/
_pages/tracking.md,fysiske tests,/tests/
_pages/tracking.md,RPE i styrketræning,/rpe/
_pages/tracking.md,Borg-skalaen (Rate of Perceived Exertion),/borg-skala/
_pages/tracking.md,Træningslog og træningsdagbog,/traeningsdagbog-app/
_pages/tracking.md,Skabeloner til træningsdagbog & træningsprogrammer,/skabeloner/
_pages/tracking.md,SMART-målsætning og evalueringsværktøjer,/smart/
_pages/tracking.md,Heart Rate Variability (HRV),/hrv/
_pages/tracking.md,Hvilepuls som indikator,/hvilepuls/
_pages/tracking.md,Pulsreserve i træningen,/pulsreserve/
_pages/tracking.md,CNS Fatigue / Nervesystemets træthed,/cns-fatigue/
_pages/tracking.md,Submaksimal 6-minutters vo2max test,/submaximal-6min-vvo2max-test/
_pages/tracking.md,1600-meters jogging-test,/submaximal-jogging-test-vo2/
_pages/tracking.md,Åstrands cykeltest (1-punktstest),/etpunktstest/
_pages/tracking.md,Kondital fra puls,/kondital-fra-puls/
_pages/tracking.md,ACWR Belastningsberegner,/acwr-beregner/
_pages/tracking.md,træningsdagbog,/traeningsdagbog-app/
_pages/tracking.md,Søvn- og Restitutionsdagbog,/soevndagbog/
_pages/traeningslaere.md,grundlæggende træningsprincipper,/traeningsprincipper/
_pages/traeningslaere.md,træningsprincipperne,/traeningsprincipper/
_pages/traeningslaere.md,søvnens betydning for præstation,/soevn-optimering/
_pages/traeningslaere.md,fatigue management,/traeningsprincipper/
_pages/traeningslaere.md,guide til sportsernæring,/sportsernaering/
_pages/traeningslaere.md,koffein,/koffein/
_pages/traeningslaere.md,bikarbonat,/bikarbonat/
_pages/traeningslaere.md,SMART-modellen,/smart/
_pages/traeningslaere.md,Læs alt om kroppens fysiologi,/fysiologi/
_pages/traeningslaere.md,Fysiologiske tilpasninger ved styrketræning,/fysiologiske-tilpasninger/
_pages/traeningslaere.md,6 fysiologiske forandringer ved konditionstræning,/tilpasning-konditionstraening/
_pages/traeningslaere.md,Superkompensation,/superkompensation/
_pages/traeningslaere.md,Muskelvækst og hypertrofi,/muskelvaekst-hypertrofi/
_pages/traeningslaere.md,Hvor hurtigt vokser muskler?,/hvor-hurtigt-vokser-muskler/
_pages/traeningslaere.md,Puls og hjerterytme,/puls/
_pages/traeningslaere.md,Blodtryk,/blodtryk/
_pages/traeningslaere.md,Grundlæggende anatomi,/anatomi/
_pages/traeningslaere.md,Interaktiv muskeloversigt,/muskler/
_pages/traeningslaere.md,Knogler,/knogler/
_pages/traeningslaere.md,Led,/led/
_pages/traeningslaere.md,Muskelfibertyper (Røde og hvide fibre),/muskelfibertyper/
_pages/traeningslaere.md,Hvordan trækker en muskel sig sammen?,/muskelsammentraekning/
_pages/traeningslaere.md,Mænds og kvinders muskler,/maend-kvinder-muskler/
_pages/traeningslaere.md,Læs alt om biomekanik,/biomekanik/
_pages/traeningslaere.md,Bevægelsesanalyse for instruktører og atleter,/bevaegelsesanalyse/
_pages/traeningslaere.md,Katalog over træningsprogrammer,/traeningsprogrammer/
_pages/traeningslaere.md,Øvelseskatalog,/traeningsoevelser/
_pages/traeningslaere.md,Træningslære i styrketræning,/styrketraening/traeningslaere/
_pages/traeningslaere.md,Periodisering efter niveau,/styrketraening/periodisering/
_pages/traeningslaere.md,De 4 træningsprincipper i løb,/traeningsprincipper-loeb/
_pages/traeningslaere.md,Progression i løbetræning,/progression-loeb/
_pages/traeningslaere.md,Træningsfilosofier til løb,/traeningsfilosofier-loeb/
_pages/traeningslaere.md,Læs alt om restitution,/restitution/
_pages/traeningslaere.md,Søvn og præstation,/soevn-optimering/
_pages/traeningslaere.md,Skader og skadesforebyggelse,/skader/
_pages/traeningslaere.md,Muskelømhed (DOMS),/omme-muskler-efter-traening/
_pages/traeningslaere.md,Pause fra konditionstræning,/hvor-hurtigt-mister-form-kondition/
_pages/traeningslaere.md,Atrofi: Hvor hurtigt mister man muskelmasse?,/atrofi-muskelmasse-muskelstyrke/
_pages/roning.md,Læs vores store sammenligning af de bedste cardiomaskiner,/bedste-cardiomaskiner/
_pages/roning.md,Tag testen: Kondital ud fra 2000m roning,/kondital-roning/
_pages/roning.md,Prøv værktøjet: Trappetest i roning (Live Timer),/roning-trappetest/
_pages/roning.md,Beregn din Powerkurve: Powerprofil Dashboard,/roning-powerprofil/
_pages/roning.md,Se programmerne: Træningsprogrammer og Intervaller til Roning,/artikel/traeningsprogrammer-intervaller-roning/
_pages/exercises-tag-hip-dominant.md,benøvelser,/benoevelser/
_pages/exercises-tag-hip-dominant.md,balleøvelser,/balleoevelser/
_pages/exercises-tag-hip-dominant.md,knædominante øvelser,/knaedominante-oevelser/
_pages/exercises-tag-hip-dominant.md,træningsprogrammer,/traeningsprogrammer/
_pages/exercises-tag-hip-dominant.md,dødløft,/doedloeft-biomekanik/
_pages/exercises-tag-hip-dominant.md,squat,/squat-biomekanik/
_pages/exercises-tag-hip-dominant.md,Gluteus Maximus (Den store baldemuskel),/gluteus-maximus/
_pages/exercises-tag-hip-dominant.md,Hasemusklerne / Hamstrings,/muskler/ben/
_pages/exercises-tag-hip-dominant.md,Erector Spinae (Rygstrækkerne),/muskler/ryggen/
_pages/exercises-tag-hip-dominant.md,Knædominante øvelser (Forlårsøvelser),/knaedominante-oevelser/
_pages/exercises-tag-hip-dominant.md,Dødløftmekanik,/doedloeft-biomekanik/
_pages/exercises-tag-hip-dominant.md,Balleøvelser,/balleoevelser/
_pages/exercises-tag-hip-dominant.md,Benøvelser,/benoevelser/
_pages/exercises-tag-bryst.md,træningsøvelser,/traeningsoevelser/
_pages/exercises-tag-bryst.md,presøvelser,/presoevelser/
_pages/exercises-tag-bryst.md,træningsprogrammer,/traeningsprogrammer/
_pages/exercises-tag-bryst.md,muskelmasse (hypertrofi),/muskelvaekst-hypertrofi/
_pages/exercises-tag-bryst.md,maksimale styrke i bænkpres,/styrkeloeft/baenkpres/
_pages/exercises-tag-bryst.md,Pectoralis Major,/pectoralis-major/
_pages/exercises-tag-bryst.md,Pectoralis Minor,/pectoralis-minor/
_pages/exercises-tag-bryst.md,progressive overload,/progressionsmodeller-progressivt-overload/
_pages/exercises-tag-bryst.md,Presøvelser,/presoevelser/
_pages/exercises-tag-bryst.md,Trækøvelser,/traekoevelser/
_pages/exercises-tag-bryst.md,Rygøvelser,/rygoevelser/
_pages/exercises-tag-bryst.md,strukturel balance,/strukturel-balance/
_pages/exercises-tag-bryst.md,Bænkpresmekanik,/baenkpres-biomekanik/
_pages/exercises-tag-bryst.md,Armøvelser,/arme-triceps-biceps/
_pages/exercises-tag-bryst.md,Skulderøvelser,/skulderoevelser/
_pages/styrke-helkropsprogrammer.md,vil lave dit eget helkropsprogram,/artikel/hvordan-opbygger-jeg-et-helkropsprogram/
_pages/styrke-helkropsprogrammer.md,oversigt over styrketræningsprogrammer,/styrketraeningsprogrammer/
_pages/styrke-helkropsprogrammer.md,splitprogrammer,/styrketraening/split-programmer/
_pages/styrke-helkropsprogrammer.md,splitprogrammer,/styrketraening/split-programmer/
_pages/styrke-helkropsprogrammer.md,samlede katalog af styrkeprogrammer,/styrketraeningsprogrammer/
_pages/styrke-helkropsprogrammer.md,klassiske træningsprogrammer til styrke,/styrketraeningsprogrammer/
_pages/gymnasieidraet.md,Kondition og cardio,/kondition/
_pages/gymnasieidraet.md,Restitution,/restitution/
_pages/gymnasieidraet.md,Sportsernæring,/sportsernaering/
_pages/gymnasieidraet.md,Træningslære,/traeningslaere/
_pages/gymnasieidraet.md,Træningsmetoder,/traeningsmetoder/
_pages/gymnasieidraet.md,Styrketræning,/styrketraening/
_pages/gymnasieidraet.md,Konditionstests,/kondition/tests/
_pages/gymnasieidraet.md,1RM Beregner,/rm-beregner/
_pages/gymnasieidraet.md,Pulsberegnere,/beregnere/
_pages/gymnasieidraet.md,Alle Fysiske Tests,/tests/
_pages/gymnasieidraet.md,SMART-modellen,/smart/
_pages/gymnasieidraet.md,Øvelseskatalog,/traeningsoevelser/
_pages/gymnasieidraet.md,Bryst,/brystoevelser/
_pages/gymnasieidraet.md,Ryg,/rygoevelser/
_pages/gymnasieidraet.md,Ben,/benoevelser/
_pages/gymnasieidraet.md,Core,/core/
_pages/gymnasieidraet.md,Programlægning i Styrketræning,/traeningsprogram-programlaegning-styrketraening/
_pages/gymnasieidraet.md,Træningsplanlægning,/traeningsplanlaegning/
_pages/gymnasieidraet.md,Løbesiden,/loebesiden/
_pages/gymnasieidraet.md,Kom i gang med løb,/artikel/kom-i-gang-med-loebetraeningen/
_pages/gymnasieidraet.md,Cykeltræning,/cykling/
_pages/gymnasieidraet.md,Springtræning,/springtraening/
_pages/gymnasieidraet.md,Udstrækning,/udstraekning-udspaending/
_pages/gymnasieidraet.md,Balancetræning,/balancetraening/
_pages/gymnasieidraet.md,Yoga,/yoga/
_pages/gymnasieidraet.md,Gang og gåture,/gang/
_pages/gymnasieidraet.md,Træningsprogrammer,/traeningsprogrammer/
_pages/gymnasieidraet.md,Testsektion,/tests/
_pages/politiets-optagelsesproeve.md,"Politiets fysiske tests, krav og træningstips",/politiets-fysiske-tests-krav-optagelsesproeve/
_pages/tests-biking.md,kondital,/kondital/
_pages/tests-biking.md,Vælg den rette FTP-test,/ftp-test/
_pages/tests-biking.md,20-minutters FTP-test,/ftp-test/
_pages/tests-biking.md,Ramp Test (Trappetest på cykel),/trappetest-cykel/
_pages/tests-biking.md,maksimale iltoptagelse (VO₂max),/maksimale-iltoptagelse-vo2max/
_pages/tests-biking.md,Åstrand 1-punktstest,/etpunktstest/
_pages/tests-biking.md,Åstrand 2-punktstest,/topunktstest/
_pages/tests-biking.md,Wattmax-test,/kondital-wattmax/
_pages/tests-biking.md,Laboratorietest til cykling,/iltoptagelsestest-cykel/
_pages/tests-biking.md,Peak Power Test (6-15 sekunder),/6sek/
_pages/tests-biking.md,Wingate 30-sekunders All-Out Test,/wingate/
_pages/tests-biking.md,Udregn dine Watt-zoner,/ftp-cykling/
_pages/tests-biking.md,Watt pr. kg beregner,/vam/
_pages/tests-biking.md,Se alle cykelartikler og træningstips »,/cykling/
_pages/vaerktoejer.md,Ligevægtsindtag,/ligevaegtsindtag-beregner/
_pages/vaerktoejer.md,BMR Beregner,/bmr-beregner/
_pages/vaerktoejer.md,BMI Beregner (Voksne),/bmi/
_pages/vaerktoejer.md,BMI til Børn & Unge,/bmi-beregner-boern-unge-teenagere/
_pages/vaerktoejer.md,Mål din Fedtprocent,/maal-fedtprocent/
_pages/vaerktoejer.md,Taljemål & Talje-Hofte Ratio,/taljemaal/
_pages/vaerktoejer.md,Se alle vores beregnere »,/beregnere/
_pages/vaerktoejer.md,1RM Beregner (Max Vægt),/rm-beregner/
_pages/vaerktoejer.md,Omregn Aktivitet til Skridt,/omregn-motion-aktivitet-sport-til-skridt/
_pages/vaerktoejer.md,RPE & RIR Omregner,/rpe/
_pages/vaerktoejer.md,Pulszoner Beregner,/pulszoner-beregner/
_pages/vaerktoejer.md,Hastighed & Pace Beregner,/hastighed/
_pages/vaerktoejer.md,VDOT & Løbetider,/loebesiden-jack-daniels-loebeberegner/
_pages/vaerktoejer.md,Se alle konditionstests »,/kondition/tests/
_pages/vaerktoejer.md,Se alle løbetests »,/tests/loeb/
_pages/vaerktoejer.md,Se alle cykeltests »,/tests/cykling/
_pages/vaerktoejer.md,REDs Energitjek (Relativ Energimangel),/rem-s/
_pages/vaerktoejer.md,Sportspsykologiske Tests,/sportspsykologiske-tests/
_pages/vaerktoejer.md,WHO-5 Trivselsindeks,/who5-trivselindekset/
_pages/vaerktoejer.md,Stresstest (PSS-10),/stress-test/
_pages/vaerktoejer.md,Se det fulde psykologiske testkatalog »,/vurderingsvaerktoejer/
_pages/vaerktoejer.md,"Fysisk Testkatalog (Kondition, Løb, Cykling, Styrke)",/tests/
_pages/vaerktoejer.md,Vurderingsværktøjer & Psykologiske Tests,/vurderingsvaerktoejer/
_pages/vaerktoejer.md,Sportspsykologiske Tests (Atleter & Trænere),/sportspsykologiske-tests/
_pages/vaerktoejer.md,Politiets Optagelsesprøve,/politiets-optagelsesproeve/
_pages/tag-activity-archive.md,træningsøvelser,/traeningsoevelser/
_pages/tag-activity-archive.md,styrketræning,/styrketraening/
_pages/tag-activity-archive.md,cardio,/cardio-traening-workout/
_pages/tag-activity-archive.md,maveøvelser,/maveoevelser/
_pages/tag-activity-archive.md,armøvelser,/arme-triceps-biceps/
_pages/tag-activity-archive.md,benøvelser,/benoevelser/
_pages/tag-activity-archive.md,brystøvelser,/brystoevelser/
_pages/tag-activity-archive.md,balleøvelser,/balleoevelser/
_pages/tag-activity-archive.md,rygøvelser,/rygoevelser/
_pages/tag-activity-archive.md,skulderøvelser,/skulderoevelser/
_pages/tag-activity-archive.md,balanceøvelser,/balancetraening/
_pages/tag-activity-archive.md,coretræning,/core/
_pages/tag-activity-archive.md,udstrækningsøvelser,/udstraekning-udspaending/
_pages/biomekanik.md,Alt om fysiologi,/fysiologi/
_pages/biomekanik.md,Grundlæggende anatomi,/anatomi/
_pages/biomekanik.md,Muskler,/muskler/
_pages/biomekanik.md,Knogler,/knogler/
_pages/biomekanik.md,Led,/led/
_pages/biomekanik.md,Alt om anatomi,/anatomi/
_pages/biomekanik.md,Alt om træningslære,/traeningslaere/
_pages/tests-sprint.md,30-meter sprinttest med fotoceller,/sprinttest-med-sprintceller/
_pages/tests-sprint.md,RAST-test (Repeat Anaerobic Sprint Test),/rast-test/
_pages/tests-sprint.md,30m sprinttest med sprintceller,/sprinttest-med-sprintceller/
_pages/tests-sprint.md,retningsskift og agilitetstests,/retningsskift-test/
_pages/udstyr.md,musik til træningen,/artikel/musik-til-traeningen/
_pages/udstyr.md,gode podcasts fx om fitness og træning,/bedste-fitness-traening-podcasts/
_pages/udstyr.md,heart rate variability,/hrv/
_pages/udstyr.md,restitution og restitutionstid,/restitution/
_pages/udstyr.md,kompressionsstrømper,/kompressionsstroemper-restitution-praestation-bivirkninger/
_pages/udstyr.md,velocity based training,/vbt/
_pages/udstyr.md,løbebøger,/loebeboeger-boeger-om-loeb/
_pages/udstyr.md,bøger om træning,/traeningsboeger-boeger-om-traening/
_pages/styrke.md,Introduktion til Styrketræning,/styrketraening/introduktion/
_pages/styrke.md,Progressivt Overload,/progressionsmodeller-progressivt-overload/
_pages/styrke.md,Benøvelser & Lår,/benoevelser/
_pages/styrke.md,Baldeøvelser,/balleoevelser/
_pages/styrke.md,Rygøvelser,/rygoevelser/
_pages/styrke.md,Brystøvelser,/brystoevelser/
_pages/styrke.md,Armøvelser (Biceps & Triceps),/arme-triceps-biceps/
_pages/styrke.md,Skulderøvelser,/skulderoevelser/
_pages/styrke.md,Maveøvelser & Core,/maveoevelser/
_pages/styrke.md,Se det samlede katalog over styrketræningsøvelser »,/styrketraeningsoevelser/
_pages/styrke.md,Helkropsprogrammer (Fullbody),/styrketraening/helkropsprogrammer/
_pages/styrke.md,Splitprogrammer,/styrketraening/split-programmer/
_pages/styrke.md,Sådan opbygger du dit eget program,/traeningsprogram-programlaegning-styrketraening/
_pages/styrke.md,1RM Beregner,/rm-beregner/
_pages/styrke.md,Vægtskive-beregner,/skiver/
_pages/styrke.md,Træningspyramiden (Eric Helms),/traeningspyramiden-styrketraening/
_pages/styrke.md,Okklusionstræning,/introduktion-okklusionstraening/
_pages/styrke.md,Velocity Based Training (VBT),/vbt/
_pages/styrke.md,Styrketræning for Løbere,/styrketraening-til-loeb/
_pages/kondition-test.md,kondital-beregnere uden test her,/kondital/
_pages/kondition-test.md,Alt om kondition,/kondition/
_pages/kondition-test.md,Løbebåndstest med iltmaske,/iltoptagelsestest-loebebaand/
_pages/kondition-test.md,Masketest på cykel,/iltoptagelsestest-cykel/
_pages/kondition-test.md,Cooper-test,/cooper-test/
_pages/kondition-test.md,2400-meter test,/kondital-2400-meter/
_pages/kondition-test.md,Åstrand 1-punktstest,/etpunktstest/
_pages/kondition-test.md,1609 m Jogging-test,/submaximal-jogging-test-vo2/
_pages/kondition-test.md,Åstrand 1-punktstest,/etpunktstest/
_pages/kondition-test.md,Rockport gå-test,/gaatest/
_pages/kondition-test.md,Cooper-test (12 min),/cooper-test/
_pages/kondition-test.md,Bip-test,/bip-test/
_pages/kondition-test.md,Wattmax-test,/kondital-wattmax/
_pages/kondition-test.md,Cooper-test (12 minutter),/cooper-test/
_pages/kondition-test.md,2400-meter test,/kondital-2400-meter/
_pages/kondition-test.md,Yo-Yo test,/yoyo-test/
_pages/kondition-test.md,Bip-test,/bip-test/
_pages/kondition-test.md,1609 m Jogging-test,/submaximal-jogging-test-vo2/
_pages/kondition-test.md,Se den samlede oversigtsaide for alle løbetests »,/tests/loeb/
_pages/kondition-test.md,Wattmax-test,/kondital-wattmax/
_pages/kondition-test.md,Åstrand 1-punktstest,/etpunktstest/
_pages/kondition-test.md,FTP & 20-minutters test,/ftp-test/
_pages/kondition-test.md,Se den samlede oversigtsside for alle cykeltests »,/tests/cykling/
_pages/kondition-test.md,6-minutters gangtest (6MWT),/gaatest-6min/
_pages/kondition-test.md,"Rockport 1,6 km gå-test",/gaatest/
_pages/kondition-test.md,Mål din kondition uden fysisk tests,/kondital/
_pages/kondition-test.md,YMCA 3-minutters step-test,/ymca-3-minutters-steptest/
_pages/kondition-test.md,oversigt over alle steptests,/kondital-fra-steptest/
_pages/kondition-test.md,"Rockports 1,6 km gå-test",/gaatest/
_pages/kondition-test.md,"1,6 km jogging-test",/submaximal-jogging-test-vo2/
_pages/kondition-test.md,tabellen over hvad der er et godt kondital for mænd og kvinder,/kondital/
_pages/kondition-test.md,Guide til direkte måling af iltoptagelse (VO2max) →,/iltoptagelse-laboratorietest/
_pages/kondition-test.md,Hvilepuls,/hvilepuls/
_pages/tests-jump-vertical-tests.md,springtræning,/springtraening/
_pages/tests-jump-vertical-tests.md,Squat Jump (SJ),/countermovement-jump-cmj-squat-jump-sj/#sj
_pages/tests-jump-vertical-tests.md,Countermovement Jump (CMJ),/countermovement-jump-cmj-squat-jump-sj/#cmj
_pages/tests-jump-vertical-tests.md,Abalakov Jump test,/countermovement-jump-cmj-squat-jump-sj/#abalakov
_pages/tests-jump-vertical-tests.md,Sargent Jump Test,/sargent-jump-test/
_pages/tests-jump-vertical-tests.md,Jump & Reach,/jump-reach/
_pages/tests-jump-vertical-tests.md,Reactive Strength Index (RSI),/reactive-strength-index-rsi/
_pages/tests-jump-vertical-tests.md,Sargent Jump-testen,/sargent-jump-test/
_pages/tests-jump-vertical-tests.md,Jump & Reach-testen,/jump-reach/
_pages/tests-jump-vertical-tests.md,Reactive Strength Index (RSI),/reactive-strength-index-rsi/
_pages/tests-jump-vertical-tests.md,counter movement jumps,/countermovement-jump-cmj-squat-jump-sj/
_pages/tests-jump-vertical-tests.md,kræfter i det vertikale hop,/fysik-vertikalt-hop/
_pages/traeningsplanlaegning.md,træningsprogrammer til styrketræning,/styrketraeningsprogrammer/
_pages/traeningsplanlaegning.md,Se alle styrketræningsprogrammer,/styrketraeningsprogrammer/
_pages/traeningsplanlaegning.md,Sådan laver du dit eget styrketræningsprogram,/traeningsprogram-programlaegning-styrketraening/
_pages/exercises-tag-arme.md,træningsøvelser,/traeningsoevelser/
_pages/exercises-tag-arme.md,trækøvelser,/traekoevelser/
_pages/exercises-tag-arme.md,presøvelser,/presoevelser/
_pages/exercises-tag-arme.md,rows,/rows/
_pages/exercises-tag-arme.md,chinups og pullups,/chinup-vs-pullup/
_pages/exercises-tag-arme.md,bænkpres,/oevelse/baenkpres/
_pages/exercises-tag-arme.md,armstrækninger,/armbojninger-eller-armstraekninger-pushups/
_pages/exercises-tag-arme.md,Trækøvelser,/traekoevelser/
_pages/exercises-tag-arme.md,Presøvelser,/presoevelser/
_pages/exercises-tag-arme.md,Brystøvelser,/brystoevelser/
_pages/exercises-tag-arme.md,Rygøvelser,/rygoevelser/
_pages/blog-archive.md,Se artikler efter kategori,/categories/
_pages/biking.md,pulstræning,/pulstraening/
_pages/biking.md,intervaltræning til cykling,/intervaltraening-cykling/
_pages/biking.md,Se alle cykeltests,/tests/cykling/
_pages/biking.md,Se alle vores beregnere,/beregnere/
_pages/traeningsformer.md,Styrketræning,/styrketraening/
_pages/traeningsformer.md,Calisthenics & kropsvægtstræning,/calisthenics-begynderprogram-kropsvaegtstraening/
_pages/traeningsformer.md,Funktionel træning,/artikel/funktionel-styrketraening/
_pages/traeningsformer.md,Powerlifting & Vægtløftning,/styrketraening/
_pages/traeningsformer.md,Løb og løbetræning,/loebesiden/
_pages/traeningsformer.md,Roning og roergometer,/roning/
_pages/traeningsformer.md,Kondition og cardio,/kondition/
_pages/traeningsformer.md,HIIT (Højintensiv intervaltræning),/hiit/
_pages/traeningsformer.md,Cykeltræning,/cykling/
_pages/traeningsformer.md,Gang og walking,/gang/
_pages/traeningsformer.md,Rotræning,/artikel/traeningsprogrammer-intervaller-roning/
_pages/traeningsformer.md,Yoga og mindfulness,/yoga/
_pages/traeningsformer.md,Smidighedstræning,/smidighedstraening/
_pages/traeningsformer.md,Udstrækning og udspænding,/udstraekning-udspaending/
_pages/traeningsformer.md,Balancetræning og core,/balancetraening/
_pages/traeningsformer.md,Foam rolling,/foamrolling/
_pages/traeningsformer.md,Springtræning,/springtraening/
_pages/traeningsformer.md,Plyometrisk træning,/plyometrisk-traening/
_pages/traeningsformer.md,Træningsøvelser,/traeningsoevelser/
_pages/traeningsformer.md,Træningsprogrammer,/traeningsprogrammer/
_pages/traeningsformer.md,Træningslære,/traeningslaere/
_pages/traeningsformer.md,Træningsmetoder,/traeningsmetoder/
_pages/fitnessinstruktoer.md,Læs meget mere om fysiologi,/fysiologi/
_pages/fitnessinstruktoer.md,Grundlæggende anatomi,/anatomi/
_pages/fitnessinstruktoer.md,Muskler,/muskler/
_pages/fitnessinstruktoer.md,Knogler,/knogler/
_pages/fitnessinstruktoer.md,Led,/led/
_pages/fitnessinstruktoer.md,Alt om træningslære,/traeningslaere/
_pages/fitnessinstruktoer.md,Læs mere om konditionstræning og cardio,/kondition/
_pages/fitnessinstruktoer.md,Se alle øvelserne til fitnessinstruktør,/fitnessinstruktoer/oevelser/
_pages/fitnessinstruktoer.md,Alt om træningsplanlægning,/traeningsplanlaegning/
_pages/fitnessinstruktoer.md,Mere om skader,/skader/
_pages/spring.md,Rate of Force Development,/rate-of-force-development/
_pages/spring.md,fysikken i de vertikale hop,/fysik-vertikalt-hop/
_pages/spring.md,fysikken i det stående længdespring,/fysik-horisontalt-hop/
_pages/spring.md,plyometrisk træning,/plyometrisk-traening/
_pages/spring.md,Eksplosiv Styrke Dashboard,/eksplosivitet/
_pages/spring.md,Countermovement Jump (CMJ) & Squat Jump (SJ),/countermovement-jump-cmj-squat-jump-sj/
_pages/spring.md,Broad Jump (Stående Længdehop),/broadjump/
_pages/spring.md,Reactive Strength Index (RSI),/reactive-strength-index-rsi/
_pages/spring.md,Dynamic Strength Index (DSI),/dynamic-strength-index-dsi/
_pages/spring.md,Se alle springtests og beregnere,/springtests-hoppehoejde/
_pages/skader.md,restitution og optimering af restitutionstid,/restitution/
_pages/skader.md,Alt om restitution,/restitution/
_pages/skader.md,hvordan du laver dit eget styrketræningsprogram,/traeningsprogram-programlaegning-styrketraening/
_pages/skader.md,hvad du skal tænke på i et løbeprogram,/artikel/kom-i-gang-med-loebetraeningen/
_pages/skader.md,Se alle træningsprogrammer,/traeningsprogrammer/
_pages/skader.md,bedste træningsøvelser,/traeningsoevelser/
_pages/skader.md,strækøvelser,/udstraekning-udspaending/
_pages/skader.md,balanceøvelser,/balancetraening/
_pages/skader.md,træning af core og kropsstammen,/core/
_pages/skader.md,øvelser til maven,/maveoevelser/
_pages/skader.md,armøvelser,/arme-triceps-biceps/
_pages/skader.md,benøvelser,/benoevelser/
_pages/skader.md,øvelser til brystet,/brystoevelser/
_pages/skader.md,balleøvelser,/balleoevelser/
_pages/skader.md,rygøvelser,/rygoevelser/
_pages/skader.md,skulderøvelser,/skulderoevelser/
_pages/skader.md,Se alle vores træningsøvelser til inspiration,/traeningsoevelser/
_pages/skader.md,omfattende anatomiguide,/anatomi/
_pages/skader.md,guide til bevægelsesanalyse,/bevaegelsesanalyse/
_pages/skader.md,fysiologi,/fysiologi/
_pages/skader.md,Alt om træningslæren,/traeningslaere/
_pages/exercises-archive.md,styrketræningsøvelser,/styrketraeningsoevelser/
_pages/exercises-archive.md,Workouts & WODs Arkiv,/workouts/
_pages/exercises-archive.md,Se alle træningsformer,/traeningsformer/
_pages/kondition.md,tabeller over kondital,/kondital/
_pages/kondition.md,normer for kondital,/kondital/
_pages/kondition.md,Hvor hurtigt mister du form og kondition i en træningspause,/hvor-hurtigt-mister-form-kondition/
_pages/kondition.md,Konditionstests: Test din kondition og dit kondital,/kondition/tests/
_pages/kondition.md,dit kondital,/kondital/
_pages/kondition.md,beregne dit kondital,/kondital/
_pages/kondition.md,hvilepulsen,/hvilepuls/
_pages/kondition.md,6 fysiologiske tilpasninger til konditionstræning,/tilpasning-konditionstraening/
_pages/kondition.md,Alt om den maksimale iltoptagelse og VO2max,/maksimale-iltoptagelse-vo2max/
_pages/kondition.md,Konditionstræning og kredsløbstræning,/konditionstraening/
_pages/kondition.md,din maksimale puls,/test-max-puls/
_pages/kondition.md,Konditionstræning: Hvordan træner du din kondition?,/konditionstraening/
_pages/kondition.md,intervaltræning,/intervaltraening/
_pages/kondition.md,intervaltræning til løb,/intervallob-intervaltraening/
_pages/kondition.md,intervaltræning til cykling,/intervaltraening-cykling/
_pages/kondition.md,Guide til intervaltræning og hvad der virker?,/intervaltraening/
_pages/exercises-tag-abs.md,ikke punktforbrænde fedt på maven,/tab-fedt-paa-maven/
_pages/exercises-tag-abs.md,træningsprogrammer,/traeningsprogrammer/
_pages/exercises-tag-abs.md,coretræning,/core/
_pages/exercises-tag-abs.md,coretræning,/core/
_pages/exercises-tag-abs.md,tabe fedt på maven,/tab-fedt-paa-maven/
_pages/exercises-tag-abs.md,muskler skal vokse,/hvordan-vokser-muskler/
_pages/styrke-oevelser.md,træningsprogram,/traeningsprogrammer/
_pages/styrke-oevelser.md,træningsøvelser,/traeningsoevelser/
_pages/styrke-programmer.md,Helkropsprogrammer (Fullbody),/styrketraening/helkropsprogrammer/
_pages/styrke-programmer.md,Splitprogrammer,/styrketraening/split-programmer/
_pages/styrke-programmer.md,Anmeldelser af kendte programmer,/vaelg-traeningsprogram/
_pages/styrke-programmer.md,Læs guiden: Sådan vælger du det rette styrkeprogram →,/vaelg-traeningsprogram/
_pages/styrke-programmer.md,helkropsprogram (fullbody),/styrketraening/helkropsprogrammer/
_pages/styrke-programmer.md,2-split eller 3-split program,/styrketraening/split-programmer/
_pages/styrke-programmer.md,Se alle helkropsprogrammer (Fullbody) →,/styrketraening/helkropsprogrammer/
_pages/styrke-programmer.md,Se alle splitprogrammer →,/styrketraening/split-programmer/
_pages/programs.md,forskellige workouts,/workouts/
_pages/programs.md,Fullbody / Helkropsprogrammer (Begynder),/styrketraening/helkropsprogrammer/
_pages/programs.md,Splitprogrammer,/styrketraening/split-programmer/
_pages/programs.md,træningslære og programlægning,/traeningslaere/
_pages/programs.md,Udforsk vores samlede Workouts & WODs Arkiv,/workouts/
_pages/exercises-tag-glutes.md,benøvelser,/benoevelser/
_pages/exercises-tag-glutes.md,hoftedominante øvelser,/hoftedominante-oevelser/
_pages/exercises-tag-glutes.md,træningsprogrammer,/traeningsprogrammer/
_pages/exercises-tag-glutes.md,styrketræning,/styrketraening/
_pages/exercises-tag-glutes.md,Hip Thrust,/oevelse/hip-thrusters/
_pages/exercises-tag-glutes.md,Squat,/squat-dybt/
_pages/exercises-tag-glutes.md,Rumænsk Dødløft,/oevelse/romanian-deadlift/
_pages/exercises-tag-glutes.md,Gluteus Maximus (Den store baldemuskel),/gluteus-maximus/
_pages/exercises-tag-glutes.md,Gluteus Medius (Den midterste baldemuskel),/gluteus-medius/
_pages/exercises-tag-glutes.md,Gluteus Minimus (Den mindste baldemuskel),/gluteus-minimus/
_pages/exercises-tag-glutes.md,squat,/squat-dybt/
_pages/exercises-tag-glutes.md,rumænsk dødløft,/oevelse/romanian-deadlift/
_pages/exercises-tag-glutes.md,muskelvækst (hypertrofi),/muskelvaekst-hypertrofi/
_pages/exercises-tag-glutes.md,Hip Thrust,/oevelse/hip-thrusters/
_pages/exercises-tag-glutes.md,progressivt overload,/progressionsmodeller-progressivt-overload/
_pages/exercises-tag-glutes.md,Benøvelser,/benoevelser/
_pages/exercises-tag-glutes.md,Hoftedominante øvelser,/hoftedominante-oevelser/
_pages/exercises-tag-glutes.md,Styrketræning,/styrketraening/
_pages/exercises-tag-glutes.md,Gluteus Maximus anatomi,/gluteus-maximus/
_pages/exercises-tag-press.md,Gå til overblik over Brystøvelser &rarr;,/brystoevelser/
_pages/exercises-tag-press.md,Gå til overblik over Skulderøvelser &rarr;,/skulderoevelser/
_pages/exercises-tag-press.md,styrketræning,/styrketraening/
_pages/exercises-tag-press.md,muskelvækst (hypertrofi),/muskelvaekst-hypertrofi/
_pages/exercises-tag-press.md,maksimal styrke,/maksimal-styrke/
_pages/exercises-tag-press.md,Bænkpres,/oevelse/baenkpres/
_pages/exercises-tag-press.md,armstrækninger (push-ups),/armbojninger-eller-armstraekninger-pushups/
_pages/exercises-tag-press.md,trækøvelser,/traekoevelser/
_pages/exercises-tag-press.md,rygøvelser,/rygoevelser/
_pages/exercises-tag-press.md,strukturel balance,/strukturel-balance/
_pages/exercises-tag-press.md,Brystøvelser,/brystoevelser/
_pages/exercises-tag-press.md,Skulderøvelser,/skulderoevelser/
_pages/exercises-tag-press.md,Armøvelser,/arme-triceps-biceps/
_pages/exercises-tag-press.md,Trækøvelser,/traekoevelser/
_pages/exercises-tag-press.md,Bænkpresmekanik,/baenkpres-biomekanik/
_pages/tests-running.md,Coopers 12 minutters løbetest,/cooper-test/
_pages/tests-running.md,2400 meter testen,/kondital-2400-meter/
_pages/tests-running.md,bip-testen,/bip-test/
_pages/tests-running.md,oversigt over løbeværktøjer og beregnere,/loebesiden/#beregnere
_pages/tests-running.md,konditionstests generelt,/kondition/tests/
_pages/tests-running.md,Cooper-testen,/cooper-test/
_pages/tests-running.md,2400-meter testen,/kondital-2400-meter/
_pages/tests-running.md,1609 m jogging-test,/submaximal-jogging-test-vo2/
_pages/tests-running.md,Rockport gå-test,/gaatest/
_pages/tests-running.md,Bip-testen,/bip-test/
_pages/tests-running.md,Yo-Yo testen,/yoyo-test/
_pages/tests-running.md,6-minutters all-out test,/billat-vvovmax-tlimvo2max/
_pages/tests-running.md,Løbebåndstest med iltmaske,/iltoptagelse-submax-trappetest-ramp-maxtest-loeb/
_pages/tests-running.md,Løbestilsanalyse,/loebeteknik/
_pages/tests-running.md,Cooper-test,/cooper-test/
_pages/tests-running.md,1609m Jogging-test,/submaximal-jogging-test-vo2/
_pages/tests-running.md,Bip-test / Yo-Yo,/bip-test/
_pages/tests-running.md,Masketest på løbebånd,/iltoptagelsestest-loebebaand/
_pages/tests-running.md,Billat-intervaller & 6-min all-out test,/billat-vvovmax-tlimvo2max/
_pages/tests-running.md,Olher submaksimal 6-min test,/submaximal-6min-vvo2max-test/
_pages/gang.md,forbrænder færre kalorier end ved løb,/loeb-mere-energi-gang/
_pages/gang.md,forbrænding ved gang,/forbraending-ved-gaa-gang/
_pages/traeningsmetoder.md,træningsprincipperne,/traeningsprincipper/
_pages/traeningsmetoder.md,træningslære,/traeningslaere/
_pages/traeningsmetoder.md,styrketræning,/styrketraening/
_pages/traeningsmetoder.md,Plyometrisk træning,/plyometrisk-traening/
_pages/traeningsmetoder.md,konditionstræning,/konditionstraening/
_pages/traeningsmetoder.md,løb,/loebesiden/
_pages/traeningsmetoder.md,aerob træning,/aerob-traening/
_pages/traeningsmetoder.md,maksimale iltoptagelse (VO2 max),/maksimale-iltoptagelse-vo2max/
_pages/traeningsmetoder.md,anaerobe tærskel,/anaerobe-taerskel/
_pages/traeningsmetoder.md,anaerob træning,/anaerob-traening/
_pages/traeningsmetoder.md,intervaltræning,/intervaltraening/
_pages/traeningsmetoder.md,Smidighedstræning – Hovedguide,/smidighedstraening/
_pages/traeningsmetoder.md,Dynamisk og statisk udstrækning,/dynamisk-og-statisk-udstraekning/
_pages/traeningsmetoder.md,PNF-udstrækning,/pnf-udstraekning/
_pages/traeningsmetoder.md,Forskning og myter om udstrækning,/virker-udstraekning/
_pages/traeningsmetoder.md,Katalog over udstrækningsøvelser,/udstraekning-udspaending/
_pages/traeningsmetoder.md,Virker foamrolling?,/virker-foamrolling/
_pages/traeningsmetoder.md,Foamrolling & skumrulle,/foamrolling/
_pages/traeningsmetoder.md,Lacrosse bold & massagebold,/lacrosse-bold-massagebold/
_pages/traeningsmetoder.md,Træningsprincipper,/traeningsprincipper/
_pages/traeningsmetoder.md,Træningslære og fysiologi,/traeningslaere/
_pages/traeningsmetoder.md,Træningsprogrammer,/traeningsprogrammer/
_pages/styrkeloeft.md,træningsprogrammer til styrketræning,/traeningsprogrammer/
_pages/styrkeloeft.md,Se alle styrkeprogrammer,/styrketraeningsprogrammer/
_pages/styrkeloeft.md,velocity based training,/vbt/
_pages/confirm.html,Læs resten af artiklerne,/blog/
_pages/anatomy/anatomi.md,Fysiologi,/fysiologi/
_pages/anatomy/anatomi.md,fysiologi og træningsfysiologi,/fysiologi/
_pages/anatomy/anatomi.md,"Skelettet, knogler og knogletyper 🦴",/knogler/
_pages/anatomy/anatomi.md,"Led, ledtyper og ledbevægelser 🔧",/led/
_pages/anatomy/anatomi.md,Bevægelsestyper og bevægelsesplaner,/bevaegelsestyper-og-bevaegelsesplaner/
_pages/anatomy/anatomi.md,Interaktiv muskeloversigt 💪,/muskler/
_pages/anatomy/anatomi.md,"Koncentrisk, excentrisk og isometrisk arbejde",/koncentrisk-excentrisk-isometrisk/
_pages/anatomy/anatomi.md,Ankelleddet og fodleddet,/joints/ankelleddet-og-fodleddet/
_pages/anatomy/anatomi.md,Knæleddets anatomi,/joints/knaeleddet/
_pages/anatomy/anatomi.md,Hofteleddets anatomi,/joints/hofteleddet/
_pages/anatomy/anatomi.md,Rygsøjlens anatomi,/joints/rygsojlen/
_pages/anatomy/anatomi.md,Skulderleddets anatomi,/joints/rygsojlen/
_pages/anatomy/anatomi.md,Albueleddets anatomi,/joints/albueleddet/
_pages/anatomy/anatomi.md,koncentrisk,/koncentrisk-excentrisk-isometrisk/
_pages/anatomy/anatomi.md,hvordan du laver en bevægelsesanalyse,/bevaegelsesanalyse/
_pages/anatomy/anatomi.md,Se anbefalinger til anatomibøger og plakater her,/anatomi/udstyr-og-boeger/
_pages/anatomy/bones.md,Hvor mange knogler har mennesket?,/hvor-mange-knogler-har-mennesket/
_pages/anatomy/bones.md,anatomi,/anatomi/
_pages/anatomy/bones.md,Hvad vejer skelettet og knoglerne?,/hvad-vejer-skelettet/
_pages/anatomy/bones.md,Hvor mange knogler har mennesket?,/hvor-mange-knogler-har-mennesket/
_pages/anatomy/bones.md,musklerne,/muskler/
_pages/anatomy/bones.md,leddene,/led/
_pages/anatomy/bones.md,206 knogler,/hvor-mange-knogler-har-mennesket/
_pages/anatomy/bones.md,ca. 14-18% af din kropsvægt,/hvad-vejer-skelettet/
_pages/anatomy/joints.md,206 knogler der er i menneskekroppen,/hvor-mange-knogler-har-mennesket/
_pages/anatomy/joints.md,kroppens anatomi,/anatomi/
_pages/anatomy/joints.md,knogler,/knogler/
_pages/anatomy/joints.md,270 knogler når du bliver født,/hvor-mange-knogler-har-mennesket/
_pages/anatomy/joints.md,Musklerne,/muskler/
_pages/anatomy/joints.md,knoglerne,/knogler/
_pages/anatomy/joints.md,musklerne,/muskler/
_pages/anatomy/joints.md,opvarmning,/opvarmning/
_pages/anatomy/joints.md,bevægelsestyper og bevægelsesplaner,/bevaegelsestyper-og-bevaegelsesplaner/
_pages/anatomy/joints.md,Bevægelsestyper og bevægelsesplaner,/bevaegelsestyper-og-bevaegelsesplaner/
_pages/anatomy/bevaegelsestyper.md,bevægelsesanalyse,/bevaegelsesanalyse/
_pages/anatomy/bevaegelsestyper.md,Led,/led/
_pages/anatomy/bevaegelsestyper.md,pullup,/chinup-vs-pullup/
_pages/anatomy/bevaegelsestyper.md,chinup,/chinup-vs-pullup/
_pages/anatomy/bevaegelsestyper.md,armstrækning - eller en armbøjning,/armbojninger-eller-armstraekninger-pushups/
_pages/anatomy/skulderleddet.md,anatomi,/anatomi/
_pages/anatomy/skulderleddet.md,knogler,/knogler/
_pages/anatomy/skulderleddet.md,muskler,/muskler/
_pages/anatomy/skulderleddet.md,led,/led/
_pages/anatomy/skulderleddet.md,alle muskler delt op efter led,/led/
_pages/anatomy/rygsojlen.md,grundlæggende anatomi,/anatomi/
_pages/anatomy/rygsojlen.md,knogler,/knogler/
_pages/anatomy/rygsojlen.md,alle muskler delt op efter led,/led/
_pages/anatomy/ankelleddet-og-fodleddet.md,anatomi,/anatomi/
_pages/anatomy/ankelleddet-og-fodleddet.md,knogler,/knogler/
_pages/anatomy/ankelleddet-og-fodleddet.md,muskler,/muskler/
_pages/anatomy/ankelleddet-og-fodleddet.md,hængselled,/led/
_pages/anatomy/ankelleddet-og-fodleddet.md,alle muskler delt op efter led,/led/
_pages/anatomy/muscles-tabel.md,oversigt over muskler,/muskler/
_pages/anatomy/knaeleddet.md,anatomien,/anatomi/
_pages/anatomy/knaeleddet.md,knogler,/knogler/
_pages/anatomy/knaeleddet.md,muskler,/muskler/
_pages/anatomy/knaeleddet.md,hængselled,/led/
_pages/anatomy/knaeleddet.md,træne hasemusklerne,/artikel/traener-du-dine-haser/
_pages/anatomy/knaeleddet.md,alle muskler delt op efter led,/led/
_pages/anatomy/hofteleddet.md,anatomi,/anatomi/
_pages/anatomy/hofteleddet.md,kugleled,/led/
_pages/anatomy/hofteleddet.md,alle muskler delt op efter led,/led/
_pages/anatomy/albueleddet.md,anatomi,/anatomi/
_pages/anatomy/albueleddet.md,alle muskler delt op efter led,/led/
_pages/anatomy/muscles.md,anatomi,/anatomi/
_pages/anatomy/muscles.md,forskel på mænds og kvinders muskler?,/maend-kvinder-muskler/
_pages/anatomy/muscles.md,ømme muskler,/omme-muskler-efter-traening/
_pages/anatomy/muscles.md,antallet af muskler i menneskekroppen →,/hvor-mange-muskler-i-kroppen/
_pages/anatomy/muscles.md,led,/led/
_pages/anatomy/muscles.md,knogler,/knogler/
_pages/anatomy/muscles.md,Sliding Filament Teorien: Hvordan trækker musklen sig sammen? →,/muskelsammentraekning/
_pages/anatomy/muscles.md,musklerne sorteret efter led i kroppen,/led/
_pages/anatomy/muscles.md,kroppens største og mindste muskler →,/stoerste-og-mindste-muskel-i-kroppen/
_pages/anatomy/muscles.md,Se den store søgbare tabel over alle muskler her,/muskler/tabel/
_pages/anatomy/muscles.md,"Muskelfibertyper: Røde og hvide muskelfibre. Type I, IIa, IIx →",/muskelfibertyper/
_pages/anatomy/muscles.md,**Gluteus Maximus**,/gluteus-maximus/
_pages/anatomy/muscles.md,**Quadriceps**,/quadriceps-femoris/
_pages/anatomy/muscles.md,benmuskler og bentræning,/muskler/ben/
_pages/anatomy/muscles.md,**Latissimus Dorsi**,/latissimus-dorsi/
_pages/anatomy/muscles.md,pullups og chinups,/chinup-vs-pullup/
_pages/anatomy/muscles.md,rows,/rows/
_pages/anatomy/muscles.md,ryggens anatomi og rygmuskler her,/muskler/ryggen/
_pages/anatomy/muscles.md,**Iliopsoas**,/iliopsoas/
_pages/anatomy/muscles.md,**Gluteus Maximus**,/gluteus-maximus/
_pages/anatomy/muscles.md,hoftens muskler og funktion her,/muskler/hoften/
_pages/anatomy/muscles.md,**Deltoideus**,/deltoideus/
_pages/anatomy/muscles.md,**Rotator Cuff**,/rotator-cuff/
_pages/anatomy/muscles.md,skuldermuskler og skulderens anatomi her,/muskler/skulder/
_pages/anatomy/muscles.md,mavemusklerne her,/muskler/mave/
_pages/anatomy/muscles.md,biceps,/biceps-brachii/
_pages/anatomy/muscles.md,**triceps brachii**,/triceps-brachii/
_pages/anatomy/muscles.md,kroppens største og mindste muskler,/stoerste-og-mindste-muskel-i-kroppen/
_pages/anatomy/muscles.md,armmuskler og effektive armøvelser,/muskler/arme/
_pages/anatomy/muscles.md,Hvordan vokser muskler?,/hvordan-vokser-muskler/
_pages/anatomy/muscles.md,Hvor hurtigt vokser dine muskler?,/hvor-hurtigt-vokser-muskler/
_pages/anatomy/muscles.md,"Hvor hurtigt forsvinder muskler, muskelmasse og muskelstyrke?",/atrofi-muskelmasse-muskelstyrke/
_pages/anatomy/muscles.md,forskellige metoder til hypertrofi,/hypertrofi-metoder/
_exercises/roning-foroverboejet-63.md,horisontal trækøvelse,/traekoevelser/
_exercises/roning-foroverboejet-63.md,varianter af rows,/rows/
_exercises/roning-foroverboejet-63.md,brede rygmuskel (latilssimus),/latissimus-dorsi/
_exercises/loeb-loebebaand-257.md,cardiomaskine,/bedste-cardiomaskiner/
_exercises/maveboejning-skraa-284.md,Mavebøjninger,/oevelse/maveboejning/
_exercises/maveboejning-skraa-284.md,mavetræning og maveøvelser,/maveoevelser/
_exercises/nordic-hamstring-12.md,glute ham raises,/oevelse/glute-ham-raises/
_exercises/mave-ovelse-rollout-499.md,ab wheel roll out på knæene,/oevelse/maveoevelse-hjul-rollout/
_exercises/mave-benloeft-283.md,flere øvelser til styrketræning af maven,/maveoevelser/
_exercises/squat.md,back squat med vægten på skuldrene,/oevelse/back-squat/
_exercises/squat.md,safety squat bar,/safety-bar-squats/
_exercises/squat.md,teknik i styrketræning,/rigtig-teknik-styrketraening/
_exercises/squat.md,teknik til back-squat,/oevelse/back-squat/
_exercises/squat.md,Stærk,/artikel/staerk-traeningsprogram/
_exercises/squat.md,Biomekanik i squat - prøv dine egne mål,/squat-biomekanik/
_exercises/squat.md,godkendte dybde for squat i styrkeløft,/styrkeloeft/squat/
_exercises/squat.md,Bulgarian Split Squats,/oevelse/bulgarian-split-squat/
_exercises/squat.md,forskellige lunges variationer,/lunges/
_exercises/squat.md,Pistol squat,/oevelse/pistol-squat/
_exercises/squat.md,back squat,/oevelse/back-squat/
_exercises/squat.md,front squat,/oevelse/front-squat/
_exercises/squat.md,goblet squat,/oevelse/goblet-squat/
_exercises/squat.md,benøvelser og bentræning,/benoevelser/
_exercises/squat.md,lunges,/lunges/
_exercises/squat.md,dødløft,/doedloeft/
_exercises/doedloeft-stivbenet-620.md,Romanian Deadlift,/oevelse/romanian-deadlift/
_exercises/mave-273.md,øvelsen mavebøjning,/oevelse/maveboejning/
_exercises/mave-273.md,øvelser til mavetræning,/maveoevelser/
_exercises/mave-273.md,Captains Chair på en stol eller bænk,/oevelse/maveoevelse-captains-chair/
_exercises/knae-fleksion-249.md,træning af dine baglår,/artikel/traener-du-dine-haser/
_exercises/knae-fleksion-249.md,rumænsk dødløft,/oevelse/romanian-deadlift/
_exercises/knae-fleksion-249.md,glute ham raises,/oevelse/glute-ham-raises/
_exercises/knae-fleksion-249.md,nordic hamstring,/oevelse/nordic-hamstring/
_exercises/doedloeft-sumo-40.md,Se vores guide til variationer af dødløft,/doedloeft/
_exercises/doedloeft-sumo-40.md,specifikke dødløft-regler,/styrkeloeft/doedloeft/
_exercises/lunges.md,fremfaldsskridt eller udfaldsskridt,/oevelse/lunges-dynamisk/
_exercises/lunges.md,tekniske tips til styrketræning,/rigtig-teknik-styrketraening/
_exercises/lunges.md,squat,/squat/
_exercises/traek-til-nakke-286.md,træk til bryst her,/oevelse/pulldown-traek-til-bryst/
_exercises/maveboejning-loeftede-foedder-282.md,mavebøjninger,/oevelse/maveboejning/
_exercises/maveboejning-loeftede-foedder-282.md,maveøvelser,/maveoevelser/
_exercises/maveoevelse-captains-chair-285.md,Captains Chair,/oevelse/captains-chair/
_exercises/maveoevelse-captains-chair-285.md,øvelsen mavebøjning,/oevelse/maveboejning/
_exercises/maveoevelse-captains-chair-285.md,øvelser til mavetræning,/maveoevelser/
_exercises/baenkpres-17.md,specifikke bænkpres-regler,/styrkeloeft/baenkpres/
_exercises/doedloeft.md,konventionel dødløft,/oevelse/konventionel-doedloeft/
_exercises/doedloeft.md,sumo dødløft,/oevelse/sumo-doedloeft/
_exercises/doedloeft.md,rumænsk dødløft,/oevelse/romanian-deadlift/
_exercises/doedloeft.md,stivbenet dødløft,/oevelse/doedloeft-stivbenet/
_exercises/doedloeft.md,teknik i styrketræning,/rigtig-teknik-styrketraening/
_exercises/doedloeft.md,rack pull,/oevelse/rackpull-0/
_exercises/doedloeft.md,etbens rumænsk dødløft,/oevelse/deadlift-one-leg/
_exercises/doedloeft.md,din stærkeste dødløft-variation i styrkeløft,/styrkeloeft/doedloeft/
_exercises/doedloeft.md,styrkeløft-konkurrence,/powerlifting-rules/
_exercises/doedloeft.md,grebet i konventionel dødløft,/oevelse/konventionel-doedloeft/
_exercises/doedloeft.md,Dødløft Teknik: Tips og tricks,/oevelse/konventionel-doedloeft/
_exercises/doedloeft.md,Konventionel vs. Sumo Dødløft: Hvilken skal du vælge?,/styrkeloeft/doedloeft/
_exercises/doedloeft.md,Biomekanik i dødløft (interaktiv model),/doedloeft-biomekanik/
_exercises/maveoevelse-stuart-mcgill-curlup-185.md,øvelsen mavebøjning,/oevelse/maveboejning/
_exercises/maveoevelse-stuart-mcgill-curlup-185.md,øvelser til mavetræning,/maveoevelser/
_exercises/maveoevelse-stuart-mcgill-curlup-185.md,Lær den korrekte McGill Curl-Up teknik og hele Big 3-serien her,/mcgill-big-3/
_exercises/roning-pendlay-rows.md,rows,/rows/
_exercises/roning-pendlay-rows.md,Ed Coans dødløftrutine til Mark Philippi,/ed-coan-doedloeft-cyklus/
_exercises/roning-pendlay-rows.md,varianter af rows,/rows/
_exercises/roning-pendlay-rows.md,bent over rows,/oevelse/bent-over-rows-bor/
_exercises/triceps-extension-albuestraek-429.md,"fransk pres eller skull crushers, så se her",/oevelse/triceps-fransk-pres/
_exercises/squat-med-hop-143.md,vores 1RM-beregner,/rm-beregner/
_exercises/biceps-curl-279.md,triceps extensions,/oevelse/triceps-extension/
_exercises/reverse-crunch-7.md,mavebøjninger,/oevelse/maveboejning/
_exercises/reverse-crunch-7.md,mavetræningsøvelser,/maveoevelser/
_exercises/udstraekning-af-triceps-174.md,triceps under vores anatomi guide,/triceps-brachii/
_exercises/stir-pot-183.md,planken,/oevelse/planken/
_exercises/gunthers-backextension-104.md,rygbøjninger og rygstrækninger på gulvet,/oevelse/rygstraekning/
_exercises/traek-til-bryst-62.md,træk til nakke her,/oevelse/traek-til-nakke/
_exercises/traek-til-bryst-62.md,"kropshævninger, pullups og chinups",/chinup-vs-pullup/
_exercises/traek-til-bryst-62.md,variationer af rows,/rows/
_exercises/hip-thrusters-leg-lift-635.md,hip thrust øvelsen,/oevelse/hip-thrusters/
_exercises/doedloeft-konventionel-55.md,varianter af dødløft i styrkeløft,/styrkeloeft/doedloeft/
_exercises/doedloeft-konventionel-55.md,mest kendte varianter af dødløft,/doedloeft/
_exercises/doedloeft-konventionel-55.md,sumo dødløft,/oevelse/sumo-doedloeft/
_exercises/doedloeft-konventionel-55.md,rumænsk dødløft,/oevelse/romanian-deadlift/
_exercises/doedloeft-konventionel-55.md,stivbenet dødløft,/oevelse/doedloeft-stivbenet/
_exercises/doedloeft-konventionel-55.md,teknik i styrketræning,/rigtig-teknik-styrketraening/
_exercises/doedloeft-konventionel-55.md,grebet i konventionel dødløft,/oevelse/konventionel-doedloeft/
_exercises/doedloeft-konventionel-55.md,Se vores guide til dødløft,/doedloeft/
_exercises/doedloeft-konventionel-55.md,specifikke dødløft-regler,/styrkeloeft/doedloeft/
_exercises/rygstraekning-0-299.md,rygstrækninger på skrå bænk,/oevelse/rygstraekning-skraa-baenk/
_exercises/rygstraekning-0-299.md,birddog,/oevelse/birddog/
_exercises/rygstraekning-0-299.md,rygøvelser,/rygoevelser/
_exercises/rygstraekning-0-299.md,rygmuskler,/muskler/ryggen/
_exercises/triceps-fransk-pres-262.md,triceps extension,/oevelse/triceps-extension/
_exercises/side-bridge-141.md,Læs hvordan du kombinerer Sideplank i den samlede McGill Big 3-protokol her,/mcgill-big-3/
_exercises/mave-hanging-leg-raise-508.md,toes to bar,/oevelse/toes-to-bar/
_exercises/roning-roergometer-241.md,cardiomaskine,/bedste-cardiomaskiner/
_exercises/doedloeft-romanian-43.md,goodmornings,/oevelse/goodmorning/
_exercises/doedloeft-romanian-43.md,goodmornings,/oevelse/goodmorning/
_exercises/rite-5-sael-og-omvendt-v-674.md,de fem tibetanere,/artikel/de-fem-tibetanere/
_exercises/squat-back-53.md,Se vores store squat-guide,/squat/
_exercises/squat-back-53.md,specifikke squat-regler og teknikker,/styrkeloeft/squat/
_exercises/rite-4-table-pose-673.md,de fem tibetanere,/artikel/de-fem-tibetanere/
_exercises/crosstrainer-255.md,cardiomaskine,/bedste-cardiomaskiner/
_exercises/facepull-rotation-48.md,rows,/rows/
_exercises/facepull-rotation-48.md,chinups og pullups,/chinup-vs-pullup/
_exercises/maverulning-med-boksning-667.md,flere øvelser til styrketræning af maven,/maveoevelser/
_exercises/maveoevelse-fra-bom-154.md,Hanging leg raises,/oevelse/mave-hanging-leg-raise/
_exercises/maveoevelse-fra-bom-154.md,øvelsen mavebøjning,/oevelse/maveboejning/
_exercises/maveoevelse-fra-bom-154.md,øvelser til mavetræning,/maveoevelser/
_exercises/dips-18.md,variation til bænkpres,/oevelse/baenkpres/
_exercises/kropshaevning-vandret-33.md,bænkpres,/oevelse/baenkpres/
_exercises/cykel-spinning-254.md,cardiomaskine,/bedste-cardiomaskiner/
_exercises/hammer-swings-152.md,Tabata-intervaller,/oevelse/tabata-intervaller/
_exercises/birddog-142.md,Se hvordan du bruger Bird-Dog sammen med resten af McGill Big 3 her,/mcgill-big-3/
_exercises/knae-extension-248.md,Squat,/squat/
_exercises/knae-extension-248.md,Front squat,/oevelse/front-squat/
_exercises/knae-extension-248.md,Bulgarsk split-squat,/oevelse/bulgarian-split-squat/
_exercises/burpees-237.md,konditionstræning,/konditionstraening/
_exercises/burpees-237.md,HIIT-træning,/hiit/
_exercises/cykel-kondicykel-256.md,cardiomaskine,/bedste-cardiomaskiner/
_exercises/rygstraekning-243.md,rygstrækninger på gulvet,/oevelse/rygstraekning/
_exercises/rygstraekning-243.md,Stivbenet dødløft,/oevelse/doedloeft-stivbenet/
_exercises/rygstraekning-243.md,Rumænsk dødløft,/oevelse/romanian-deadlift/
_exercises/rygstraekning-243.md,Good mornings,/oevelse/goodmorning/
_exercises/rite-2-maveoevelse-671.md,de fem tibetanere,/artikel/de-fem-tibetanere/
_exercises/glute-ham-raises-261.md,leg curl,/oevelse/leg-curls/
_exercises/glute-ham-raises-261.md,good morning,/oevelse/goodmorning/
_exercises/glute-ham-raises-261.md,Romanian Deadlift,/oevelse/romanian-deadlift/
_exercises/glute-ham-raises-261.md,Nordic hamstring her,/oevelse/nordic-hamstring/
_exercises/glute-ham-raises-261.md,Nordic hamstring,/oevelse/nordic-hamstring/
_exercises/squat-med-partner-87.md,squat,/oevelse/back-squat/
_exercises/push-press.md,military press,/oevelse/military-press/
_exercises/push-press.md,clean and jerk,/oevelse/traek-og-stoed-olympisk/
_exercises/military-press-56.md,push press,/oevelse/push-press/
_exercises/squat-vaegt-i-favnen-368.md,squatte dybt,/squat-dybt/
_exercises/squat-vaegt-i-favnen-368.md,benmusklerne,/muskler/ben/
_exercises/skulderpres-vaegte-266.md,military press,/oevelse/military-press/
_exercises/rite-1-drej-rundt-670.md,de fem tibetanere,/artikel/de-fem-tibetanere/
_exercises/rite-3-forlaar-672.md,de fem tibetanere,/artikel/de-fem-tibetanere/
_exercises/maveoevelse-hjul-rollout-280.md,Stående 'ab wheel out',/oevelse/ab-rollout-wheel/
_exercises/maveoevelse-hjul-rollout-280.md,lave øvelsen stående,/oevelse/ab-rollout-wheel/
_exercises/maveoevelse-hjul-rollout-280.md,øvelsen mavebøjning,/oevelse/maveboejning/
_exercises/maveoevelse-hjul-rollout-280.md,øvelser til mavetræning,/maveoevelser/
_exercises/maveboejning-281.md,restitution,/restitution/
_exercises/maveboejning-281.md,mavemusklerne,/muskler/mave/
_exercises/maveboejning-281.md,Læs vores komplette guide til McGill Big 3 og skånsom kernestabilitet her,/mcgill-big-3/
_exercises/maveboejning-281.md,mavemuskler,/muskler/mave/
_exercises/maveboejning-281.md,Skrå mavebøjning,/oevelse/maveboejning-skraa/
_exercises/maveboejning-281.md,Mavebøjninger med løftede fødder,/oevelse/maveboejning-loeftede-foedder/
_exercises/maveboejning-281.md,Curlup,/oevelse/maveoevelse-stuart-mcgill-curlup/
_exercises/maveboejning-281.md,planken,/oevelse/planken/
_exercises/maveboejning-281.md,stir the pot,/oevelse/stir-pot/
_exercises/maveboejning-281.md,Side bridge,/oevelse/side-bridge/
_exercises/maveboejning-281.md,Birddog,/oevelse/birddog/
_exercises/maveboejning-281.md,maveøvelser til træning af maven,/maveoevelser/
_exercises/tabata-intervaller-73.md,4 minutters hård intervaltræning er bedre end en times moderat løb,/artikel/tabata-traening-intervaller/
